user_id,product_id,action,timestamp
user_001,P072,view,2023-01-20 22:42:00
user_001,P083,view,2023-01-20 22:44:06
user_001,P088,view,2023-01-20 22:51:49
user_001,P022,view,2023-01-20 22:54:04
user_001,P030,view,2023-01-20 22:59:52
user_001,P060,view,2023-01-20 23:03:08
user_001,P058,view,2023-01-20 23:10:52
user_001,P091,view,2023-01-20 23:20:17
user_001,P060,view,2023-01-20 23:28:17
user_001,P062,click,2023-01-20 23:31:31
user_001,P055,add_to_cart,2023-01-20 23:40:58
user_001,P003,click,2023-01-20 23:49:27
user_001,P073,view,2023-01-20 23:49:52
user_001,P089,add_to_cart,2023-01-20 23:56:24
user_002,P084,view,2023-01-27 04:01:00
user_002,P044,view,2023-01-27 04:08:39
user_002,P078,view,2023-01-27 04:09:18
user_002,P004,view,2023-01-27 04:18:44
user_002,P054,view,2023-01-27 04:25:18
user_002,P063,click,2023-01-27 04:33:19
user_002,P034,view,2023-01-27 04:42:39
user_002,P095,add_to_cart,2023-01-27 04:47:13
user_002,P078,view,2023-01-27 04:54:53
user_002,P085,view,2023-01-27 04:59:53
user_002,P053,view,2023-01-27 05:05:35
user_002,P060,view,2023-01-27 05:09:16
user_002,P029,click,2023-01-27 05:10:01
user_002,P089,add_to_cart,2023-01-27 05:11:10
user_002,P001,view,2023-01-27 05:16:58
user_002,P063,click,2023-01-27 05:24:54
user_003,P005,add_to_cart,2023-01-03 10:32:00
user_003,P028,click,2023-01-03 10:32:45
user_003,P048,view,2023-01-03 10:33:22
user_003,P088,view,2023-01-03 10:43:00
user_003,P065,view,2023-01-03 10:52:11
user_003,P003,click,2023-01-03 10:59:57
user_003,P014,view,2023-01-03 11:03:39
user_003,P079,view,2023-01-03 11:10:16
user_003,P077,view,2023-01-03 11:19:34
user_003,P052,view,2023-01-03 11:23:39
user_003,P023,view,2023-01-03 11:31:48
user_003,P029,view,2023-01-03 11:34:43
user_003,P071,view,2023-01-03 11:37:27
user_003,P028,add_to_cart,2023-01-03 11:38:57
user_003,P062,view,2023-01-03 11:48:18
user_004,P062,view,2023-01-13 03:29:00
user_004,P092,view,2023-01-13 03:37:30
user_004,P097,view,2023-01-13 03:40:44
user_004,P062,view,2023-01-13 03:45:31
user_004,P070,view,2023-01-13 03:49:54
user_004,P037,view,2023-01-13 03:55:16
user_004,P044,view,2023-01-13 03:59:14
user_004,P032,view,2023-01-13 04:05:32
user_004,P052,view,2023-01-13 04:09:29
user_004,P058,add_to_cart,2023-01-13 04:17:50
user_004,P039,view,2023-01-13 04:26:24
user_004,P056,view,2023-01-13 04:28:21
user_004,P002,view,2023-01-13 04:30:18
user_004,P087,view,2023-01-13 04:39:48
user_004,P001,view,2023-01-13 04:43:37
user_004,P053,view,2023-01-13 04:45:51
user_004,P068,view,2023-01-13 04:52:51
user_004,P017,click,2023-01-13 04:55:59
user_004,P069,view,2023-01-13 05:00:43
user_005,P073,view,2023-01-16 23:32:00
user_005,P080,view,2023-01-16 23:37:30
user_005,P090,view,2023-01-16 23:44:17
user_005,P020,view,2023-01-16 23:46:48
user_005,P033,view,2023-01-16 23:55:01
user_005,P082,click,2023-01-17 00:04:16
user_005,P050,add_to_cart,2023-01-17 00:12:13
user_005,P099,view,2023-01-17 00:17:15
user_005,P090,add_to_cart,2023-01-17 00:19:43
user_005,P002,add_to_cart,2023-01-17 00:29:19
user_005,P012,view,2023-01-17 00:33:37
user_005,P009,view,2023-01-17 00:36:21
user_005,P003,click,2023-01-17 00:39:53
user_005,P033,view,2023-01-17 00:40:51
user_005,P072,click,2023-01-17 00:50:42
user_005,P084,view,2023-01-17 00:52:30
user_005,P089,view,2023-01-17 00:54:26
user_005,P066,view,2023-01-17 01:00:08
user_006,P048,click,2023-01-01 21:20:00
user_006,P007,click,2023-01-01 21:26:36
user_006,P048,view,2023-01-01 21:27:13
user_006,P022,view,2023-01-01 21:35:07
user_006,P051,click,2023-01-01 21:35:49
user_006,P027,click,2023-01-01 21:40:36
user_006,P064,click,2023-01-01 21:45:24
user_006,P035,click,2023-01-01 21:54:04
user_006,P017,add_to_cart,2023-01-01 22:02:40
user_006,P093,view,2023-01-01 22:05:22
user_006,P099,click,2023-01-01 22:14:04
user_007,P099,add_to_cart,2023-01-15 04:30:00
user_007,P063,view,2023-01-15 04:32:00
user_007,P067,view,2023-01-15 04:34:45
user_007,P058,add_to_cart,2023-01-15 04:44:15
user_007,P047,add_to_cart,2023-01-15 04:49:07
user_007,P002,view,2023-01-15 04:51:46
user_007,P033,view,2023-01-15 04:53:34
user_007,P048,view,2023-01-15 04:57:44
user_007,P099,view,2023-01-15 05:06:46
user_007,P013,view,2023-01-15 05:13:38
user_007,P045,view,2023-01-15 05:14:18
user_007,P016,view,2023-01-15 05:22:54
user_007,P015,view,2023-01-15 05:30:49
user_007,P025,view,2023-01-15 05:31:44
user_007,P022,view,2023-01-15 05:34:58
user_007,P049,view,2023-01-15 05:40:44
user_007,P060,view,2023-01-15 05:41:42
user_007,P053,view,2023-01-15 05:46:10
user_007,P068,click,2023-01-15 05:46:19
user_007,P047,view,2023-01-15 05:52:13
user_007,P030,view,2023-01-15 05:56:46
user_007,P063,view,2023-01-15 05:58:50
user_007,P055,view,2023-01-15 05:59:52
user_007,P062,click,2023-01-15 06:07:50
user_008,P001,view,2023-01-21 08:57:00
user_008,P048,view,2023-01-21 08:58:40
user_008,P001,add_to_cart,2023-01-21 09:02:41
user_008,P069,view,2023-01-21 09:10:12
user_008,P067,view,2023-01-21 09:14:23
user_008,P086,view,2023-01-21 09:21:42
user_008,P069,view,2023-01-21 09:25:26
user_008,P062,click,2023-01-21 09:27:04
user_008,P016,view,2023-01-21 09:30:32
user_008,P085,view,2023-01-21 09:37:48
user_008,P094,view,2023-01-21 09:42:41
user_008,P069,click,2023-01-21 09:51:27
user_008,P095,view,2023-01-21 09:54:31
user_008,P096,click,2023-01-21 10:01:57
user_008,P004,view,2023-01-21 10:07:26
user_008,P002,view,2023-01-21 10:13:06
user_008,P091,click,2023-01-21 10:15:50
user_008,P033,view,2023-01-21 10:22:14
user_008,P012,view,2023-01-21 10:29:25
user_009,P029,view,2023-01-10 18:43:00
user_009,P002,view,2023-01-10 18:48:06
user_009,P087,view,2023-01-10 18:48:45
user_009,P007,view,2023-01-10 18:55:47
user_009,P075,click,2023-01-10 19:04:12
user_009,P089,click,2023-01-10 19:11:16
user_009,P073,view,2023-01-10 19:17:54
user_009,P036,view,2023-01-10 19:19:37
user_009,P024,click,2023-01-10 19:21:17
user_009,P012,view,2023-01-10 19:21:58
user_009,P023,click,2023-01-10 19:30:47
user_009,P062,view,2023-01-10 19:35:24
user_009,P013,click,2023-01-10 19:41:10
user_009,P100,view,2023-01-10 19:44:11
user_009,P019,view,2023-01-10 19:48:08
user_010,P016,view,2023-01-21 02:57:00
user_010,P012,view,2023-01-21 02:58:43
user_010,P100,add_to_cart,2023-01-21 03:06:36
user_010,P057,view,2023-01-21 03:09:04
user_010,P058,view,2023-01-21 03:09:50
user_010,P005,click,2023-01-21 03:13:37
user_010,P075,view,2023-01-21 03:17:36
user_010,P009,click,2023-01-21 03:27:28
user_010,P017,view,2023-01-21 03:35:44
user_010,P046,click,2023-01-21 03:44:27
user_010,P009,click,2023-01-21 03:47:21
user_010,P005,view,2023-01-21 03:50:39
user_010,P083,view,2023-01-21 03:57:45
user_010,P065,click,2023-01-21 04:03:54
user_010,P071,add_to_cart,2023-01-21 04:12:29
user_010,P036,view,2023-01-21 04:14:45
user_010,P019,click,2023-01-21 04:21:44
user_010,P039,view,2023-01-21 04:24:50
user_010,P039,view,2023-01-21 04:33:45
user_010,P013,view,2023-01-21 04:36:42
user_010,P020,view,2023-01-21 04:37:44
user_011,P092,add_to_cart,2023-01-01 10:12:00
user_011,P025,click,2023-01-01 10:15:15
user_011,P006,click,2023-01-01 10:17:16
user_011,P061,view,2023-01-01 10:20:13
user_011,P085,add_to_cart,2023-01-01 10:21:37
user_011,P036,view,2023-01-01 10:25:30
user_011,P057,view,2023-01-01 10:34:26
user_011,P049,view,2023-01-01 10:38:23
user_011,P001,view,2023-01-01 10:45:22
user_011,P016,click,2023-01-01 10:49:45
user_011,P074,add_to_cart,2023-01-01 10:50:01
user_011,P076,view,2023-01-01 10:56:03
user_011,P008,view,2023-01-01 11:02:20
user_011,P008,view,2023-01-01 11:03:54
user_012,P063,view,2023-01-09 11:26:00
user_012,P092,view,2023-01-09 11:33:45
user_012,P035,click,2023-01-09 11:43:07
user_012,P069,view,2023-01-09 11:53:05
user_012,P010,add_to_cart,2023-01-09 12:00:39
user_012,P005,view,2023-01-09 12:04:45
user_012,P065,view,2023-01-09 12:11:03
user_012,P049,view,2023-01-09 12:15:06
user_012,P063,view,2023-01-09 12:19:52
user_012,P033,view,2023-01-09 12:27:37
user_012,P001,view,2023-01-09 12:29:20
user_012,P092,click,2023-01-09 12:38:02
user_013,P074,view,2023-01-21 12:09:00
user_013,P078,view,2023-01-21 12:10:29
user_013,P051,view,2023-01-21 12:10:34
user_013,P065,view,2023-01-21 12:18:04
user_013,P092,view,2023-01-21 12:18:42
user_013,P026,view,2023-01-21 12:27:57
user_013,P003,view,2023-01-21 12:35:19
user_013,P065,view,2023-01-21 12:39:51
user_013,P094,click,2023-01-21 12:46:24
user_013,P047,view,2023-01-21 12:53:09
user_013,P085,view,2023-01-21 12:57:02
user_013,P051,add_to_cart,2023-01-21 12:58:21
user_014,P051,add_to_cart,2023-01-18 22:26:00
user_014,P038,view,2023-01-18 22:31:12
user_014,P030,view,2023-01-18 22:36:51
user_014,P081,add_to_cart,2023-01-18 22:46:18
user_014,P056,click,2023-01-18 22:48:40
user_014,P084,view,2023-01-18 22:57:12
user_014,P006,view,2023-01-18 23:06:22
user_014,P043,view,2023-01-18 23:09:51
user_014,P023,view,2023-01-18 23:11:46
user_015,P004,view,2023-01-22 23:07:00
user_015,P067,click,2023-01-22 23:11:45
user_015,P032,view,2023-01-22 23:13:22
user_015,P019,click,2023-01-22 23:14:17
user_015,P092,view,2023-01-22 23:22:07
user_015,P021,view,2023-01-22 23:31:05
user_015,P012,view,2023-01-22 23:35:02
user_015,P049,view,2023-01-22 23:44:12
user_015,P026,click,2023-01-22 23:45:29
user_015,P086,view,2023-01-22 23:47:34
user_015,P063,view,2023-01-22 23:53:28
user_015,P026,click,2023-01-22 23:59:09
user_015,P099,view,2023-01-22 23:59:21
user_015,P056,view,2023-01-23 00:04:28
user_015,P028,view,2023-01-23 00:12:26
user_015,P002,click,2023-01-23 00:16:06
user_015,P059,view,2023-01-23 00:24:56
user_015,P003,click,2023-01-23 00:25:07
user_016,P038,view,2023-01-28 20:17:00
user_016,P064,view,2023-01-28 20:17:19
user_016,P028,view,2023-01-28 20:25:28
user_016,P086,view,2023-01-28 20:30:05
user_016,P017,view,2023-01-28 20:39:06
user_016,P068,view,2023-01-28 20:39:35
user_016,P018,view,2023-01-28 20:43:32
user_016,P086,view,2023-01-28 20:45:27
user_016,P083,view,2023-01-28 20:51:40
user_016,P052,view,2023-01-28 21:00:22
user_016,P056,view,2023-01-28 21:07:49
user_016,P033,view,2023-01-28 21:14:10
user_016,P070,view,2023-01-28 21:18:51
user_016,P094,view,2023-01-28 21:27:31
user_016,P095,view,2023-01-28 21:33:25
user_016,P003,view,2023-01-28 21:35:46
user_016,P036,add_to_cart,2023-01-28 21:36:30
user_016,P066,view,2023-01-28 21:36:40
user_016,P004,view,2023-01-28 21:37:59
user_016,P094,view,2023-01-28 21:40:01
user_016,P057,click,2023-01-28 21:49:39
user_016,P026,view,2023-01-28 21:56:15
user_017,P019,view,2023-01-07 05:03:00
user_017,P012,view,2023-01-07 05:11:56
user_017,P014,view,2023-01-07 05:13:30
user_017,P100,view,2023-01-07 05:15:53
user_017,P033,view,2023-01-07 05:20:16
user_017,P005,view,2023-01-07 05:20:30
user_017,P002,view,2023-01-07 05:23:26
user_017,P063,view,2023-01-07 05:28:51
user_017,P035,view,2023-01-07 05:38:05
user_017,P062,click,2023-01-07 05:47:50
user_017,P075,add_to_cart,2023-01-07 05:53:28
user_017,P099,view,2023-01-07 06:03:20
user_018,P014,click,2023-01-11 16:36:00
user_018,P085,view,2023-01-11 16:40:55
user_018,P078,view,2023-01-11 16:47:18
user_018,P089,click,2023-01-11 16:49:34
user_018,P018,click,2023-01-11 16:51:07
user_018,P014,click,2023-01-11 16:56:06
user_018,P097,click,2023-01-11 17:03:12
user_018,P097,view,2023-01-11 17:05:39
user_018,P066,view,2023-01-11 17:09:28
user_018,P051,view,2023-01-11 17:11:16
user_018,P006,view,2023-01-11 17:14:38
user_018,P072,view,2023-01-11 17:17:41
user_018,P015,click,2023-01-11 17:26:05
user_018,P094,click,2023-01-11 17:30:58
user_018,P029,view,2023-01-11 17:38:02
user_019,P068,view,2023-01-28 06:32:00
user_019,P005,click,2023-01-28 06:40:46
user_019,P038,view,2023-01-28 06:42:48
user_019,P088,view,2023-01-28 06:46:40
user_019,P029,view,2023-01-28 06:46:59
user_019,P047,view,2023-01-28 06:49:40
user_019,P027,view,2023-01-28 06:51:54
user_019,P026,view,2023-01-28 06:56:50
user_019,P020,view,2023-01-28 06:58:03
user_019,P006,view,2023-01-28 07:07:17
user_019,P046,view,2023-01-28 07:13:07
user_019,P013,view,2023-01-28 07:16:49
user_020,P043,add_to_cart,2023-01-15 15:59:00
user_020,P068,click,2023-01-15 16:05:00
user_020,P092,view,2023-01-15 16:07:11
user_020,P029,view,2023-01-15 16:08:06
user_020,P086,add_to_cart,2023-01-15 16:13:07
user_020,P090,click,2023-01-15 16:19:56
user_020,P087,add_to_cart,2023-01-15 16:23:02
user_020,P040,view,2023-01-15 16:32:33
user_021,P052,click,2023-01-21 16:09:00
user_021,P025,click,2023-01-21 16:18:39
user_021,P007,view,2023-01-21 16:25:09
user_021,P091,view,2023-01-21 16:32:11
user_021,P054,view,2023-01-21 16:35:14
user_021,P070,view,2023-01-21 16:38:18
user_021,P049,click,2023-01-21 16:41:03
user_021,P085,view,2023-01-21 16:43:43
user_021,P049,view,2023-01-21 16:45:11
user_021,P092,view,2023-01-21 16:50:57
user_021,P049,view,2023-01-21 16:57:01
user_021,P094,click,2023-01-21 16:59:26
user_021,P032,view,2023-01-21 17:04:48
user_021,P045,view,2023-01-21 17:09:57
user_021,P040,view,2023-01-21 17:12:25
user_021,P047,view,2023-01-21 17:22:19
user_022,P063,view,2023-01-18 13:50:00
user_022,P029,view,2023-01-18 13:54:28
user_022,P083,view,2023-01-18 14:02:10
user_022,P097,view,2023-01-18 14:08:34
user_022,P032,click,2023-01-18 14:16:34
user_022,P008,view,2023-01-18 14:22:27
user_022,P072,view,2023-01-18 14:29:54
user_022,P067,click,2023-01-18 14:33:57
user_022,P034,click,2023-01-18 14:38:25
user_022,P078,view,2023-01-18 14:39:57
user_022,P016,view,2023-01-18 14:48:12
user_022,P054,view,2023-01-18 14:51:01
user_022,P074,view,2023-01-18 14:51:12
user_022,P085,view,2023-01-18 14:53:47
user_022,P019,view,2023-01-18 15:00:12
user_022,P002,add_to_cart,2023-01-18 15:01:38
user_022,P002,view,2023-01-18 15:10:25
user_022,P012,click,2023-01-18 15:12:28
user_022,P094,view,2023-01-18 15:16:48
user_022,P044,view,2023-01-18 15:17:45
user_022,P086,click,2023-01-18 15:26:15
user_022,P074,view,2023-01-18 15:36:12
user_022,P087,click,2023-01-18 15:37:15
user_022,P081,view,2023-01-18 15:39:14
user_023,P022,click,2023-01-13 14:08:00
user_023,P026,view,2023-01-13 14:08:08
user_023,P098,view,2023-01-13 14:10:01
user_023,P070,add_to_cart,2023-01-13 14:11:20
user_023,P100,view,2023-01-13 14:12:06
user_023,P017,view,2023-01-13 14:12:44
user_023,P076,view,2023-01-13 14:19:06
user_023,P085,view,2023-01-13 14:24:52
user_023,P006,click,2023-01-13 14:29:43
user_024,P010,add_to_cart,2023-01-26 04:06:00
user_024,P062,view,2023-01-26 04:14:00
user_024,P002,view,2023-01-26 04:23:40
user_024,P065,view,2023-01-26 04:29:47
user_024,P026,view,2023-01-26 04:34:43
user_024,P011,view,2023-01-26 04:39:43
user_024,P059,view,2023-01-26 04:41:40
user_024,P054,view,2023-01-26 04:45:31
user_024,P069,view,2023-01-26 04:52:21
user_024,P020,view,2023-01-26 05:01:33
user_024,P081,view,2023-01-26 05:05:41
user_024,P098,view,2023-01-26 05:11:50
user_024,P073,view,2023-01-26 05:19:24
user_024,P001,view,2023-01-26 05:19:45
user_024,P025,view,2023-01-26 05:20:31
user_024,P044,add_to_cart,2023-01-26 05:22:46
user_024,P098,view,2023-01-26 05:24:32
user_024,P059,add_to_cart,2023-01-26 05:25:20
user_024,P074,view,2023-01-26 05:25:41
user_024,P047,view,2023-01-26 05:34:02
user_025,P080,click,2023-01-22 00:22:00
user_025,P082,view,2023-01-22 00:31:01
user_025,P026,view,2023-01-22 00:40:36
user_025,P047,view,2023-01-22 00:49:38
user_025,P071,add_to_cart,2023-01-22 00:49:58
user_025,P007,view,2023-01-22 00:51:28
user_025,P009,view,2023-01-22 01:00:11
user_025,P059,add_to_cart,2023-01-22 01:08:33
user_025,P095,click,2023-01-22 01:18:31
user_025,P059,click,2023-01-22 01:25:17
user_025,P014,view,2023-01-22 01:29:54
user_025,P045,view,2023-01-22 01:33:06
user_025,P040,view,2023-01-22 01:36:01
user_025,P039,view,2023-01-22 01:42:09
user_025,P004,click,2023-01-22 01:50:30
user_026,P042,click,2023-01-01 23:44:00
user_026,P055,view,2023-01-01 23:51:34
user_026,P030,view,2023-01-02 00:00:44
user_026,P018,add_to_cart,2023-01-02 00:03:09
user_026,P046,view,2023-01-02 00:03:52
user_026,P062,view,2023-01-02 00:11:53
user_026,P056,view,2023-01-02 00:16:29
user_026,P010,view,2023-01-02 00:22:50
user_026,P084,click,2023-01-02 00:28:53
user_026,P045,view,2023-01-02 00:29:00
user_026,P018,view,2023-01-02 00:34:28
user_026,P065,add_to_cart,2023-01-02 00:41:44
user_026,P015,view,2023-01-02 00:51:33
user_026,P068,view,2023-01-02 00:57:21
user_026,P043,view,2023-01-02 00:58:26
user_026,P063,add_to_cart,2023-01-02 01:05:50
user_026,P062,view,2023-01-02 01:06:05
user_026,P071,add_to_cart,2023-01-02 01:08:42
user_026,P072,add_to_cart,2023-01-02 01:18:17
user_026,P054,view,2023-01-02 01:27:56
user_026,P074,view,2023-01-02 01:36:13
user_026,P041,view,2023-01-02 01:39:55
user_026,P006,click,2023-01-02 01:44:18
user_026,P047,view,2023-01-02 01:45:16
user_026,P099,view,2023-01-02 01:54:01
user_027,P062,add_to_cart,2023-01-04 01:17:00
user_027,P032,view,2023-01-04 01:17:07
user_027,P089,view,2023-01-04 01:19:11
user_027,P098,view,2023-01-04 01:25:12
user_027,P092,view,2023-01-04 01:30:39
user_027,P025,click,2023-01-04 01:33:58
user_027,P009,view,2023-01-04 01:36:52
user_027,P005,click,2023-01-04 01:45:53
user_027,P088,view,2023-01-04 01:49:43
user_027,P072,view,2023-01-04 01:50:25
user_027,P090,view,2023-01-04 01:53:25
user_027,P060,view,2023-01-04 01:54:06
user_027,P040,click,2023-01-04 02:04:03
user_027,P093,add_to_cart,2023-01-04 02:09:25
user_027,P056,view,2023-01-04 02:14:52
user_027,P091,click,2023-01-04 02:15:36
user_027,P006,view,2023-01-04 02:20:29
user_028,P059,view,2023-01-28 08:58:00
user_028,P045,view,2023-01-28 09:04:07
user_028,P100,view,2023-01-28 09:07:01
user_028,P060,view,2023-01-28 09:14:07
user_028,P058,view,2023-01-28 09:23:28
user_028,P023,view,2023-01-28 09:24:03
user_028,P053,click,2023-01-28 09:30:10
user_028,P100,view,2023-01-28 09:31:36
user_028,P093,view,2023-01-28 09:41:29
user_028,P013,view,2023-01-28 09:45:17
user_028,P017,view,2023-01-28 09:47:14
user_028,P088,click,2023-01-28 09:54:46
user_028,P083,click,2023-01-28 10:00:16
user_028,P096,click,2023-01-28 10:10:06
user_028,P060,view,2023-01-28 10:17:02
user_029,P068,view,2023-01-20 11:49:00
user_029,P012,view,2023-01-20 11:49:21
user_029,P090,view,2023-01-20 11:49:47
user_029,P050,add_to_cart,2023-01-20 11:53:21
user_029,P076,click,2023-01-20 11:58:10
user_029,P052,click,2023-01-20 12:02:01
user_029,P029,view,2023-01-20 12:02:12
user_029,P032,click,2023-01-20 12:03:35
user_029,P087,view,2023-01-20 12:13:09
user_029,P098,add_to_cart,2023-01-20 12:20:23
user_029,P013,click,2023-01-20 12:22:06
user_030,P078,view,2023-01-20 09:46:00
user_030,P027,click,2023-01-20 09:53:43
user_030,P056,view,2023-01-20 10:00:09
user_030,P047,view,2023-01-20 10:00:34
user_030,P006,click,2023-01-20 10:02:02
user_030,P003,view,2023-01-20 10:09:39
user_030,P038,view,2023-01-20 10:19:13
user_030,P064,click,2023-01-20 10:22:00
user_030,P018,click,2023-01-20 10:30:48
user_030,P027,add_to_cart,2023-01-20 10:34:20
user_030,P089,click,2023-01-20 10:41:34
user_030,P008,click,2023-01-20 10:46:47
user_030,P071,view,2023-01-20 10:56:13
user_030,P060,add_to_cart,2023-01-20 11:05:13
user_030,P015,view,2023-01-20 11:14:35
user_030,P071,view,2023-01-20 11:18:05
user_030,P084,view,2023-01-20 11:22:05
user_030,P002,click,2023-01-20 11:30:30
user_031,P018,view,2023-01-17 15:20:00
user_031,P095,click,2023-01-17 15:25:42
user_031,P045,click,2023-01-17 15:25:57
user_031,P041,view,2023-01-17 15:27:43
user_031,P051,view,2023-01-17 15:31:21
user_031,P076,add_to_cart,2023-01-17 15:38:06
user_031,P080,view,2023-01-17 15:45:53
user_031,P020,view,2023-01-17 15:47:29
user_031,P097,view,2023-01-17 15:51:35
user_031,P026,view,2023-01-17 16:01:28
user_031,P038,view,2023-01-17 16:04:46
user_031,P015,view,2023-01-17 16:06:52
user_031,P049,add_to_cart,2023-01-17 16:14:04
user_031,P067,click,2023-01-17 16:19:25
user_031,P006,view,2023-01-17 16:19:38
user_031,P032,view,2023-01-17 16:23:25
user_031,P072,click,2023-01-17 16:27:53
user_031,P084,view,2023-01-17 16:33:15
user_031,P007,view,2023-01-17 16:37:30
user_031,P004,view,2023-01-17 16:41:02
user_032,P075,click,2023-01-09 17:13:00
user_032,P087,view,2023-01-09 17:13:16
user_032,P045,view,2023-01-09 17:22:17
user_032,P055,view,2023-01-09 17:24:48
user_032,P055,view,2023-01-09 17:30:01
user_032,P070,click,2023-01-09 17:39:59
user_032,P096,view,2023-01-09 17:49:12
user_032,P003,view,2023-01-09 17:50:15
user_032,P061,view,2023-01-09 17:50:54
user_032,P097,click,2023-01-09 17:54:25
user_033,P060,view,2023-01-04 19:19:00
user_033,P098,view,2023-01-04 19:26:04
user_033,P079,add_to_cart,2023-01-04 19:35:46
user_033,P042,add_to_cart,2023-01-04 19:40:45
user_033,P012,view,2023-01-04 19:43:55
user_033,P040,click,2023-01-04 19:52:49
user_033,P100,add_to_cart,2023-01-04 20:01:33
user_033,P044,view,2023-01-04 20:06:35
user_033,P037,click,2023-01-04 20:06:41
user_033,P062,view,2023-01-04 20:15:58
user_033,P014,view,2023-01-04 20:22:23
user_033,P002,view,2023-01-04 20:23:51
user_034,P065,click,2023-01-03 12:04:00
user_034,P023,view,2023-01-03 12:09:05
user_034,P010,view,2023-01-03 12:15:44
user_034,P080,view,2023-01-03 12:20:18
user_034,P001,view,2023-01-03 12:26:23
user_034,P057,view,2023-01-03 12:35:00
user_034,P037,view,2023-01-03 12:39:48
user_034,P037,click,2023-01-03 12:43:16
user_034,P056,view,2023-01-03 12:52:36
user_035,P037,add_to_cart,2023-01-14 09:08:00
user_035,P035,view,2023-01-14 09:08:05
user_035,P069,view,2023-01-14 09:09:08
user_035,P012,view,2023-01-14 09:12:38
user_035,P088,view,2023-01-14 09:16:44
user_035,P098,view,2023-01-14 09:18:54
user_035,P039,view,2023-01-14 09:22:03
user_035,P043,view,2023-01-14 09:30:22
user_035,P038,view,2023-01-14 09:37:34
user_035,P045,view,2023-01-14 09:44:02
user_035,P008,add_to_cart,2023-01-14 09:50:21
user_035,P008,view,2023-01-14 09:52:34
user_035,P005,add_to_cart,2023-01-14 09:58:36
user_035,P034,view,2023-01-14 10:01:35
user_035,P090,view,2023-01-14 10:03:38
user_035,P082,view,2023-01-14 10:10:36
user_035,P076,view,2023-01-14 10:15:43
user_035,P046,add_to_cart,2023-01-14 10:21:32
user_035,P019,add_to_cart,2023-01-14 10:21:37
user_035,P048,view,2023-01-14 10:22:34
user_035,P066,add_to_cart,2023-01-14 10:26:18
user_035,P073,click,2023-01-14 10:35:57
user_035,P048,click,2023-01-14 10:37:30
user_035,P031,click,2023-01-14 10:47:23
user_035,P098,view,2023-01-14 10:52:51
user_036,P098,click,2023-01-07 02:05:00
user_036,P083,click,2023-01-07 02:09:43
user_036,P054,view,2023-01-07 02:15:31
user_036,P076,view,2023-01-07 02:16:40
user_036,P021,view,2023-01-07 02:19:07
user_036,P033,view,2023-01-07 02:27:04
user_036,P035,view,2023-01-07 02:35:25
user_036,P099,view,2023-01-07 02:39:56
user_036,P085,click,2023-01-07 02:40:03
user_036,P070,add_to_cart,2023-01-07 02:47:37
user_036,P026,view,2023-01-07 02:51:22
user_037,P044,view,2023-01-16 12:14:00
user_037,P048,view,2023-01-16 12:14:47
user_037,P043,view,2023-01-16 12:23:09
user_037,P080,view,2023-01-16 12:30:00
user_037,P015,view,2023-01-16 12:32:08
user_037,P015,view,2023-01-16 12:33:03
user_037,P086,view,2023-01-16 12:35:28
user_037,P068,view,2023-01-16 12:41:06
user_037,P027,add_to_cart,2023-01-16 12:50:34
user_038,P036,click,2023-01-08 23:41:00
user_038,P049,add_to_cart,2023-01-08 23:41:06
user_038,P089,view,2023-01-08 23:42:40
user_038,P095,click,2023-01-08 23:47:07
user_038,P013,view,2023-01-08 23:47:50
user_038,P042,view,2023-01-08 23:53:06
user_038,P084,view,2023-01-08 23:53:46
user_038,P044,view,2023-01-09 00:00:15
user_038,P047,add_to_cart,2023-01-09 00:06:21
user_038,P021,click,2023-01-09 00:08:23
user_039,P042,add_to_cart,2023-01-15 17:23:00
user_039,P026,view,2023-01-15 17:23:53
user_039,P050,click,2023-01-15 17:33:37
user_039,P039,view,2023-01-15 17:34:41
user_039,P019,view,2023-01-15 17:37:11
user_039,P069,view,2023-01-15 17:44:34
user_039,P098,view,2023-01-15 17:52:41
user_039,P037,view,2023-01-15 17:59:57
user_039,P032,view,2023-01-15 18:07:36
user_039,P077,view,2023-01-15 18:17:30
user_039,P025,add_to_cart,2023-01-15 18:21:48
user_039,P085,view,2023-01-15 18:26:15
user_039,P039,click,2023-01-15 18:35:33
user_039,P024,view,2023-01-15 18:43:16
user_039,P068,click,2023-01-15 18:52:11
user_039,P032,view,2023-01-15 19:01:29
user_040,P003,view,2023-01-05 08:35:00
user_040,P070,view,2023-01-05 08:40:57
user_040,P060,view,2023-01-05 08:50:22
user_040,P044,view,2023-01-05 08:59:03
user_040,P008,click,2023-01-05 09:01:36
user_040,P067,view,2023-01-05 09:11:02
user_040,P058,view,2023-01-05 09:17:27
user_040,P087,view,2023-01-05 09:19:41
user_040,P035,click,2023-01-05 09:23:14
user_040,P008,view,2023-01-05 09:25:14
user_040,P036,add_to_cart,2023-01-05 09:32:40
user_040,P031,click,2023-01-05 09:40:41
user_040,P080,view,2023-01-05 09:45:56
user_040,P016,view,2023-01-05 09:46:55
user_040,P012,add_to_cart,2023-01-05 09:53:39
user_041,P092,add_to_cart,2023-01-30 20:22:00
user_041,P084,add_to_cart,2023-01-30 20:30:41
user_041,P065,click,2023-01-30 20:36:49
user_041,P084,view,2023-01-30 20:39:22
user_041,P032,view,2023-01-30 20:47:02
user_041,P038,view,2023-01-30 20:54:46
user_041,P014,view,2023-01-30 21:03:19
user_041,P066,view,2023-01-30 21:05:17
user_041,P075,click,2023-01-30 21:12:50
user_041,P026,view,2023-01-30 21:19:41
user_041,P006,add_to_cart,2023-01-30 21:24:56
user_041,P086,view,2023-01-30 21:27:23
user_041,P012,add_to_cart,2023-01-30 21:31:31
user_041,P038,click,2023-01-30 21:32:17
user_041,P088,view,2023-01-30 21:34:59
user_041,P006,view,2023-01-30 21:42:45
user_041,P052,click,2023-01-30 21:42:56
user_041,P021,view,2023-01-30 21:49:39
user_041,P035,view,2023-01-30 21:51:53
user_041,P025,view,2023-01-30 21:56:23
user_041,P054,view,2023-01-30 22:00:40
user_041,P014,view,2023-01-30 22:02:19
user_041,P054,click,2023-01-30 22:07:59
user_042,P025,view,2023-01-03 16:05:00
user_042,P008,view,2023-01-03 16:13:06
user_042,P079,add_to_cart,2023-01-03 16:22:07
user_042,P032,view,2023-01-03 16:22:23
user_042,P013,add_to_cart,2023-01-03 16:23:59
user_042,P018,view,2023-01-03 16:32:55
user_042,P006,view,2023-01-03 16:40:26
user_042,P002,view,2023-01-03 16:41:13
user_042,P031,view,2023-01-03 16:49:04
user_042,P034,view,2023-01-03 16:56:55
user_043,P073,view,2023-01-19 07:14:00
user_043,P021,view,2023-01-19 07:15:43
user_043,P007,view,2023-01-19 07:18:57
user_043,P004,add_to_cart,2023-01-19 07:23:21
user_043,P052,view,2023-01-19 07:25:06
user_043,P038,view,2023-01-19 07:32:10
user_043,P063,view,2023-01-19 07:33:17
user_043,P007,view,2023-01-19 07:41:24
user_043,P071,click,2023-01-19 07:50:14
user_043,P055,view,2023-01-19 07:58:48
user_043,P079,view,2023-01-19 08:05:37
user_043,P058,view,2023-01-19 08:13:32
user_043,P013,view,2023-01-19 08:14:41
user_043,P085,view,2023-01-19 08:18:47
user_043,P032,view,2023-01-19 08:21:44
user_043,P060,view,2023-01-19 08:30:05
user_043,P055,view,2023-01-19 08:35:17
user_043,P068,click,2023-01-19 08:43:51
user_044,P052,click,2023-01-03 16:28:00
user_044,P021,add_to_cart,2023-01-03 16:37:18
user_044,P064,click,2023-01-03 16:39:07
user_044,P041,view,2023-01-03 16:45:44
user_044,P048,view,2023-01-03 16:55:20
user_044,P058,view,2023-01-03 16:55:34
user_044,P021,click,2023-01-03 16:59:30
user_044,P049,view,2023-01-03 17:02:54
user_044,P083,view,2023-01-03 17:05:51
user_044,P087,view,2023-01-03 17:13:24
user_044,P087,click,2023-01-03 17:16:48
user_044,P024,view,2023-01-03 17:24:07
user_044,P005,view,2023-01-03 17:24:28
user_044,P058,view,2023-01-03 17:28:24
user_044,P011,add_to_cart,2023-01-03 17:32:16
user_045,P058,view,2023-01-20 02:42:00
user_045,P096,view,2023-01-20 02:47:54
user_045,P038,view,2023-01-20 02:50:16
user_045,P092,click,2023-01-20 02:56:28
user_045,P025,add_to_cart,2023-01-20 03:02:32
user_045,P050,view,2023-01-20 03:10:19
user_045,P068,click,2023-01-20 03:16:45
user_045,P089,view,2023-01-20 03:19:38
user_045,P010,click,2023-01-20 03:22:52
user_045,P002,view,2023-01-20 03:31:04
user_045,P095,view,2023-01-20 03:33:48
user_045,P098,view,2023-01-20 03:38:40
user_045,P040,view,2023-01-20 03:43:17
user_045,P059,view,2023-01-20 03:51:29
user_046,P021,view,2023-01-19 21:48:00
user_046,P094,click,2023-01-19 21:57:08
user_046,P012,add_to_cart,2023-01-19 22:05:29
user_046,P021,click,2023-01-19 22:14:23
user_046,P007,view,2023-01-19 22:19:29
user_046,P086,click,2023-01-19 22:22:56
user_046,P022,view,2023-01-19 22:28:45
user_046,P002,view,2023-01-19 22:36:35
user_046,P052,click,2023-01-19 22:44:22
user_046,P023,click,2023-01-19 22:52:09
user_046,P022,view,2023-01-19 22:59:54
user_046,P056,view,2023-01-19 23:05:51
user_046,P023,view,2023-01-19 23:06:14
user_046,P025,click,2023-01-19 23:08:06
user_046,P008,view,2023-01-19 23:10:01
user_046,P001,click,2023-01-19 23:19:49
user_046,P065,view,2023-01-19 23:28:28
user_046,P096,click,2023-01-19 23:36:35
user_046,P089,view,2023-01-19 23:44:50
user_047,P013,view,2023-01-27 09:40:00
user_047,P090,click,2023-01-27 09:43:58
user_047,P081,view,2023-01-27 09:44:14
user_047,P053,view,2023-01-27 09:51:16
user_047,P016,view,2023-01-27 10:01:07
user_047,P056,view,2023-01-27 10:02:21
user_047,P004,click,2023-01-27 10:04:37
user_047,P099,view,2023-01-27 10:13:37
user_047,P054,view,2023-01-27 10:21:30
user_047,P074,view,2023-01-27 10:28:19
user_047,P057,view,2023-01-27 10:31:31
user_047,P071,view,2023-01-27 10:36:08
user_047,P003,view,2023-01-27 10:44:58
user_047,P058,view,2023-01-27 10:50:38
user_048,P031,view,2023-01-31 01:18:00
user_048,P083,view,2023-01-31 01:23:23
user_048,P076,click,2023-01-31 01:25:16
user_048,P031,click,2023-01-31 01:27:17
user_048,P048,view,2023-01-31 01:27:40
user_048,P055,click,2023-01-31 01:33:34
user_048,P018,view,2023-01-31 01:41:39
user_048,P092,click,2023-01-31 01:43:36
user_048,P045,view,2023-01-31 01:45:38
user_049,P091,view,2023-01-20 23:46:00
user_049,P078,click,2023-01-20 23:55:23
user_049,P090,view,2023-01-20 23:57:44
user_049,P061,add_to_cart,2023-01-21 00:06:13
user_049,P070,view,2023-01-21 00:10:31
user_049,P019,view,2023-01-21 00:19:58
user_049,P026,click,2023-01-21 00:25:04
user_049,P064,view,2023-01-21 00:30:57
user_049,P021,view,2023-01-21 00:31:50
user_049,P100,view,2023-01-21 00:36:15
user_049,P039,view,2023-01-21 00:40:39
user_050,P046,view,2023-01-06 16:53:00
user_050,P057,click,2023-01-06 16:56:12
user_050,P085,view,2023-01-06 17:05:24
user_050,P086,view,2023-01-06 17:12:22
user_050,P055,add_to_cart,2023-01-06 17:15:09
user_050,P054,view,2023-01-06 17:21:53
user_050,P070,view,2023-01-06 17:25:22
user_050,P056,view,2023-01-06 17:29:14
user_050,P057,view,2023-01-06 17:33:28
user_050,P070,click,2023-01-06 17:42:11
user_050,P020,view,2023-01-06 17:45:38
user_051,P014,click,2023-01-26 19:55:00
user_051,P021,view,2023-01-26 20:00:18
user_051,P087,view,2023-01-26 20:02:33
user_051,P019,view,2023-01-26 20:07:42
user_051,P012,view,2023-01-26 20:14:10
user_051,P033,view,2023-01-26 20:21:19
user_051,P071,view,2023-01-26 20:29:33
user_051,P081,add_to_cart,2023-01-26 20:34:26
user_051,P098,view,2023-01-26 20:44:03
user_051,P041,click,2023-01-26 20:44:50
user_051,P017,view,2023-01-26 20:47:51
user_051,P070,click,2023-01-26 20:56:09
user_051,P002,view,2023-01-26 21:04:50
user_051,P066,view,2023-01-26 21:05:51
user_051,P051,view,2023-01-26 21:08:19
user_051,P076,view,2023-01-26 21:09:49
user_051,P060,view,2023-01-26 21:14:47
user_052,P026,view,2023-01-08 04:19:00
user_052,P015,view,2023-01-08 04:22:38
user_052,P079,click,2023-01-08 04:26:15
user_052,P040,add_to_cart,2023-01-08 04:32:40
user_052,P063,view,2023-01-08 04:33:10
user_052,P003,add_to_cart,2023-01-08 04:37:28
user_052,P042,view,2023-01-08 04:39:09
user_052,P023,click,2023-01-08 04:46:29
user_052,P043,click,2023-01-08 04:49:31
user_052,P011,view,2023-01-08 04:54:42
user_052,P008,view,2023-01-08 05:04:32
user_052,P041,view,2023-01-08 05:12:32
user_052,P055,view,2023-01-08 05:13:48
user_052,P082,view,2023-01-08 05:17:50
user_052,P070,click,2023-01-08 05:25:42
user_052,P003,click,2023-01-08 05:32:13
user_052,P033,view,2023-01-08 05:32:57
user_052,P032,view,2023-01-08 05:41:41
user_052,P094,view,2023-01-08 05:46:05
user_052,P009,click,2023-01-08 05:55:13
user_052,P001,view,2023-01-08 05:55:33
user_052,P030,view,2023-01-08 06:04:30
user_052,P028,click,2023-01-08 06:08:54
user_052,P027,view,2023-01-08 06:18:29
user_053,P026,view,2023-01-05 03:33:00
user_053,P061,view,2023-01-05 03:36:51
user_053,P050,view,2023-01-05 03:41:20
user_053,P044,add_to_cart,2023-01-05 03:50:56
user_053,P047,view,2023-01-05 03:58:30
user_053,P085,view,2023-01-05 04:06:11
user_053,P076,view,2023-01-05 04:08:26
user_053,P028,click,2023-01-05 04:13:07
user_054,P034,view,2023-01-21 10:51:00
user_054,P058,view,2023-01-21 10:56:42
user_054,P048,view,2023-01-21 11:01:25
user_054,P069,click,2023-01-21 11:06:02
user_054,P084,click,2023-01-21 11:10:55
user_054,P099,view,2023-01-21 11:12:05
user_054,P047,view,2023-01-21 11:14:45
user_054,P020,view,2023-01-21 11:18:10
user_055,P015,view,2023-01-04 22:37:00
user_055,P057,view,2023-01-04 22:40:51
user_055,P014,add_to_cart,2023-01-04 22:45:57
user_055,P039,click,2023-01-04 22:52:42
user_055,P082,view,2023-01-04 22:56:13
user_055,P091,view,2023-01-04 23:00:28
user_055,P046,view,2023-01-04 23:06:26
user_055,P072,view,2023-01-04 23:14:51
user_055,P078,view,2023-01-04 23:23:57
user_055,P040,click,2023-01-04 23:28:42
user_056,P083,add_to_cart,2023-01-24 05:47:00
user_056,P019,click,2023-01-24 05:54:10
user_056,P071,view,2023-01-24 05:57:07
user_056,P019,click,2023-01-24 05:58:24
user_056,P038,view,2023-01-24 06:05:06
user_056,P030,view,2023-01-24 06:12:55
user_056,P052,view,2023-01-24 06:19:15
user_056,P053,view,2023-01-24 06:22:42
user_056,P094,view,2023-01-24 06:28:20
user_056,P092,click,2023-01-24 06:29:32
user_056,P055,view,2023-01-24 06:31:43
user_056,P048,view,2023-01-24 06:32:49
user_056,P011,add_to_cart,2023-01-24 06:33:28
user_057,P067,view,2023-01-17 03:36:00
user_057,P061,view,2023-01-17 03:39:25
user_057,P081,view,2023-01-17 03:40:04
user_057,P065,view,2023-01-17 03:48:08
user_057,P047,view,2023-01-17 03:53:55
user_057,P076,view,2023-01-17 04:01:17
user_057,P019,click,2023-01-17 04:10:08
user_057,P021,view,2023-01-17 04:16:58
user_057,P029,view,2023-01-17 04:25:27
user_057,P092,view,2023-01-17 04:33:06
user_057,P076,view,2023-01-17 04:39:56
user_057,P066,view,2023-01-17 04:48:12
user_058,P038,view,2023-01-01 15:22:00
user_058,P012,view,2023-01-01 15:31:37
user_058,P008,view,2023-01-01 15:36:24
user_058,P065,view,2023-01-01 15:42:30
user_058,P014,view,2023-01-01 15:49:38
user_058,P046,view,2023-01-01 15:50:31
user_058,P043,click,2023-01-01 15:52:51
user_058,P049,view,2023-01-01 15:58:36
user_058,P054,add_to_cart,2023-01-01 16:04:43
user_058,P037,view,2023-01-01 16:10:31
user_058,P088,view,2023-01-01 16:19:24
user_058,P039,view,2023-01-01 16:28:59
user_058,P013,view,2023-01-01 16:38:14
user_058,P019,view,2023-01-01 16:46:32
user_058,P046,view,2023-01-01 16:48:43
user_058,P019,view,2023-01-01 16:51:35
user_059,P045,click,2023-01-12 23:32:00
user_059,P069,view,2023-01-12 23:36:14
user_059,P087,click,2023-01-12 23:39:12
user_059,P087,view,2023-01-12 23:46:27
user_059,P094,click,2023-01-12 23:51:55
user_059,P082,view,2023-01-12 23:58:59
user_059,P040,click,2023-01-13 00:05:55
user_059,P015,click,2023-01-13 00:11:31
user_059,P074,view,2023-01-13 00:13:20
user_059,P014,view,2023-01-13 00:17:50
user_059,P073,view,2023-01-13 00:19:52
user_059,P003,click,2023-01-13 00:28:56
user_059,P093,view,2023-01-13 00:37:34
user_059,P040,click,2023-01-13 00:43:28
user_059,P035,view,2023-01-13 00:48:00
user_059,P045,view,2023-01-13 00:53:15
user_059,P085,click,2023-01-13 00:59:16
user_059,P095,view,2023-01-13 01:01:27
user_059,P038,click,2023-01-13 01:08:19
user_059,P018,view,2023-01-13 01:15:41
user_060,P030,view,2023-01-21 13:57:00
user_060,P067,click,2023-01-21 14:04:35
user_060,P063,view,2023-01-21 14:05:20
user_060,P048,view,2023-01-21 14:06:39
user_060,P100,view,2023-01-21 14:08:41
user_060,P056,view,2023-01-21 14:13:35
user_060,P068,view,2023-01-21 14:13:46
user_060,P047,view,2023-01-21 14:17:03
user_060,P060,view,2023-01-21 14:20:29
user_060,P043,view,2023-01-21 14:27:32
user_060,P011,view,2023-01-21 14:35:31
user_060,P069,view,2023-01-21 14:45:11
user_060,P076,view,2023-01-21 14:52:35
user_060,P004,view,2023-01-21 14:53:10
user_060,P069,view,2023-01-21 15:00:28
user_060,P059,view,2023-01-21 15:06:16
user_061,P064,view,2023-01-26 21:53:00
user_061,P050,view,2023-01-26 22:02:27
user_061,P015,view,2023-01-26 22:04:36
user_061,P037,add_to_cart,2023-01-26 22:12:45
user_061,P087,view,2023-01-26 22:13:24
user_061,P029,view,2023-01-26 22:16:49
user_061,P017,view,2023-01-26 22:24:04
user_061,P068,add_to_cart,2023-01-26 22:28:46
user_061,P049,view,2023-01-26 22:36:59
user_061,P086,view,2023-01-26 22:43:08
user_061,P051,view,2023-01-26 22:48:55
user_062,P046,view,2023-01-20 00:20:00
user_062,P044,click,2023-01-20 00:28:57
user_062,P001,view,2023-01-20 00:37:20
user_062,P099,view,2023-01-20 00:42:04
user_062,P100,view,2023-01-20 00:44:27
user_062,P099,click,2023-01-20 00:49:04
user_062,P086,view,2023-01-20 00:50:52
user_062,P085,view,2023-01-20 00:53:41
user_062,P017,click,2023-01-20 01:02:22
user_062,P091,add_to_cart,2023-01-20 01:03:30
user_062,P054,view,2023-01-20 01:08:01
user_062,P021,click,2023-01-20 01:10:25
user_062,P092,view,2023-01-20 01:18:36
user_062,P020,view,2023-01-20 01:21:44
user_062,P070,view,2023-01-20 01:30:32
user_062,P026,add_to_cart,2023-01-20 01:33:03
user_062,P055,view,2023-01-20 01:42:49
user_062,P075,view,2023-01-20 01:44:35
user_062,P023,view,2023-01-20 01:48:15
user_062,P081,click,2023-01-20 01:56:38
user_063,P035,view,2023-01-15 11:06:00
user_063,P072,click,2023-01-15 11:11:33
user_063,P097,click,2023-01-15 11:17:14
user_063,P063,click,2023-01-15 11:19:45
user_063,P069,view,2023-01-15 11:27:12
user_063,P061,add_to_cart,2023-01-15 11:35:30
user_063,P096,add_to_cart,2023-01-15 11:37:28
user_063,P010,view,2023-01-15 11:46:58
user_063,P021,view,2023-01-15 11:49:08
user_063,P041,view,2023-01-15 11:52:26
user_063,P057,click,2023-01-15 11:57:16
user_063,P019,view,2023-01-15 12:00:03
user_063,P071,view,2023-01-15 12:02:00
user_063,P065,view,2023-01-15 12:11:43
user_063,P001,view,2023-01-15 12:20:56
user_063,P008,click,2023-01-15 12:23:21
user_063,P073,click,2023-01-15 12:25:33
user_063,P066,view,2023-01-15 12:34:44
user_063,P009,click,2023-01-15 12:43:43
user_063,P004,view,2023-01-15 12:50:11
user_063,P075,view,2023-01-15 12:56:13
user_063,P077,add_to_cart,2023-01-15 12:59:25
user_064,P016,view,2023-01-30 02:58:00
user_064,P034,click,2023-01-30 03:04:19
user_064,P060,view,2023-01-30 03:10:21
user_064,P013,view,2023-01-30 03:18:19
user_064,P034,view,2023-01-30 03:26:51
user_064,P078,view,2023-01-30 03:30:30
user_064,P027,view,2023-01-30 03:40:01
user_064,P053,click,2023-01-30 03:43:56
user_064,P030,add_to_cart,2023-01-30 03:47:53
user_064,P019,view,2023-01-30 03:56:50
user_064,P025,view,2023-01-30 04:02:07
user_064,P055,view,2023-01-30 04:07:48
user_064,P074,view,2023-01-30 04:15:18
user_064,P054,view,2023-01-30 04:22:58
user_064,P014,view,2023-01-30 04:25:42
user_064,P024,view,2023-01-30 04:26:39
user_064,P063,view,2023-01-30 04:27:13
user_064,P087,click,2023-01-30 04:28:16
user_064,P031,view,2023-01-30 04:28:32
user_064,P075,view,2023-01-30 04:34:30
user_065,P093,view,2023-01-26 00:57:00
user_065,P086,click,2023-01-26 00:58:40
user_065,P088,click,2023-01-26 01:04:27
user_065,P069,add_to_cart,2023-01-26 01:11:01
user_065,P028,view,2023-01-26 01:13:42
user_065,P019,view,2023-01-26 01:23:23
user_065,P068,click,2023-01-26 01:30:35
user_065,P083,add_to_cart,2023-01-26 01:33:00
user_065,P076,view,2023-01-26 01:42:32
user_065,P058,view,2023-01-26 01:49:17
user_065,P023,view,2023-01-26 01:52:16
user_065,P013,view,2023-01-26 01:56:15
user_065,P011,add_to_cart,2023-01-26 02:05:15
user_065,P025,view,2023-01-26 02:12:30
user_065,P084,click,2023-01-26 02:21:27
user_065,P042,view,2023-01-26 02:26:24
user_065,P048,view,2023-01-26 02:34:50
user_065,P099,view,2023-01-26 02:44:07
user_065,P071,click,2023-01-26 02:47:58
user_065,P013,view,2023-01-26 02:51:32
user_065,P009,view,2023-01-26 03:00:24
user_065,P054,click,2023-01-26 03:08:07
user_066,P034,view,2023-01-23 20:44:00
user_066,P036,click,2023-01-23 20:48:27
user_066,P070,view,2023-01-23 20:48:59
user_066,P028,click,2023-01-23 20:51:32
user_066,P065,click,2023-01-23 20:58:54
user_066,P099,view,2023-01-23 21:03:10
user_066,P054,view,2023-01-23 21:04:03
user_066,P047,click,2023-01-23 21:04:51
user_066,P013,view,2023-01-23 21:14:13
user_066,P010,view,2023-01-23 21:20:55
user_066,P017,add_to_cart,2023-01-23 21:27:26
user_066,P029,view,2023-01-23 21:36:26
user_066,P060,view,2023-01-23 21:42:48
user_066,P028,view,2023-01-23 21:44:51
user_066,P092,add_to_cart,2023-01-23 21:52:40
user_066,P053,view,2023-01-23 22:01:06
user_066,P094,view,2023-01-23 22:04:05
user_066,P006,view,2023-01-23 22:11:10
user_066,P025,click,2023-01-23 22:19:35
user_066,P057,view,2023-01-23 22:28:18
user_067,P077,add_to_cart,2023-01-12 04:35:00
user_067,P073,view,2023-01-12 04:40:11
user_067,P087,click,2023-01-12 04:44:00
user_067,P045,view,2023-01-12 04:51:40
user_067,P029,view,2023-01-12 04:54:59
user_067,P028,view,2023-01-12 04:58:49
user_067,P087,view,2023-01-12 05:00:57
user_067,P090,add_to_cart,2023-01-12 05:09:37
user_067,P075,add_to_cart,2023-01-12 05:16:55
user_067,P022,view,2023-01-12 05:25:59
user_067,P090,view,2023-01-12 05:35:34
user_067,P057,view,2023-01-12 05:41:40
user_067,P045,view,2023-01-12 05:48:18
user_067,P053,view,2023-01-12 05:56:03
user_067,P095,view,2023-01-12 05:57:15
user_067,P065,view,2023-01-12 06:05:30
user_067,P088,click,2023-01-12 06:14:58
user_067,P047,view,2023-01-12 06:24:31
user_067,P026,view,2023-01-12 06:28:37
user_067,P084,view,2023-01-12 06:28:46
user_067,P054,view,2023-01-12 06:36:29
user_067,P027,click,2023-01-12 06:43:35
user_067,P021,add_to_cart,2023-01-12 06:53:12
user_068,P078,view,2023-01-31 05:17:00
user_068,P094,view,2023-01-31 05:20:47
user_068,P093,view,2023-01-31 05:29:29
user_068,P033,view,2023-01-31 05:37:46
user_068,P077,view,2023-01-31 05:43:21
user_068,P070,view,2023-01-31 05:51:37
user_068,P099,view,2023-01-31 06:01:21
user_068,P062,view,2023-01-31 06:02:55
user_068,P089,add_to_cart,2023-01-31 06:05:18
user_068,P082,add_to_cart,2023-01-31 06:10:33
user_068,P029,add_to_cart,2023-01-31 06:14:57
user_068,P017,add_to_cart,2023-01-31 06:20:55
user_068,P080,add_to_cart,2023-01-31 06:25:04
user_069,P094,click,2023-01-13 17:07:00
user_069,P094,view,2023-01-13 17:15:19
user_069,P081,view,2023-01-13 17:16:02
user_069,P086,view,2023-01-13 17:17:39
user_069,P074,click,2023-01-13 17:24:44
user_069,P028,view,2023-01-13 17:33:20
user_069,P085,view,2023-01-13 17:36:15
user_069,P055,click,2023-01-13 17:41:41
user_069,P093,view,2023-01-13 17:44:20
user_069,P010,add_to_cart,2023-01-13 17:47:17
user_069,P027,add_to_cart,2023-01-13 17:54:39
user_069,P032,view,2023-01-13 17:56:52
user_069,P067,view,2023-01-13 18:02:23
user_069,P091,view,2023-01-13 18:08:26
user_069,P018,add_to_cart,2023-01-13 18:08:47
user_070,P001,view,2023-01-04 08:49:00
user_070,P087,view,2023-01-04 08:55:48
user_070,P005,view,2023-01-04 08:56:33
user_070,P022,click,2023-01-04 09:03:18
user_070,P069,click,2023-01-04 09:13:02
user_070,P076,click,2023-01-04 09:14:45
user_070,P060,view,2023-01-04 09:21:32
user_070,P026,click,2023-01-04 09:27:03
user_070,P078,click,2023-01-04 09:33:52
user_070,P015,view,2023-01-04 09:35:20
user_070,P093,view,2023-01-04 09:37:13
user_070,P019,view,2023-01-04 09:43:25
user_070,P028,view,2023-01-04 09:52:47
user_070,P068,view,2023-01-04 10:00:46
user_070,P001,view,2023-01-04 10:07:51
user_070,P027,click,2023-01-04 10:12:35
user_070,P036,view,2023-01-04 10:15:48
user_070,P024,view,2023-01-04 10:24:48
user_070,P057,view,2023-01-04 10:29:42
user_070,P023,add_to_cart,2023-01-04 10:32:47
user_070,P053,click,2023-01-04 10:37:05
user_070,P060,view,2023-01-04 10:45:38
user_070,P057,add_to_cart,2023-01-04 10:51:39
user_070,P038,view,2023-01-04 10:58:14
user_070,P003,click,2023-01-04 11:01:50
user_071,P036,click,2023-01-04 19:37:00
user_071,P058,view,2023-01-04 19:42:47
user_071,P027,view,2023-01-04 19:51:48
user_071,P047,click,2023-01-04 19:54:57
user_071,P016,click,2023-01-04 20:04:12
user_071,P054,view,2023-01-04 20:07:49
user_071,P059,view,2023-01-04 20:12:25
user_071,P032,view,2023-01-04 20:15:51
user_071,P009,view,2023-01-04 20:20:09
user_071,P010,view,2023-01-04 20:28:13
user_071,P052,view,2023-01-04 20:37:37
user_071,P065,click,2023-01-04 20:39:23
user_071,P036,add_to_cart,2023-01-04 20:48:50
user_071,P066,view,2023-01-04 20:50:22
user_071,P039,view,2023-01-04 20:52:02
user_071,P023,view,2023-01-04 20:52:07
user_071,P057,view,2023-01-04 21:00:40
user_071,P073,view,2023-01-04 21:08:41
user_071,P084,add_to_cart,2023-01-04 21:13:07
user_071,P081,click,2023-01-04 21:21:46
user_071,P047,view,2023-01-04 21:23:06
user_071,P065,view,2023-01-04 21:26:22
user_072,P083,click,2023-01-04 11:17:00
user_072,P078,click,2023-01-04 11:24:03
user_072,P034,view,2023-01-04 11:28:37
user_072,P029,click,2023-01-04 11:33:56
user_072,P083,view,2023-01-04 11:36:48
user_072,P027,view,2023-01-04 11:44:25
user_072,P064,click,2023-01-04 11:53:14
user_072,P043,click,2023-01-04 12:03:10
user_072,P068,view,2023-01-04 12:04:49
user_072,P022,view,2023-01-04 12:13:27
user_072,P078,view,2023-01-04 12:22:10
user_072,P016,add_to_cart,2023-01-04 12:29:45
user_072,P082,view,2023-01-04 12:32:48
user_072,P097,view,2023-01-04 12:34:56
user_072,P053,view,2023-01-04 12:37:06
user_072,P012,view,2023-01-04 12:41:53
user_072,P005,click,2023-01-04 12:43:34
user_072,P059,view,2023-01-04 12:44:47
user_072,P019,view,2023-01-04 12:45:41
user_072,P094,view,2023-01-04 12:53:15
user_072,P033,view,2023-01-04 13:00:51
user_072,P079,view,2023-01-04 13:07:26
user_073,P008,view,2023-01-10 16:56:00
user_073,P017,view,2023-01-10 16:59:26
user_073,P069,add_to_cart,2023-01-10 17:09:00
user_073,P090,view,2023-01-10 17:10:26
user_073,P071,view,2023-01-10 17:13:54
user_073,P089,click,2023-01-10 17:15:36
user_073,P024,view,2023-01-10 17:24:14
user_073,P026,view,2023-01-10 17:24:40
user_073,P091,view,2023-01-10 17:29:39
user_073,P020,view,2023-01-10 17:33:33
user_073,P019,view,2023-01-10 17:36:05
user_073,P066,view,2023-01-10 17:42:16
user_073,P079,view,2023-01-10 17:44:34
user_073,P097,view,2023-01-10 17:45:51
user_073,P059,view,2023-01-10 17:51:21
user_073,P002,click,2023-01-10 17:59:53
user_073,P083,view,2023-01-10 18:01:02
user_073,P053,add_to_cart,2023-01-10 18:05:32
user_073,P021,view,2023-01-10 18:14:56
user_073,P025,view,2023-01-10 18:21:54
user_073,P045,view,2023-01-10 18:29:27
user_073,P036,add_to_cart,2023-01-10 18:31:48
user_073,P073,click,2023-01-10 18:38:52
user_073,P048,view,2023-01-10 18:43:18
user_073,P027,view,2023-01-10 18:49:32
user_074,P073,view,2023-01-15 11:28:00
user_074,P092,view,2023-01-15 11:32:12
user_074,P041,view,2023-01-15 11:38:33
user_074,P040,view,2023-01-15 11:42:09
user_074,P096,add_to_cart,2023-01-15 11:44:44
user_074,P097,view,2023-01-15 11:54:23
user_074,P043,view,2023-01-15 11:55:36
user_074,P075,view,2023-01-15 12:00:36
user_074,P033,view,2023-01-15 12:05:54
user_074,P094,add_to_cart,2023-01-15 12:11:36
user_074,P038,view,2023-01-15 12:17:18
user_074,P059,view,2023-01-15 12:20:06
user_074,P046,view,2023-01-15 12:28:34
user_074,P081,add_to_cart,2023-01-15 12:36:52
user_074,P089,view,2023-01-15 12:43:26
user_074,P009,view,2023-01-15 12:52:39
user_074,P085,view,2023-01-15 12:55:50
user_074,P060,click,2023-01-15 13:05:24
user_074,P037,click,2023-01-15 13:12:28
user_074,P098,view,2023-01-15 13:21:22
user_074,P011,view,2023-01-15 13:29:58
user_074,P004,view,2023-01-15 13:33:27
user_075,P092,view,2023-01-23 07:03:00
user_075,P078,view,2023-01-23 07:03:07
user_075,P001,add_to_cart,2023-01-23 07:05:12
user_075,P029,view,2023-01-23 07:10:57
user_075,P071,click,2023-01-23 07:11:22
user_075,P084,view,2023-01-23 07:16:29
user_075,P001,view,2023-01-23 07:17:42
user_075,P027,view,2023-01-23 07:25:10
user_075,P025,view,2023-01-23 07:34:09
user_075,P052,click,2023-01-23 07:39:32
user_075,P046,add_to_cart,2023-01-23 07:44:47
user_075,P036,view,2023-01-23 07:51:20
user_075,P058,add_to_cart,2023-01-23 07:54:21
user_075,P085,add_to_cart,2023-01-23 07:56:02
user_075,P035,view,2023-01-23 07:56:12
user_075,P005,view,2023-01-23 08:03:21
user_075,P076,click,2023-01-23 08:11:10
user_075,P057,view,2023-01-23 08:18:08
user_076,P032,view,2023-01-06 06:12:00
user_076,P023,view,2023-01-06 06:20:19
user_076,P085,click,2023-01-06 06:24:30
user_076,P094,view,2023-01-06 06:24:52
user_076,P030,view,2023-01-06 06:29:45
user_076,P032,click,2023-01-06 06:33:44
user_076,P036,view,2023-01-06 06:35:43
user_076,P028,view,2023-01-06 06:39:41
user_076,P047,view,2023-01-06 06:43:52
user_076,P015,click,2023-01-06 06:46:23
user_076,P009,view,2023-01-06 06:56:11
user_076,P019,view,2023-01-06 07:04:16
user_076,P065,view,2023-01-06 07:07:15
user_076,P013,click,2023-01-06 07:13:13
user_076,P048,add_to_cart,2023-01-06 07:14:50
user_076,P049,view,2023-01-06 07:24:14
user_076,P029,view,2023-01-06 07:29:35
user_076,P017,view,2023-01-06 07:34:21
user_076,P026,click,2023-01-06 07:39:50
user_076,P058,view,2023-01-06 07:40:01
user_076,P062,click,2023-01-06 07:43:18
user_076,P003,view,2023-01-06 07:52:19
user_077,P073,view,2023-01-26 05:27:00
user_077,P086,click,2023-01-26 05:28:37
user_077,P051,view,2023-01-26 05:37:00
user_077,P078,view,2023-01-26 05:40:23
user_077,P015,view,2023-01-26 05:47:36
user_077,P057,click,2023-01-26 05:56:42
user_077,P048,view,2023-01-26 06:04:01
user_077,P006,view,2023-01-26 06:12:59
user_077,P036,click,2023-01-26 06:16:08
user_077,P057,add_to_cart,2023-01-26 06:18:08
user_077,P066,view,2023-01-26 06:19:34
user_077,P020,add_to_cart,2023-01-26 06:25:13
user_077,P083,view,2023-01-26 06:30:40
user_077,P064,view,2023-01-26 06:34:10
user_077,P004,view,2023-01-26 06:43:48
user_077,P095,click,2023-01-26 06:45:54
user_077,P002,view,2023-01-26 06:52:52
user_077,P009,view,2023-01-26 07:02:17
user_077,P098,click,2023-01-26 07:04:25
user_077,P025,view,2023-01-26 07:05:17
user_077,P058,click,2023-01-26 07:08:42
user_077,P062,click,2023-01-26 07:15:55
user_077,P081,view,2023-01-26 07:21:13
user_078,P009,view,2023-01-29 14:27:00
user_078,P017,view,2023-01-29 14:34:26
user_078,P090,click,2023-01-29 14:44:06
user_078,P086,click,2023-01-29 14:52:15
user_078,P013,click,2023-01-29 14:59:44
user_078,P008,view,2023-01-29 15:08:36
user_078,P059,click,2023-01-29 15:09:20
user_078,P011,view,2023-01-29 15:14:24
user_078,P090,view,2023-01-29 15:24:21
user_078,P090,view,2023-01-29 15:31:01
user_078,P096,view,2023-01-29 15:36:23
user_078,P038,view,2023-01-29 15:37:29
user_078,P038,click,2023-01-29 15:40:48
user_078,P001,view,2023-01-29 15:41:53
user_078,P021,view,2023-01-29 15:44:33
user_078,P053,click,2023-01-29 15:54:23
user_078,P096,click,2023-01-29 16:00:55
user_078,P084,view,2023-01-29 16:06:39
user_078,P008,view,2023-01-29 16:15:43
user_079,P035,click,2023-01-30 04:31:00
user_079,P046,view,2023-01-30 04:33:04
user_079,P056,view,2023-01-30 04:36:45
user_079,P029,view,2023-01-30 04:45:13
user_079,P018,click,2023-01-30 04:46:34
user_079,P097,view,2023-01-30 04:52:09
user_079,P048,click,2023-01-30 05:01:23
user_079,P061,click,2023-01-30 05:06:26
user_079,P061,click,2023-01-30 05:14:30
user_079,P091,view,2023-01-30 05:20:39
user_079,P013,view,2023-01-30 05:27:23
user_079,P059,click,2023-01-30 05:35:06
user_079,P048,view,2023-01-30 05:43:38
user_080,P096,view,2023-01-25 01:48:00
user_080,P058,view,2023-01-25 01:51:31
user_080,P069,click,2023-01-25 01:55:03
user_080,P083,view,2023-01-25 01:57:25
user_080,P029,click,2023-01-25 02:07:02
user_080,P074,view,2023-01-25 02:14:36
user_080,P048,view,2023-01-25 02:19:16
user_080,P069,view,2023-01-25 02:28:20
user_080,P021,add_to_cart,2023-01-25 02:37:47
user_080,P042,click,2023-01-25 02:39:44
user_080,P075,add_to_cart,2023-01-25 02:40:02
user_080,P018,view,2023-01-25 02:43:15
user_080,P075,view,2023-01-25 02:51:10
user_080,P041,view,2023-01-25 02:56:57
user_080,P074,view,2023-01-25 03:00:03
user_080,P071,view,2023-01-25 03:01:11
user_080,P086,view,2023-01-25 03:08:01
user_080,P046,view,2023-01-25 03:09:38
user_080,P050,click,2023-01-25 03:16:26
user_080,P059,view,2023-01-25 03:22:45
user_080,P020,add_to_cart,2023-01-25 03:27:45
user_081,P049,view,2023-01-13 09:36:00
user_081,P026,click,2023-01-13 09:43:22
user_081,P020,view,2023-01-13 09:45:56
user_081,P090,view,2023-01-13 09:50:56
user_081,P055,click,2023-01-13 09:56:40
user_081,P080,click,2023-01-13 10:05:23
user_081,P056,view,2023-01-13 10:09:26
user_081,P087,view,2023-01-13 10:12:31
user_081,P073,add_to_cart,2023-01-13 10:21:06
user_081,P037,click,2023-01-13 10:24:42
user_081,P057,view,2023-01-13 10:28:29
user_081,P020,view,2023-01-13 10:34:39
user_081,P012,click,2023-01-13 10:39:52
user_081,P042,add_to_cart,2023-01-13 10:41:00
user_081,P011,click,2023-01-13 10:49:18
user_081,P058,view,2023-01-13 10:50:33
user_081,P050,view,2023-01-13 10:55:13
user_081,P015,view,2023-01-13 11:04:41
user_081,P040,view,2023-01-13 11:14:29
user_081,P011,view,2023-01-13 11:20:33
user_082,P013,view,2023-01-08 00:35:00
user_082,P026,click,2023-01-08 00:36:45
user_082,P082,view,2023-01-08 00:40:32
user_082,P088,view,2023-01-08 00:46:59
user_082,P022,view,2023-01-08 00:54:54
user_082,P011,view,2023-01-08 01:01:13
user_082,P062,view,2023-01-08 01:02:53
user_082,P010,view,2023-01-08 01:11:03
user_082,P024,view,2023-01-08 01:15:05
user_082,P060,view,2023-01-08 01:17:01
user_082,P065,view,2023-01-08 01:19:30
user_082,P057,click,2023-01-08 01:27:44
user_082,P056,view,2023-01-08 01:30:49
user_082,P048,view,2023-01-08 01:32:22
user_082,P015,view,2023-01-08 01:39:05
user_082,P039,view,2023-01-08 01:47:32
user_082,P009,add_to_cart,2023-01-08 01:48:08
user_083,P063,view,2023-01-13 23:08:00
user_083,P083,view,2023-01-13 23:08:42
user_083,P048,view,2023-01-13 23:12:33
user_083,P039,view,2023-01-13 23:19:56
user_083,P096,view,2023-01-13 23:25:45
user_083,P006,view,2023-01-13 23:29:38
user_083,P090,click,2023-01-13 23:32:50
user_083,P004,add_to_cart,2023-01-13 23:38:04
user_083,P025,click,2023-01-13 23:39:20
user_083,P063,view,2023-01-13 23:42:31
user_083,P053,view,2023-01-13 23:46:15
user_083,P003,view,2023-01-13 23:53:11
user_083,P096,add_to_cart,2023-01-14 00:00:01
user_083,P072,view,2023-01-14 00:04:12
user_083,P078,view,2023-01-14 00:04:22
user_083,P059,view,2023-01-14 00:10:53
user_083,P069,view,2023-01-14 00:16:46
user_083,P041,view,2023-01-14 00:22:35
user_083,P022,click,2023-01-14 00:30:46
user_083,P042,click,2023-01-14 00:40:07
user_083,P077,view,2023-01-14 00:44:47
user_083,P001,view,2023-01-14 00:52:52
user_083,P024,view,2023-01-14 00:57:29
user_083,P023,view,2023-01-14 00:59:22
user_083,P090,click,2023-01-14 01:04:41
user_084,P002,click,2023-01-28 23:54:00
user_084,P017,click,2023-01-29 00:02:35
user_084,P096,view,2023-01-29 00:02:52
user_084,P094,view,2023-01-29 00:06:54
user_084,P085,click,2023-01-29 00:09:49
user_084,P081,view,2023-01-29 00:19:20
user_084,P073,view,2023-01-29 00:21:47
user_084,P095,view,2023-01-29 00:27:55
user_084,P052,view,2023-01-29 00:34:23
user_084,P009,click,2023-01-29 00:39:35
user_084,P044,view,2023-01-29 00:39:40
user_084,P080,view,2023-01-29 00:41:22
user_084,P097,click,2023-01-29 00:43:46
user_084,P027,view,2023-01-29 00:45:02
user_084,P042,view,2023-01-29 00:50:27
user_084,P043,view,2023-01-29 00:52:50
user_084,P032,view,2023-01-29 01:00:55
user_084,P023,add_to_cart,2023-01-29 01:08:03
user_084,P050,view,2023-01-29 01:13:49
user_084,P064,view,2023-01-29 01:22:06
user_084,P049,view,2023-01-29 01:26:03
user_084,P088,view,2023-01-29 01:28:26
user_084,P066,view,2023-01-29 01:30:25
user_084,P006,view,2023-01-29 01:35:02
user_085,P068,view,2023-01-07 06:36:00
user_085,P043,view,2023-01-07 06:39:01
user_085,P052,view,2023-01-07 06:43:34
user_085,P100,view,2023-01-07 06:45:23
user_085,P083,view,2023-01-07 06:53:41
user_085,P056,view,2023-01-07 06:59:40
user_085,P048,click,2023-01-07 07:03:14
user_085,P076,view,2023-01-07 07:10:45
user_085,P004,view,2023-01-07 07:16:59
user_086,P031,view,2023-01-17 07:11:00
user_086,P034,view,2023-01-17 07:20:01
user_086,P073,click,2023-01-17 07:28:35
user_086,P010,view,2023-01-17 07:34:39
user_086,P005,view,2023-01-17 07:37:15
user_086,P080,click,2023-01-17 07:42:02
user_086,P076,click,2023-01-17 07:44:49
user_086,P026,click,2023-01-17 07:54:09
user_086,P050,click,2023-01-17 08:00:04
user_086,P004,view,2023-01-17 08:07:59
user_086,P001,view,2023-01-17 08:11:06
user_086,P030,add_to_cart,2023-01-17 08:20:48
user_086,P089,click,2023-01-17 08:23:21
user_086,P062,view,2023-01-17 08:31:14
user_086,P015,add_to_cart,2023-01-17 08:36:12
user_086,P025,view,2023-01-17 08:41:18
user_086,P047,view,2023-01-17 08:42:32
user_086,P018,view,2023-01-17 08:44:07
user_086,P067,view,2023-01-17 08:47:23
user_086,P089,add_to_cart,2023-01-17 08:49:45
user_086,P075,click,2023-01-17 08:58:12
user_086,P053,view,2023-01-17 08:58:21
user_087,P059,view,2023-01-06 12:08:00
user_087,P060,view,2023-01-06 12:15:33
user_087,P076,click,2023-01-06 12:17:25
user_087,P054,view,2023-01-06 12:24:54
user_087,P095,click,2023-01-06 12:32:35
user_087,P034,view,2023-01-06 12:40:54
user_087,P089,view,2023-01-06 12:50:22
user_087,P022,view,2023-01-06 12:57:45
user_087,P001,view,2023-01-06 12:59:40
user_087,P054,click,2023-01-06 13:02:55
user_087,P081,view,2023-01-06 13:08:34
user_087,P008,view,2023-01-06 13:12:06
user_087,P090,view,2023-01-06 13:20:59
user_087,P081,view,2023-01-06 13:23:49
user_087,P006,view,2023-01-06 13:31:02
user_087,P072,click,2023-01-06 13:39:52
user_087,P027,click,2023-01-06 13:48:25
user_087,P035,view,2023-01-06 13:55:24
user_087,P049,view,2023-01-06 14:04:58
user_087,P047,view,2023-01-06 14:05:28
user_088,P004,view,2023-01-07 01:17:00
user_088,P078,view,2023-01-07 01:25:50
user_088,P044,view,2023-01-07 01:32:18
user_088,P063,add_to_cart,2023-01-07 01:32:41
user_088,P081,view,2023-01-07 01:39:44
user_088,P048,view,2023-01-07 01:41:50
user_088,P017,click,2023-01-07 01:47:11
user_088,P065,view,2023-01-07 01:48:05
user_088,P013,view,2023-01-07 01:50:53
user_088,P014,view,2023-01-07 01:53:05
user_088,P068,view,2023-01-07 02:00:52
user_088,P004,view,2023-01-07 02:04:06
user_088,P096,click,2023-01-07 02:08:54
user_089,P015,click,2023-01-22 15:23:00
user_089,P045,click,2023-01-22 15:26:25
user_089,P057,view,2023-01-22 15:36:12
user_089,P018,view,2023-01-22 15:43:54
user_089,P060,view,2023-01-22 15:51:01
user_089,P045,view,2023-01-22 15:57:27
user_089,P006,add_to_cart,2023-01-22 16:03:21
user_089,P004,click,2023-01-22 16:11:39
user_089,P032,view,2023-01-22 16:11:49
user_089,P096,view,2023-01-22 16:18:57
user_090,P063,view,2023-01-17 07:58:00
user_090,P096,add_to_cart,2023-01-17 08:04:45
user_090,P081,click,2023-01-17 08:12:21
user_090,P086,click,2023-01-17 08:19:21
user_090,P022,view,2023-01-17 08:24:16
user_090,P011,view,2023-01-17 08:26:50
user_090,P009,view,2023-01-17 08:35:29
user_090,P097,view,2023-01-17 08:40:03
user_090,P073,view,2023-01-17 08:44:18
user_090,P047,view,2023-01-17 08:45:45
user_090,P087,view,2023-01-17 08:50:05
user_090,P025,click,2023-01-17 08:54:06
user_090,P058,view,2023-01-17 09:02:20
user_091,P098,view,2023-01-04 03:47:00
user_091,P011,click,2023-01-04 03:54:43
user_091,P045,view,2023-01-04 03:58:21
user_091,P064,view,2023-01-04 04:05:53
user_091,P042,add_to_cart,2023-01-04 04:07:58
user_091,P016,view,2023-01-04 04:13:33
user_091,P099,view,2023-01-04 04:22:27
user_091,P057,click,2023-01-04 04:26:53
user_091,P048,view,2023-01-04 04:34:08
user_091,P004,add_to_cart,2023-01-04 04:39:45
user_091,P059,view,2023-01-04 04:47:43
user_091,P072,add_to_cart,2023-01-04 04:57:38
user_091,P012,view,2023-01-04 05:07:17
user_091,P017,view,2023-01-04 05:16:36
user_091,P036,click,2023-01-04 05:24:25
user_091,P080,view,2023-01-04 05:25:59
user_091,P076,view,2023-01-04 05:28:58
user_091,P014,click,2023-01-04 05:35:42
user_091,P037,click,2023-01-04 05:38:46
user_091,P047,view,2023-01-04 05:42:38
user_091,P021,click,2023-01-04 05:50:23
user_092,P096,view,2023-01-04 09:21:00
user_092,P045,view,2023-01-04 09:21:34
user_092,P013,view,2023-01-04 09:22:12
user_092,P100,click,2023-01-04 09:25:57
user_092,P036,view,2023-01-04 09:32:08
user_092,P070,click,2023-01-04 09:41:22
user_092,P057,view,2023-01-04 09:47:01
user_092,P004,view,2023-01-04 09:51:53
user_092,P020,view,2023-01-04 10:00:34
user_092,P037,view,2023-01-04 10:10:25
user_092,P034,view,2023-01-04 10:15:29
user_092,P068,add_to_cart,2023-01-04 10:17:48
user_092,P031,view,2023-01-04 10:25:50
user_093,P002,view,2023-01-28 03:09:00
user_093,P016,view,2023-01-28 03:11:28
user_093,P031,view,2023-01-28 03:15:37
user_093,P011,view,2023-01-28 03:17:50
user_093,P071,view,2023-01-28 03:17:58
user_093,P012,view,2023-01-28 03:23:08
user_093,P075,add_to_cart,2023-01-28 03:26:57
user_093,P047,view,2023-01-28 03:32:22
user_093,P024,view,2023-01-28 03:38:52
user_094,P075,click,2023-01-09 01:42:00
user_094,P067,view,2023-01-09 01:42:16
user_094,P066,click,2023-01-09 01:45:22
user_094,P054,view,2023-01-09 01:50:42
user_094,P010,view,2023-01-09 01:52:22
user_094,P042,view,2023-01-09 01:58:27
user_094,P080,view,2023-01-09 02:02:37
user_094,P084,click,2023-01-09 02:05:46
user_094,P041,add_to_cart,2023-01-09 02:10:33
user_094,P090,view,2023-01-09 02:13:17
user_094,P040,view,2023-01-09 02:13:33
user_094,P010,view,2023-01-09 02:16:58
user_094,P060,click,2023-01-09 02:17:41
user_094,P036,view,2023-01-09 02:25:00
user_094,P031,click,2023-01-09 02:31:30
user_094,P029,click,2023-01-09 02:34:48
user_094,P084,view,2023-01-09 02:37:28
user_094,P021,view,2023-01-09 02:42:12
user_095,P036,add_to_cart,2023-01-23 07:05:00
user_095,P078,click,2023-01-23 07:05:26
user_095,P056,click,2023-01-23 07:11:26
user_095,P020,add_to_cart,2023-01-23 07:14:14
user_095,P023,view,2023-01-23 07:17:33
user_095,P016,view,2023-01-23 07:19:40
user_095,P021,view,2023-01-23 07:27:16
user_095,P095,view,2023-01-23 07:35:02
user_095,P016,add_to_cart,2023-01-23 07:41:42
user_095,P061,view,2023-01-23 07:44:08
user_095,P044,add_to_cart,2023-01-23 07:52:59
user_095,P044,view,2023-01-23 07:58:13
user_095,P027,view,2023-01-23 08:00:06
user_095,P079,click,2023-01-23 08:03:36
user_095,P031,view,2023-01-23 08:07:45
user_095,P083,view,2023-01-23 08:15:45
user_095,P087,click,2023-01-23 08:18:59
user_095,P084,view,2023-01-23 08:23:14
user_095,P029,view,2023-01-23 08:26:39
user_096,P091,view,2023-01-13 12:59:00
user_096,P001,view,2023-01-13 13:03:11
user_096,P039,add_to_cart,2023-01-13 13:13:02
user_096,P075,view,2023-01-13 13:18:50
user_096,P099,click,2023-01-13 13:27:42
user_096,P058,view,2023-01-13 13:30:59
user_096,P081,view,2023-01-13 13:33:12
user_096,P008,view,2023-01-13 13:38:42
user_096,P060,view,2023-01-13 13:40:57
user_097,P020,click,2023-01-13 03:44:00
user_097,P019,click,2023-01-13 03:48:07
user_097,P013,view,2023-01-13 03:51:02
user_097,P086,view,2023-01-13 03:58:27
user_097,P053,click,2023-01-13 04:00:22
user_097,P083,view,2023-01-13 04:01:09
user_097,P042,view,2023-01-13 04:04:33
user_097,P023,view,2023-01-13 04:05:03
user_097,P020,view,2023-01-13 04:07:24
user_097,P051,view,2023-01-13 04:16:39
user_097,P078,view,2023-01-13 04:24:02
user_097,P027,add_to_cart,2023-01-13 04:24:48
user_097,P019,view,2023-01-13 04:31:59
user_097,P042,view,2023-01-13 04:38:12
user_097,P072,view,2023-01-13 04:42:08
user_097,P007,view,2023-01-13 04:48:28
user_097,P068,view,2023-01-13 04:53:49
user_097,P037,view,2023-01-13 05:03:16
user_097,P089,click,2023-01-13 05:07:49
user_098,P011,view,2023-01-12 00:06:00
user_098,P045,view,2023-01-12 00:09:39
user_098,P057,view,2023-01-12 00:18:43
user_098,P029,view,2023-01-12 00:19:41
user_098,P014,view,2023-01-12 00:22:29
user_098,P017,view,2023-01-12 00:28:21
user_098,P093,click,2023-01-12 00:35:19
user_098,P051,view,2023-01-12 00:39:00
user_098,P047,view,2023-01-12 00:47:31
user_098,P038,view,2023-01-12 00:51:41
user_098,P007,view,2023-01-12 00:55:22
user_099,P050,view,2023-01-10 14:47:00
user_099,P053,view,2023-01-10 14:55:37
user_099,P017,view,2023-01-10 15:04:17
user_099,P090,view,2023-01-10 15:12:43
user_099,P094,view,2023-01-10 15:13:58
user_099,P035,view,2023-01-10 15:17:11
user_099,P050,view,2023-01-10 15:22:07
user_099,P032,add_to_cart,2023-01-10 15:26:54
user_099,P029,view,2023-01-10 15:29:34
user_099,P059,view,2023-01-10 15:38:57
user_099,P017,view,2023-01-10 15:46:02
user_099,P004,view,2023-01-10 15:46:45
user_099,P075,click,2023-01-10 15:51:27
user_099,P094,view,2023-01-10 15:55:59
user_099,P053,view,2023-01-10 15:57:33
user_099,P001,view,2023-01-10 16:01:50
user_099,P006,click,2023-01-10 16:03:24
user_100,P042,view,2023-01-18 12:29:00
user_100,P012,add_to_cart,2023-01-18 12:32:53
user_100,P039,add_to_cart,2023-01-18 12:35:32
user_100,P076,click,2023-01-18 12:42:21
user_100,P062,view,2023-01-18 12:45:06
user_100,P044,view,2023-01-18 12:53:17
user_100,P007,add_to_cart,2023-01-18 12:57:40
user_100,P037,add_to_cart,2023-01-18 13:04:46
user_100,P059,view,2023-01-18 13:10:54
user_100,P068,view,2023-01-18 13:19:41
user_100,P098,click,2023-01-18 13:23:01
user_100,P066,click,2023-01-18 13:23:27
user_101,P085,view,2023-01-26 06:56:00
user_101,P095,view,2023-01-26 06:58:28
user_101,P096,view,2023-01-26 07:05:24
user_101,P009,view,2023-01-26 07:12:41
user_101,P069,view,2023-01-26 07:19:41
user_101,P053,view,2023-01-26 07:28:59
user_101,P039,view,2023-01-26 07:34:33
user_101,P003,view,2023-01-26 07:36:40
user_101,P029,view,2023-01-26 07:42:32
user_101,P012,view,2023-01-26 07:51:14
user_101,P093,view,2023-01-26 08:01:07
user_101,P084,view,2023-01-26 08:09:51
user_101,P045,view,2023-01-26 08:17:26
user_101,P077,add_to_cart,2023-01-26 08:17:46
user_101,P060,view,2023-01-26 08:17:59
user_101,P015,click,2023-01-26 08:23:30
user_101,P041,add_to_cart,2023-01-26 08:27:20
user_102,P080,click,2023-01-12 08:09:00
user_102,P089,add_to_cart,2023-01-12 08:15:13
user_102,P081,click,2023-01-12 08:21:02
user_102,P078,view,2023-01-12 08:29:20
user_102,P006,view,2023-01-12 08:32:15
user_102,P025,view,2023-01-12 08:39:26
user_102,P043,view,2023-01-12 08:41:51
user_102,P060,view,2023-01-12 08:47:10
user_102,P051,view,2023-01-12 08:48:46
user_102,P009,view,2023-01-12 08:50:41
user_102,P092,view,2023-01-12 08:58:33
user_102,P098,view,2023-01-12 09:02:46
user_103,P094,view,2023-01-24 23:38:00
user_103,P020,view,2023-01-24 23:47:01
user_103,P082,view,2023-01-24 23:53:12
user_103,P047,add_to_cart,2023-01-24 23:59:26
user_103,P077,view,2023-01-25 00:07:45
user_103,P075,click,2023-01-25 00:15:08
user_103,P026,click,2023-01-25 00:20:21
user_103,P045,view,2023-01-25 00:26:39
user_103,P065,view,2023-01-25 00:30:36
user_103,P019,view,2023-01-25 00:38:00
user_103,P092,view,2023-01-25 00:45:23
user_103,P019,view,2023-01-25 00:50:16
user_103,P049,add_to_cart,2023-01-25 00:54:33
user_103,P099,view,2023-01-25 00:56:44
user_103,P077,view,2023-01-25 01:01:42
user_103,P022,view,2023-01-25 01:06:56
user_103,P060,add_to_cart,2023-01-25 01:13:59
user_103,P055,add_to_cart,2023-01-25 01:17:59
user_103,P026,add_to_cart,2023-01-25 01:19:28
user_103,P065,view,2023-01-25 01:27:41
user_103,P087,view,2023-01-25 01:28:49
user_103,P030,add_to_cart,2023-01-25 01:34:45
user_103,P097,view,2023-01-25 01:42:32
user_104,P007,click,2023-01-09 02:41:00
user_104,P091,view,2023-01-09 02:46:44
user_104,P057,click,2023-01-09 02:50:53
user_104,P040,view,2023-01-09 02:52:27
user_104,P049,view,2023-01-09 03:02:20
user_104,P092,view,2023-01-09 03:04:05
user_104,P058,view,2023-01-09 03:13:06
user_104,P075,view,2023-01-09 03:15:24
user_104,P006,view,2023-01-09 03:24:38
user_104,P003,view,2023-01-09 03:27:30
user_104,P097,view,2023-01-09 03:33:29
user_104,P064,view,2023-01-09 03:35:59
user_104,P035,click,2023-01-09 03:41:47
user_104,P045,view,2023-01-09 03:44:24
user_104,P098,click,2023-01-09 03:46:34
user_104,P019,click,2023-01-09 03:50:19
user_104,P016,view,2023-01-09 03:50:48
user_104,P019,view,2023-01-09 03:51:34
user_104,P018,view,2023-01-09 03:58:57
user_104,P006,view,2023-01-09 03:59:46
user_104,P096,click,2023-01-09 04:01:00
user_104,P039,click,2023-01-09 04:09:15
user_105,P073,view,2023-01-29 07:51:00
user_105,P063,click,2023-01-29 07:59:40
user_105,P026,add_to_cart,2023-01-29 08:02:01
user_105,P015,view,2023-01-29 08:06:37
user_105,P005,view,2023-01-29 08:07:50
user_105,P004,add_to_cart,2023-01-29 08:16:39
user_105,P061,view,2023-01-29 08:22:13
user_105,P067,view,2023-01-29 08:22:25
user_105,P009,view,2023-01-29 08:28:35
user_105,P099,add_to_cart,2023-01-29 08:33:06
user_105,P013,view,2023-01-29 08:38:08
user_105,P037,view,2023-01-29 08:42:40
user_105,P052,view,2023-01-29 08:43:57
user_105,P023,view,2023-01-29 08:53:33
user_105,P085,add_to_cart,2023-01-29 09:01:44
user_105,P090,click,2023-01-29 09:05:14
user_105,P031,add_to_cart,2023-01-29 09:06:47
user_105,P081,view,2023-01-29 09:09:54
user_105,P092,view,2023-01-29 09:10:11
user_105,P067,view,2023-01-29 09:19:57
user_105,P075,view,2023-01-29 09:29:55
user_105,P069,view,2023-01-29 09:33:11
user_105,P062,click,2023-01-29 09:41:02
user_105,P068,click,2023-01-29 09:44:42
user_105,P055,click,2023-01-29 09:52:58
user_106,P007,view,2023-01-19 13:35:00
user_106,P089,add_to_cart,2023-01-19 13:40:09
user_106,P051,view,2023-01-19 13:44:05
user_106,P083,click,2023-01-19 13:54:01
user_106,P077,click,2023-01-19 13:56:58
user_106,P034,view,2023-01-19 14:05:44
user_106,P024,view,2023-01-19 14:14:26
user_106,P029,view,2023-01-19 14:16:44
user_106,P081,view,2023-01-19 14:24:07
user_106,P026,view,2023-01-19 14:29:42
user_106,P028,click,2023-01-19 14:37:48
user_106,P061,view,2023-01-19 14:40:38
user_106,P054,view,2023-01-19 14:41:03
user_106,P059,click,2023-01-19 14:44:49
user_106,P096,click,2023-01-19 14:46:45
user_106,P009,add_to_cart,2023-01-19 14:52:16
user_106,P072,view,2023-01-19 14:55:31
user_106,P003,view,2023-01-19 14:56:10
user_106,P027,add_to_cart,2023-01-19 15:04:53
user_106,P071,view,2023-01-19 15:12:41
user_106,P075,view,2023-01-19 15:21:58
user_106,P100,view,2023-01-19 15:31:37
user_106,P081,view,2023-01-19 15:38:04
user_106,P048,click,2023-01-19 15:44:37
user_107,P014,view,2023-01-30 10:51:00
user_107,P061,view,2023-01-30 10:55:17
user_107,P023,view,2023-01-30 10:55:45
user_107,P078,view,2023-01-30 11:04:11
user_107,P070,view,2023-01-30 11:05:34
user_107,P036,view,2023-01-30 11:15:00
user_107,P003,view,2023-01-30 11:24:55
user_107,P098,click,2023-01-30 11:31:00
user_107,P061,view,2023-01-30 11:36:56
user_107,P013,add_to_cart,2023-01-30 11:40:42
user_107,P079,view,2023-01-30 11:48:12
user_107,P098,view,2023-01-30 11:54:05
user_107,P031,view,2023-01-30 12:02:06
user_107,P014,add_to_cart,2023-01-30 12:11:20
user_107,P002,view,2023-01-30 12:16:34
user_107,P094,view,2023-01-30 12:26:06
user_107,P022,view,2023-01-30 12:33:35
user_107,P043,view,2023-01-30 12:38:45
user_107,P002,add_to_cart,2023-01-30 12:46:11
user_107,P094,view,2023-01-30 12:54:17
user_107,P069,add_to_cart,2023-01-30 12:59:46
user_107,P051,view,2023-01-30 13:08:38
user_108,P066,view,2023-01-05 17:56:00
user_108,P064,view,2023-01-05 18:01:46
user_108,P029,view,2023-01-05 18:09:09
user_108,P071,add_to_cart,2023-01-05 18:18:03
user_108,P001,view,2023-01-05 18:19:44
user_108,P082,view,2023-01-05 18:24:08
user_108,P032,click,2023-01-05 18:25:11
user_108,P055,view,2023-01-05 18:27:01
user_108,P062,view,2023-01-05 18:36:47
user_108,P056,view,2023-01-05 18:44:43
user_108,P018,view,2023-01-05 18:52:07
user_108,P043,view,2023-01-05 18:54:04
user_108,P081,click,2023-01-05 19:01:14
user_108,P030,click,2023-01-05 19:04:20
user_108,P018,add_to_cart,2023-01-05 19:05:35
user_108,P070,view,2023-01-05 19:10:35
user_109,P029,click,2023-01-15 00:51:00
user_109,P047,view,2023-01-15 00:59:45
user_109,P056,click,2023-01-15 01:07:04
user_109,P020,click,2023-01-15 01:09:16
user_109,P054,view,2023-01-15 01:10:25
user_109,P047,view,2023-01-15 01:19:25
user_109,P030,view,2023-01-15 01:29:03
user_109,P084,click,2023-01-15 01:36:46
user_109,P041,view,2023-01-15 01:45:09
user_109,P030,view,2023-01-15 01:54:16
user_109,P017,view,2023-01-15 01:56:22
user_110,P067,view,2023-01-15 07:21:00
user_110,P044,view,2023-01-15 07:30:33
user_110,P001,click,2023-01-15 07:32:31
user_110,P070,view,2023-01-15 07:40:32
user_110,P001,view,2023-01-15 07:43:35
user_110,P061,view,2023-01-15 07:52:27
user_110,P080,view,2023-01-15 08:01:29
user_110,P064,add_to_cart,2023-01-15 08:11:19
user_110,P007,view,2023-01-15 08:20:18
user_110,P079,click,2023-01-15 08:25:49
user_110,P078,view,2023-01-15 08:33:25
user_110,P096,view,2023-01-15 08:38:56
user_110,P050,view,2023-01-15 08:39:10
user_110,P012,click,2023-01-15 08:47:19
user_110,P001,view,2023-01-15 08:53:03
user_110,P058,view,2023-01-15 09:01:28
user_110,P097,view,2023-01-15 09:02:17
user_110,P077,add_to_cart,2023-01-15 09:09:11
user_110,P027,view,2023-01-15 09:09:59
user_110,P055,view,2023-01-15 09:19:11
user_110,P069,view,2023-01-15 09:22:20
user_110,P097,view,2023-01-15 09:31:51
user_111,P029,view,2023-01-15 10:22:00
user_111,P041,add_to_cart,2023-01-15 10:24:53
user_111,P058,view,2023-01-15 10:33:32
user_111,P043,view,2023-01-15 10:43:30
user_111,P061,view,2023-01-15 10:43:35
user_111,P010,view,2023-01-15 10:52:17
user_111,P030,click,2023-01-15 10:56:07
user_111,P060,view,2023-01-15 10:58:17
user_111,P063,view,2023-01-15 10:59:35
user_111,P080,view,2023-01-15 11:00:35
user_112,P002,view,2023-01-15 01:57:00
user_112,P071,view,2023-01-15 01:58:58
user_112,P060,view,2023-01-15 02:02:37
user_112,P090,view,2023-01-15 02:10:08
user_112,P025,view,2023-01-15 02:11:26
user_112,P038,view,2023-01-15 02:18:37
user_112,P040,view,2023-01-15 02:24:25
user_112,P057,view,2023-01-15 02:28:18
user_112,P088,view,2023-01-15 02:33:40
user_112,P017,view,2023-01-15 02:39:21
user_112,P094,view,2023-01-15 02:45:33
user_112,P021,view,2023-01-15 02:51:18
user_112,P074,view,2023-01-15 02:53:54
user_112,P042,view,2023-01-15 02:58:32
user_112,P045,view,2023-01-15 03:00:17
user_112,P014,click,2023-01-15 03:01:34
user_112,P082,view,2023-01-15 03:03:50
user_112,P047,click,2023-01-15 03:10:10
user_112,P077,view,2023-01-15 03:14:39
user_112,P019,view,2023-01-15 03:18:50
user_112,P089,view,2023-01-15 03:27:52
user_112,P049,view,2023-01-15 03:29:28
user_112,P066,add_to_cart,2023-01-15 03:31:43
user_112,P033,view,2023-01-15 03:36:20
user_113,P007,view,2023-01-09 03:35:00
user_113,P061,click,2023-01-09 03:41:52
user_113,P049,view,2023-01-09 03:44:05
user_113,P080,view,2023-01-09 03:46:07
user_113,P029,view,2023-01-09 03:49:31
user_113,P016,view,2023-01-09 03:51:49
user_113,P078,view,2023-01-09 03:53:04
user_113,P078,view,2023-01-09 03:54:38
user_113,P045,view,2023-01-09 04:03:40
user_113,P068,click,2023-01-09 04:11:00
user_114,P049,click,2023-01-14 19:29:00
user_114,P033,click,2023-01-14 19:38:20
user_114,P021,view,2023-01-14 19:43:06
user_114,P073,view,2023-01-14 19:52:48
user_114,P023,view,2023-01-14 19:56:17
user_114,P002,view,2023-01-14 20:01:25
user_114,P003,view,2023-01-14 20:10:47
user_114,P100,view,2023-01-14 20:16:13
user_114,P034,add_to_cart,2023-01-14 20:21:56
user_115,P018,view,2023-01-13 11:21:00
user_115,P094,view,2023-01-13 11:23:07
user_115,P096,click,2023-01-13 11:24:22
user_115,P027,click,2023-01-13 11:25:50
user_115,P048,view,2023-01-13 11:31:51
user_115,P011,view,2023-01-13 11:33:04
user_115,P069,click,2023-01-13 11:39:35
user_115,P009,view,2023-01-13 11:44:32
user_115,P070,view,2023-01-13 11:46:09
user_115,P072,view,2023-01-13 11:52:58
user_115,P038,click,2023-01-13 11:57:29
user_115,P035,view,2023-01-13 12:05:25
user_115,P014,view,2023-01-13 12:13:52
user_116,P017,view,2023-01-02 16:09:00
user_116,P042,view,2023-01-02 16:17:40
user_116,P085,view,2023-01-02 16:19:30
user_116,P082,click,2023-01-02 16:21:46
user_116,P081,click,2023-01-02 16:22:02
user_116,P051,view,2023-01-02 16:28:38
user_116,P012,view,2023-01-02 16:36:03
user_116,P011,view,2023-01-02 16:44:47
user_116,P085,click,2023-01-02 16:53:33
user_116,P036,view,2023-01-02 16:53:45
user_116,P014,click,2023-01-02 17:01:29
user_116,P050,view,2023-01-02 17:05:29
user_116,P088,view,2023-01-02 17:05:53
user_116,P026,click,2023-01-02 17:08:06
user_116,P061,view,2023-01-02 17:12:16
user_116,P074,add_to_cart,2023-01-02 17:21:36
user_116,P006,view,2023-01-02 17:27:58
user_116,P038,view,2023-01-02 17:32:04
user_116,P072,view,2023-01-02 17:36:34
user_116,P085,view,2023-01-02 17:37:48
user_116,P088,view,2023-01-02 17:38:31
user_117,P074,view,2023-01-16 17:26:00
user_117,P042,view,2023-01-16 17:29:04
user_117,P075,click,2023-01-16 17:29:33
user_117,P052,view,2023-01-16 17:30:34
user_117,P093,click,2023-01-16 17:36:21
user_117,P033,click,2023-01-16 17:44:00
user_117,P047,view,2023-01-16 17:52:54
user_117,P084,view,2023-01-16 17:56:44
user_117,P088,view,2023-01-16 18:03:30
user_117,P044,view,2023-01-16 18:12:36
user_117,P052,add_to_cart,2023-01-16 18:18:23
user_117,P058,view,2023-01-16 18:21:41
user_117,P047,view,2023-01-16 18:24:26
user_117,P019,view,2023-01-16 18:25:12
user_117,P058,click,2023-01-16 18:29:51
user_117,P080,view,2023-01-16 18:35:05
user_117,P053,view,2023-01-16 18:44:15
user_117,P057,view,2023-01-16 18:53:09
user_117,P030,view,2023-01-16 19:00:03
user_118,P058,view,2023-01-26 15:58:00
user_118,P002,view,2023-01-26 16:07:52
user_118,P077,click,2023-01-26 16:17:50
user_118,P007,add_to_cart,2023-01-26 16:22:12
user_118,P076,view,2023-01-26 16:23:44
user_118,P060,click,2023-01-26 16:28:02
user_118,P005,view,2023-01-26 16:34:43
user_118,P053,view,2023-01-26 16:37:36
user_118,P007,click,2023-01-26 16:43:42
user_118,P099,view,2023-01-26 16:50:42
user_119,P061,view,2023-01-11 19:25:00
user_119,P085,view,2023-01-11 19:28:45
user_119,P091,click,2023-01-11 19:32:46
user_119,P023,add_to_cart,2023-01-11 19:40:31
user_119,P068,click,2023-01-11 19:43:44
user_119,P044,view,2023-01-11 19:50:37
user_119,P097,view,2023-01-11 19:56:38
user_119,P069,add_to_cart,2023-01-11 20:05:26
user_119,P056,view,2023-01-11 20:10:14
user_119,P098,click,2023-01-11 20:18:20
user_119,P058,view,2023-01-11 20:24:29
user_120,P071,click,2023-01-05 04:32:00
user_120,P051,view,2023-01-05 04:35:24
user_120,P015,click,2023-01-05 04:41:45
user_120,P083,view,2023-01-05 04:45:30
user_120,P012,add_to_cart,2023-01-05 04:54:16
user_120,P087,view,2023-01-05 04:59:01
user_120,P067,view,2023-01-05 05:06:05
user_120,P018,click,2023-01-05 05:11:18
user_120,P063,view,2023-01-05 05:19:52
user_120,P078,view,2023-01-05 05:23:42
user_120,P045,view,2023-01-05 05:30:51
user_120,P042,add_to_cart,2023-01-05 05:31:23
user_120,P098,view,2023-01-05 05:32:36
user_121,P046,click,2023-01-17 07:34:00
user_121,P049,view,2023-01-17 07:35:34
user_121,P004,click,2023-01-17 07:38:08
user_121,P087,view,2023-01-17 07:41:31
user_121,P095,view,2023-01-17 07:49:27
user_121,P040,view,2023-01-17 07:55:38
user_121,P090,view,2023-01-17 08:02:02
user_121,P077,click,2023-01-17 08:08:13
user_121,P080,view,2023-01-17 08:15:49
user_121,P067,view,2023-01-17 08:22:53
user_121,P049,view,2023-01-17 08:24:51
user_121,P056,click,2023-01-17 08:32:44
user_121,P031,view,2023-01-17 08:33:32
user_121,P053,view,2023-01-17 08:37:42
user_121,P028,view,2023-01-17 08:40:17
user_121,P037,click,2023-01-17 08:42:46
user_121,P045,view,2023-01-17 08:49:44
user_121,P036,view,2023-01-17 08:50:50
user_121,P044,view,2023-01-17 08:51:13
user_121,P068,view,2023-01-17 08:58:25
user_121,P055,add_to_cart,2023-01-17 09:03:54
user_121,P041,view,2023-01-17 09:04:40
user_121,P010,view,2023-01-17 09:12:17
user_121,P051,view,2023-01-17 09:19:45
user_122,P030,view,2023-01-07 21:20:00
user_122,P069,view,2023-01-07 21:22:29
user_122,P095,view,2023-01-07 21:32:07
user_122,P038,view,2023-01-07 21:37:07
user_122,P100,view,2023-01-07 21:39:38
user_122,P093,click,2023-01-07 21:47:08
user_122,P010,view,2023-01-07 21:53:30
user_122,P058,view,2023-01-07 21:54:45
user_122,P080,add_to_cart,2023-01-07 21:56:21
user_122,P020,view,2023-01-07 22:02:37
user_122,P028,view,2023-01-07 22:03:06
user_122,P047,view,2023-01-07 22:12:00
user_122,P097,add_to_cart,2023-01-07 22:12:23
user_122,P042,view,2023-01-07 22:18:54
user_122,P067,click,2023-01-07 22:28:10
user_122,P055,view,2023-01-07 22:32:11
user_122,P098,view,2023-01-07 22:34:04
user_122,P087,view,2023-01-07 22:40:16
user_122,P077,view,2023-01-07 22:46:33
user_122,P081,view,2023-01-07 22:49:58
user_122,P083,view,2023-01-07 22:54:37
user_122,P063,view,2023-01-07 22:56:39
user_122,P020,click,2023-01-07 23:01:58
user_122,P047,view,2023-01-07 23:06:45
user_123,P039,click,2023-01-20 00:04:00
user_123,P039,view,2023-01-20 00:05:25
user_123,P004,add_to_cart,2023-01-20 00:12:38
user_123,P068,view,2023-01-20 00:16:06
user_123,P051,view,2023-01-20 00:19:26
user_123,P042,add_to_cart,2023-01-20 00:21:56
user_123,P017,click,2023-01-20 00:25:30
user_123,P081,click,2023-01-20 00:30:13
user_123,P009,click,2023-01-20 00:35:05
user_123,P086,click,2023-01-20 00:42:08
user_123,P076,click,2023-01-20 00:48:17
user_124,P059,view,2023-01-01 17:46:00
user_124,P086,view,2023-01-01 17:47:47
user_124,P092,click,2023-01-01 17:48:18
user_124,P044,view,2023-01-01 17:49:44
user_124,P034,view,2023-01-01 17:57:47
user_124,P038,view,2023-01-01 18:04:33
user_124,P073,view,2023-01-01 18:11:10
user_124,P051,add_to_cart,2023-01-01 18:15:29
user_124,P014,view,2023-01-01 18:22:02
user_124,P039,add_to_cart,2023-01-01 18:22:10
user_124,P028,view,2023-01-01 18:29:03
user_124,P078,view,2023-01-01 18:33:02
user_124,P048,click,2023-01-01 18:37:45
user_124,P068,click,2023-01-01 18:43:00
user_124,P001,click,2023-01-01 18:46:41
user_124,P012,add_to_cart,2023-01-01 18:52:36
user_124,P042,view,2023-01-01 18:55:38
user_124,P074,view,2023-01-01 19:03:12
user_124,P017,view,2023-01-01 19:05:04
user_124,P041,click,2023-01-01 19:10:26
user_125,P045,click,2023-01-23 09:05:00
user_125,P044,view,2023-01-23 09:12:02
user_125,P050,view,2023-01-23 09:17:32
user_125,P067,add_to_cart,2023-01-23 09:24:32
user_125,P051,view,2023-01-23 09:25:50
user_125,P093,view,2023-01-23 09:31:26
user_125,P013,view,2023-01-23 09:40:09
user_125,P010,view,2023-01-23 09:40:17
user_125,P052,view,2023-01-23 09:49:10
user_125,P096,click,2023-01-23 09:54:39
user_125,P024,click,2023-01-23 09:59:20
user_125,P059,view,2023-01-23 10:01:56
user_125,P040,click,2023-01-23 10:07:24
user_125,P056,view,2023-01-23 10:15:27
user_126,P013,view,2023-01-04 21:13:00
user_126,P099,view,2023-01-04 21:20:04
user_126,P052,view,2023-01-04 21:29:57
user_126,P043,click,2023-01-04 21:35:49
user_126,P055,click,2023-01-04 21:44:47
user_126,P058,add_to_cart,2023-01-04 21:52:15
user_126,P084,click,2023-01-04 22:02:00
user_126,P041,view,2023-01-04 22:02:17
user_126,P012,view,2023-01-04 22:10:34
user_126,P057,click,2023-01-04 22:16:31
user_126,P045,view,2023-01-04 22:22:11
user_126,P090,view,2023-01-04 22:30:52
user_126,P056,view,2023-01-04 22:32:53
user_126,P034,view,2023-01-04 22:34:53
user_126,P075,view,2023-01-04 22:44:00
user_126,P070,view,2023-01-04 22:45:10
user_126,P020,view,2023-01-04 22:52:10
user_126,P025,view,2023-01-04 22:59:58
user_126,P017,view,2023-01-04 23:09:13
user_126,P023,view,2023-01-04 23:14:43
user_127,P089,view,2023-01-03 05:19:00
user_127,P093,view,2023-01-03 05:25:13
user_127,P052,view,2023-01-03 05:26:06
user_127,P005,view,2023-01-03 05:30:09
user_127,P037,view,2023-01-03 05:32:59
user_127,P064,view,2023-01-03 05:41:02
user_127,P082,view,2023-01-03 05:46:06
user_127,P054,view,2023-01-03 05:46:26
user_127,P094,view,2023-01-03 05:55:04
user_127,P059,add_to_cart,2023-01-03 06:02:52
user_127,P053,view,2023-01-03 06:04:28
user_127,P091,view,2023-01-03 06:07:41
user_127,P027,view,2023-01-03 06:15:58
user_128,P038,view,2023-01-16 04:58:00
user_128,P015,view,2023-01-16 05:07:29
user_128,P095,view,2023-01-16 05:16:53
user_128,P093,click,2023-01-16 05:26:33
user_128,P039,add_to_cart,2023-01-16 05:29:36
user_128,P064,view,2023-01-16 05:29:43
user_128,P097,add_to_cart,2023-01-16 05:38:30
user_128,P027,view,2023-01-16 05:41:57
user_128,P095,view,2023-01-16 05:51:12
user_128,P091,view,2023-01-16 05:52:22
user_128,P082,click,2023-01-16 05:54:17
user_128,P099,view,2023-01-16 06:01:48
user_128,P001,add_to_cart,2023-01-16 06:08:44
user_128,P084,view,2023-01-16 06:16:54
user_128,P002,click,2023-01-16 06:17:49
user_128,P064,click,2023-01-16 06:26:05
user_128,P034,view,2023-01-16 06:30:27
user_129,P085,view,2023-01-18 19:35:00
user_129,P074,view,2023-01-18 19:41:31
user_129,P061,click,2023-01-18 19:45:13
user_129,P026,view,2023-01-18 19:51:03
user_129,P016,view,2023-01-18 19:55:38
user_129,P003,click,2023-01-18 20:02:43
user_129,P080,view,2023-01-18 20:11:32
user_129,P066,view,2023-01-18 20:14:05
user_129,P058,view,2023-01-18 20:15:39
user_129,P046,add_to_cart,2023-01-18 20:21:41
user_129,P008,view,2023-01-18 20:29:21
user_129,P064,view,2023-01-18 20:32:44
user_129,P063,view,2023-01-18 20:36:08
user_129,P020,view,2023-01-18 20:40:20
user_129,P031,view,2023-01-18 20:45:26
user_129,P094,click,2023-01-18 20:50:01
user_129,P080,click,2023-01-18 20:58:27
user_130,P041,click,2023-01-22 14:22:00
user_130,P048,view,2023-01-22 14:28:56
user_130,P097,view,2023-01-22 14:29:14
user_130,P091,view,2023-01-22 14:33:27
user_130,P051,view,2023-01-22 14:42:32
user_130,P072,click,2023-01-22 14:46:16
user_130,P042,view,2023-01-22 14:52:49
user_130,P058,view,2023-01-22 14:57:36
user_130,P073,click,2023-01-22 15:06:37
user_130,P087,view,2023-01-22 15:08:50
user_130,P067,view,2023-01-22 15:10:59
user_130,P070,click,2023-01-22 15:16:17
user_131,P022,click,2023-01-23 09:11:00
user_131,P024,view,2023-01-23 09:12:47
user_131,P065,view,2023-01-23 09:22:28
user_131,P094,view,2023-01-23 09:24:29
user_131,P055,view,2023-01-23 09:25:19
user_131,P045,add_to_cart,2023-01-23 09:33:35
user_131,P024,view,2023-01-23 09:41:08
user_131,P024,view,2023-01-23 09:50:19
user_131,P059,view,2023-01-23 09:50:39
user_131,P016,view,2023-01-23 09:54:10
user_131,P068,view,2023-01-23 09:56:09
user_131,P013,add_to_cart,2023-01-23 10:04:16
user_131,P041,view,2023-01-23 10:12:22
user_131,P071,view,2023-01-23 10:16:01
user_131,P076,view,2023-01-23 10:20:24
user_131,P033,view,2023-01-23 10:29:26
user_131,P002,add_to_cart,2023-01-23 10:39:21
user_131,P032,add_to_cart,2023-01-23 10:47:00
user_131,P036,view,2023-01-23 10:55:22
user_131,P001,view,2023-01-23 11:00:59
user_131,P030,view,2023-01-23 11:10:10
user_131,P089,view,2023-01-23 11:17:33
user_131,P065,view,2023-01-23 11:27:32
user_131,P022,view,2023-01-23 11:32:43
user_131,P053,view,2023-01-23 11:34:36
user_132,P050,view,2023-01-21 04:17:00
user_132,P066,view,2023-01-21 04:25:58
user_132,P044,view,2023-01-21 04:32:26
user_132,P029,view,2023-01-21 04:33:09
user_132,P060,view,2023-01-21 04:38:49
user_132,P095,add_to_cart,2023-01-21 04:40:06
user_132,P002,view,2023-01-21 04:41:51
user_132,P014,add_to_cart,2023-01-21 04:45:53
user_132,P058,view,2023-01-21 04:47:36
user_132,P051,click,2023-01-21 04:55:55
user_132,P083,click,2023-01-21 05:00:56
user_133,P007,view,2023-01-04 19:28:00
user_133,P099,view,2023-01-04 19:28:16
user_133,P032,add_to_cart,2023-01-04 19:36:46
user_133,P045,view,2023-01-04 19:37:59
user_133,P033,view,2023-01-04 19:45:16
user_133,P062,add_to_cart,2023-01-04 19:45:29
user_133,P078,view,2023-01-04 19:47:27
user_133,P042,view,2023-01-04 19:54:01
user_133,P082,view,2023-01-04 19:58:25
user_133,P080,add_to_cart,2023-01-04 20:01:21
user_133,P064,view,2023-01-04 20:02:27
user_133,P020,click,2023-01-04 20:06:46
user_133,P077,view,2023-01-04 20:12:03
user_133,P097,add_to_cart,2023-01-04 20:19:49
user_133,P044,click,2023-01-04 20:28:33
user_133,P069,add_to_cart,2023-01-04 20:34:51
user_133,P032,click,2023-01-04 20:38:49
user_133,P030,view,2023-01-04 20:48:32
user_133,P003,view,2023-01-04 20:49:05
user_133,P030,view,2023-01-04 20:53:22
user_133,P062,view,2023-01-04 20:59:52
user_133,P025,click,2023-01-04 21:09:36
user_133,P035,click,2023-01-04 21:14:40
user_134,P044,view,2023-01-30 05:40:00
user_134,P002,view,2023-01-30 05:40:51
user_134,P058,view,2023-01-30 05:50:36
user_134,P056,view,2023-01-30 05:56:10
user_134,P030,view,2023-01-30 05:58:56
user_134,P055,view,2023-01-30 06:06:34
user_134,P026,view,2023-01-30 06:15:13
user_134,P053,view,2023-01-30 06:22:05
user_134,P058,click,2023-01-30 06:25:17
user_135,P090,view,2023-01-11 14:33:00
user_135,P052,view,2023-01-11 14:34:44
user_135,P053,view,2023-01-11 14:39:26
user_135,P030,view,2023-01-11 14:47:41
user_135,P020,click,2023-01-11 14:53:14
user_135,P005,view,2023-01-11 14:57:53
user_135,P083,view,2023-01-11 15:03:25
user_135,P096,view,2023-01-11 15:12:41
user_135,P050,view,2023-01-11 15:14:08
user_136,P083,view,2023-01-02 02:36:00
user_136,P023,view,2023-01-02 02:44:52
user_136,P072,view,2023-01-02 02:53:40
user_136,P005,view,2023-01-02 02:58:26
user_136,P028,view,2023-01-02 03:02:59
user_136,P030,add_to_cart,2023-01-02 03:03:21
user_136,P033,view,2023-01-02 03:12:36
user_136,P002,add_to_cart,2023-01-02 03:19:42
user_136,P050,view,2023-01-02 03:29:04
user_136,P018,view,2023-01-02 03:32:44
user_136,P092,view,2023-01-02 03:34:00
user_136,P029,view,2023-01-02 03:41:30
user_136,P006,view,2023-01-02 03:44:04
user_136,P014,view,2023-01-02 03:45:47
user_136,P050,add_to_cart,2023-01-02 03:53:26
user_136,P010,click,2023-01-02 03:57:23
user_137,P025,add_to_cart,2023-01-16 03:01:00
user_137,P058,view,2023-01-16 03:01:55
user_137,P059,view,2023-01-16 03:04:10
user_137,P064,view,2023-01-16 03:11:26
user_137,P082,add_to_cart,2023-01-16 03:16:53
user_137,P076,view,2023-01-16 03:23:09
user_137,P094,view,2023-01-16 03:25:14
user_137,P091,view,2023-01-16 03:27:27
user_137,P082,view,2023-01-16 03:28:00
user_137,P002,view,2023-01-16 03:33:01
user_137,P099,view,2023-01-16 03:33:29
user_137,P058,view,2023-01-16 03:35:52
user_137,P015,view,2023-01-16 03:44:12
user_137,P043,view,2023-01-16 03:53:30
user_137,P032,view,2023-01-16 03:56:46
user_137,P066,view,2023-01-16 04:00:25
user_138,P048,view,2023-01-26 21:24:00
user_138,P090,click,2023-01-26 21:29:27
user_138,P065,view,2023-01-26 21:32:00
user_138,P070,view,2023-01-26 21:38:06
user_138,P100,view,2023-01-26 21:47:26
user_138,P040,view,2023-01-26 21:47:47
user_138,P076,view,2023-01-26 21:49:07
user_138,P086,add_to_cart,2023-01-26 21:54:13
user_138,P009,add_to_cart,2023-01-26 21:55:26
user_138,P099,view,2023-01-26 21:56:39
user_139,P060,view,2023-01-06 02:27:00
user_139,P002,click,2023-01-06 02:32:47
user_139,P099,view,2023-01-06 02:41:50
user_139,P021,view,2023-01-06 02:43:35
user_139,P093,click,2023-01-06 02:49:20
user_139,P038,view,2023-01-06 02:54:41
user_139,P002,click,2023-01-06 03:03:42
user_139,P070,view,2023-01-06 03:04:12
user_139,P097,view,2023-01-06 03:09:39
user_139,P019,view,2023-01-06 03:09:56
user_139,P035,view,2023-01-06 03:16:11
user_139,P098,view,2023-01-06 03:20:36
user_139,P057,click,2023-01-06 03:24:05
user_139,P053,add_to_cart,2023-01-06 03:30:36
user_139,P088,click,2023-01-06 03:31:49
user_139,P072,view,2023-01-06 03:34:34
user_139,P016,view,2023-01-06 03:38:10
user_139,P077,click,2023-01-06 03:43:46
user_139,P089,view,2023-01-06 03:53:01
user_139,P009,view,2023-01-06 03:55:57
user_139,P050,view,2023-01-06 04:03:52
user_140,P063,view,2023-01-15 11:48:00
user_140,P041,click,2023-01-15 11:51:32
user_140,P018,click,2023-01-15 11:56:41
user_140,P069,view,2023-01-15 11:58:15
user_140,P099,view,2023-01-15 12:07:07
user_140,P023,click,2023-01-15 12:16:12
user_140,P049,view,2023-01-15 12:17:35
user_140,P023,view,2023-01-15 12:24:20
user_140,P014,view,2023-01-15 12:27:30
user_140,P019,click,2023-01-15 12:30:12
user_140,P077,click,2023-01-15 12:37:36
user_140,P033,click,2023-01-15 12:45:06
user_140,P073,view,2023-01-15 12:54:00
user_140,P019,view,2023-01-15 12:54:21
user_140,P084,view,2023-01-15 13:03:31
user_140,P088,add_to_cart,2023-01-15 13:06:57
user_140,P090,view,2023-01-15 13:13:41
user_140,P080,view,2023-01-15 13:17:27
user_140,P040,view,2023-01-15 13:17:47
user_140,P050,view,2023-01-15 13:18:12
user_140,P041,view,2023-01-15 13:23:04
user_140,P020,click,2023-01-15 13:27:51
user_140,P061,view,2023-01-15 13:35:12
user_140,P097,click,2023-01-15 13:36:59
user_140,P070,add_to_cart,2023-01-15 13:38:44
user_141,P054,view,2023-01-26 21:57:00
user_141,P088,view,2023-01-26 22:06:07
user_141,P014,view,2023-01-26 22:10:44
user_141,P024,add_to_cart,2023-01-26 22:18:10
user_141,P091,view,2023-01-26 22:26:36
user_141,P082,view,2023-01-26 22:31:28
user_141,P026,view,2023-01-26 22:32:09
user_141,P064,view,2023-01-26 22:36:00
user_141,P086,view,2023-01-26 22:39:06
user_141,P092,view,2023-01-26 22:40:03
user_141,P100,click,2023-01-26 22:47:20
user_141,P012,view,2023-01-26 22:54:07
user_141,P029,view,2023-01-26 23:01:54
user_141,P002,view,2023-01-26 23:08:02
user_141,P004,view,2023-01-26 23:12:10
user_141,P023,click,2023-01-26 23:15:00
user_141,P066,view,2023-01-26 23:23:28
user_141,P011,click,2023-01-26 23:30:25
user_141,P050,view,2023-01-26 23:37:48
user_141,P011,view,2023-01-26 23:45:55
user_142,P056,view,2023-01-21 14:13:00
user_142,P025,click,2023-01-21 14:17:59
user_142,P015,view,2023-01-21 14:20:54
user_142,P021,view,2023-01-21 14:22:24
user_142,P050,click,2023-01-21 14:30:28
user_142,P004,view,2023-01-21 14:31:41
user_142,P035,view,2023-01-21 14:40:26
user_142,P081,click,2023-01-21 14:44:33
user_142,P006,view,2023-01-21 14:48:23
user_142,P012,view,2023-01-21 14:49:34
user_143,P029,view,2023-01-02 22:22:00
user_143,P028,view,2023-01-02 22:25:46
user_143,P081,view,2023-01-02 22:28:28
user_143,P088,view,2023-01-02 22:33:58
user_143,P024,view,2023-01-02 22:37:51
user_143,P079,view,2023-01-02 22:38:42
user_143,P065,add_to_cart,2023-01-02 22:39:10
user_143,P028,view,2023-01-02 22:44:27
user_143,P035,click,2023-01-02 22:52:21
user_144,P024,view,2023-01-15 01:27:00
user_144,P053,view,2023-01-15 01:29:02
user_144,P100,click,2023-01-15 01:37:01
user_144,P098,view,2023-01-15 01:42:10
user_144,P063,view,2023-01-15 01:43:57
user_144,P037,click,2023-01-15 01:51:22
user_144,P039,view,2023-01-15 01:52:58
user_144,P078,view,2023-01-15 02:00:58
user_144,P004,view,2023-01-15 02:09:08
user_144,P025,view,2023-01-15 02:15:16
user_144,P067,view,2023-01-15 02:18:37
user_144,P020,view,2023-01-15 02:24:48
user_144,P011,view,2023-01-15 02:31:12
user_144,P007,view,2023-01-15 02:39:07
user_144,P034,view,2023-01-15 02:46:46
user_144,P009,click,2023-01-15 02:47:48
user_144,P041,view,2023-01-15 02:51:22
user_144,P025,click,2023-01-15 02:55:20
user_144,P039,view,2023-01-15 03:02:07
user_144,P027,view,2023-01-15 03:07:47
user_144,P068,view,2023-01-15 03:11:02
user_144,P085,view,2023-01-15 03:15:50
user_144,P083,click,2023-01-15 03:22:28
user_144,P082,click,2023-01-15 03:24:17
user_144,P094,view,2023-01-15 03:28:02
user_145,P098,add_to_cart,2023-01-29 08:09:00
user_145,P097,click,2023-01-29 08:16:28
user_145,P019,view,2023-01-29 08:20:28
user_145,P033,view,2023-01-29 08:24:49
user_145,P042,view,2023-01-29 08:34:22
user_145,P087,view,2023-01-29 08:40:42
user_145,P079,view,2023-01-29 08:44:05
user_145,P067,view,2023-01-29 08:48:50
user_145,P098,view,2023-01-29 08:51:26
user_146,P046,view,2023-01-11 10:48:00
user_146,P091,view,2023-01-11 10:55:05
user_146,P096,view,2023-01-11 11:04:15
user_146,P033,view,2023-01-11 11:08:52
user_146,P080,view,2023-01-11 11:14:04
user_146,P093,view,2023-01-11 11:21:32
user_146,P010,view,2023-01-11 11:24:53
user_146,P013,view,2023-01-11 11:26:52
user_146,P046,view,2023-01-11 11:30:55
user_146,P067,view,2023-01-11 11:37:08
user_146,P089,click,2023-01-11 11:40:09
user_146,P039,view,2023-01-11 11:42:57
user_146,P001,view,2023-01-11 11:49:01
user_146,P030,view,2023-01-11 11:53:18
user_147,P052,view,2023-01-12 06:03:00
user_147,P093,add_to_cart,2023-01-12 06:03:26
user_147,P093,add_to_cart,2023-01-12 06:13:00
user_147,P012,view,2023-01-12 06:14:47
user_147,P062,add_to_cart,2023-01-12 06:24:18
user_147,P073,view,2023-01-12 06:28:14
user_147,P055,view,2023-01-12 06:33:51
user_147,P024,add_to_cart,2023-01-12 06:39:40
user_147,P013,view,2023-01-12 06:41:54
user_147,P060,view,2023-01-12 06:46:42
user_147,P079,view,2023-01-12 06:50:29
user_147,P073,view,2023-01-12 06:52:53
user_147,P091,view,2023-01-12 06:57:27
user_148,P054,view,2023-01-05 23:57:00
user_148,P089,view,2023-01-06 00:02:03
user_148,P071,view,2023-01-06 00:02:54
user_148,P062,click,2023-01-06 00:12:37
user_148,P086,view,2023-01-06 00:21:50
user_148,P091,view,2023-01-06 00:22:46
user_148,P042,view,2023-01-06 00:28:27
user_148,P027,view,2023-01-06 00:32:29
user_148,P064,click,2023-01-06 00:39:20
user_148,P020,add_to_cart,2023-01-06 00:47:21
user_148,P019,view,2023-01-06 00:50:53
user_148,P038,view,2023-01-06 00:53:43
user_148,P076,view,2023-01-06 01:01:11
user_148,P073,view,2023-01-06 01:02:34
user_148,P096,add_to_cart,2023-01-06 01:09:14
user_148,P079,view,2023-01-06 01:16:00
user_148,P043,view,2023-01-06 01:20:00
user_148,P054,view,2023-01-06 01:23:50
user_148,P016,click,2023-01-06 01:27:24
user_148,P090,view,2023-01-06 01:29:04
user_149,P076,view,2023-01-11 07:56:00
user_149,P020,view,2023-01-11 08:05:46
user_149,P059,click,2023-01-11 08:11:04
user_149,P046,click,2023-01-11 08:18:26
user_149,P020,view,2023-01-11 08:27:10
user_149,P037,view,2023-01-11 08:27:53
user_149,P033,view,2023-01-11 08:33:28
user_149,P044,click,2023-01-11 08:34:26
user_149,P062,view,2023-01-11 08:36:23
user_149,P089,click,2023-01-11 08:38:25
user_149,P034,add_to_cart,2023-01-11 08:42:01
user_149,P030,add_to_cart,2023-01-11 08:44:13
user_149,P099,click,2023-01-11 08:50:51
user_149,P091,view,2023-01-11 08:51:40
user_149,P049,click,2023-01-11 08:56:59
user_149,P070,add_to_cart,2023-01-11 09:01:30
user_149,P100,view,2023-01-11 09:06:24
user_149,P085,click,2023-01-11 09:09:52
user_150,P047,view,2023-01-22 02:18:00
user_150,P018,view,2023-01-22 02:21:24
user_150,P049,view,2023-01-22 02:26:23
user_150,P071,view,2023-01-22 02:28:45
user_150,P049,add_to_cart,2023-01-22 02:30:58
user_150,P024,view,2023-01-22 02:35:55
user_150,P081,add_to_cart,2023-01-22 02:39:53
user_150,P097,add_to_cart,2023-01-22 02:45:24
user_150,P073,view,2023-01-22 02:45:39
user_150,P068,click,2023-01-22 02:53:10
user_150,P013,click,2023-01-22 03:00:35
user_150,P039,view,2023-01-22 03:04:28
user_150,P012,view,2023-01-22 03:10:25
user_150,P062,click,2023-01-22 03:12:37
user_150,P015,view,2023-01-22 03:18:40
user_150,P068,view,2023-01-22 03:27:50
user_150,P039,view,2023-01-22 03:28:10
user_150,P021,view,2023-01-22 03:38:07
user_150,P071,view,2023-01-22 03:47:02
user_150,P066,view,2023-01-22 03:48:23
user_150,P026,view,2023-01-22 03:58:00
user_150,P029,view,2023-01-22 04:03:30
user_150,P058,add_to_cart,2023-01-22 04:08:58
user_150,P061,view,2023-01-22 04:11:47
user_150,P073,view,2023-01-22 04:19:26
user_151,P010,view,2023-01-19 13:17:00
user_151,P065,view,2023-01-19 13:25:05
user_151,P065,view,2023-01-19 13:30:49
user_151,P078,view,2023-01-19 13:38:39
user_151,P055,view,2023-01-19 13:45:24
user_151,P025,view,2023-01-19 13:53:57
user_151,P021,view,2023-01-19 13:54:07
user_151,P089,click,2023-01-19 14:02:16
user_152,P081,view,2023-01-15 07:35:00
user_152,P016,view,2023-01-15 07:37:28
user_152,P092,add_to_cart,2023-01-15 07:44:25
user_152,P089,view,2023-01-15 07:50:56
user_152,P079,click,2023-01-15 07:52:06
user_152,P082,view,2023-01-15 07:55:32
user_152,P091,click,2023-01-15 07:57:29
user_152,P027,view,2023-01-15 08:07:22
user_153,P094,view,2023-01-16 02:48:00
user_153,P012,view,2023-01-16 02:55:46
user_153,P043,view,2023-01-16 03:03:47
user_153,P085,view,2023-01-16 03:06:48
user_153,P075,view,2023-01-16 03:14:20
user_153,P074,view,2023-01-16 03:17:46
user_153,P100,add_to_cart,2023-01-16 03:25:24
user_153,P023,view,2023-01-16 03:34:43
user_153,P037,view,2023-01-16 03:38:56
user_153,P050,click,2023-01-16 03:45:30
user_154,P088,view,2023-01-26 15:50:00
user_154,P070,view,2023-01-26 15:54:17
user_154,P065,click,2023-01-26 15:56:07
user_154,P058,click,2023-01-26 16:05:19
user_154,P042,click,2023-01-26 16:09:51
user_154,P011,click,2023-01-26 16:17:30
user_154,P018,add_to_cart,2023-01-26 16:19:55
user_154,P024,view,2023-01-26 16:23:03
user_154,P055,view,2023-01-26 16:27:54
user_154,P015,click,2023-01-26 16:34:24
user_154,P070,click,2023-01-26 16:41:23
user_154,P015,view,2023-01-26 16:44:50
user_154,P038,view,2023-01-26 16:47:12
user_154,P071,view,2023-01-26 16:56:38
user_154,P088,view,2023-01-26 17:06:36
user_154,P098,view,2023-01-26 17:08:04
user_154,P011,view,2023-01-26 17:10:21
user_154,P001,click,2023-01-26 17:16:41
user_154,P020,click,2023-01-26 17:20:18
user_154,P088,view,2023-01-26 17:22:51
user_154,P022,view,2023-01-26 17:29:31
user_154,P097,view,2023-01-26 17:34:21
user_155,P095,view,2023-01-12 07:59:00
user_155,P024,view,2023-01-12 08:02:32
user_155,P026,view,2023-01-12 08:09:54
user_155,P065,view,2023-01-12 08:17:00
user_155,P043,view,2023-01-12 08:19:47
user_155,P039,view,2023-01-12 08:29:17
user_155,P043,view,2023-01-12 08:34:06
user_155,P059,click,2023-01-12 08:36:28
user_155,P042,click,2023-01-12 08:43:43
user_155,P032,click,2023-01-12 08:50:53
user_155,P056,view,2023-01-12 08:57:22
user_155,P002,view,2023-01-12 08:59:12
user_156,P009,view,2023-01-08 03:26:00
user_156,P049,click,2023-01-08 03:27:54
user_156,P053,view,2023-01-08 03:33:38
user_156,P045,view,2023-01-08 03:36:30
user_156,P022,view,2023-01-08 03:38:19
user_156,P039,view,2023-01-08 03:43:22
user_156,P007,view,2023-01-08 03:44:14
user_156,P037,click,2023-01-08 03:50:29
user_156,P081,view,2023-01-08 03:53:18
user_156,P062,view,2023-01-08 03:56:56
user_156,P033,click,2023-01-08 04:03:21
user_156,P020,view,2023-01-08 04:07:24
user_156,P074,view,2023-01-08 04:13:31
user_156,P004,click,2023-01-08 04:14:12
user_157,P083,click,2023-01-16 08:57:00
user_157,P010,add_to_cart,2023-01-16 09:06:11
user_157,P060,click,2023-01-16 09:12:48
user_157,P069,view,2023-01-16 09:20:13
user_157,P041,view,2023-01-16 09:25:37
user_157,P023,add_to_cart,2023-01-16 09:35:09
user_157,P063,view,2023-01-16 09:37:55
user_157,P051,view,2023-01-16 09:41:44
user_157,P098,click,2023-01-16 09:46:35
user_158,P079,view,2023-01-04 11:52:00
user_158,P048,view,2023-01-04 12:01:12
user_158,P080,view,2023-01-04 12:08:42
user_158,P042,view,2023-01-04 12:10:30
user_158,P039,view,2023-01-04 12:19:16
user_158,P065,view,2023-01-04 12:23:57
user_158,P061,view,2023-01-04 12:27:09
user_158,P034,click,2023-01-04 12:32:56
user_158,P098,view,2023-01-04 12:42:05
user_158,P054,view,2023-01-04 12:46:35
user_158,P001,view,2023-01-04 12:52:12
user_158,P095,add_to_cart,2023-01-04 13:01:16
user_158,P098,view,2023-01-04 13:07:29
user_158,P061,view,2023-01-04 13:09:12
user_158,P073,view,2023-01-04 13:19:09
user_158,P050,click,2023-01-04 13:24:28
user_158,P095,view,2023-01-04 13:33:34
user_158,P048,view,2023-01-04 13:33:58
user_158,P001,view,2023-01-04 13:38:55
user_158,P025,view,2023-01-04 13:39:53
user_158,P076,view,2023-01-04 13:43:32
user_159,P002,view,2023-01-31 05:05:00
user_159,P016,view,2023-01-31 05:14:08
user_159,P048,click,2023-01-31 05:23:56
user_159,P053,view,2023-01-31 05:32:47
user_159,P046,view,2023-01-31 05:38:21
user_159,P038,view,2023-01-31 05:40:52
user_159,P020,view,2023-01-31 05:45:55
user_159,P074,click,2023-01-31 05:48:57
user_159,P031,view,2023-01-31 05:52:22
user_159,P061,view,2023-01-31 05:53:34
user_159,P017,view,2023-01-31 05:59:37
user_159,P070,view,2023-01-31 06:02:40
user_159,P025,add_to_cart,2023-01-31 06:09:38
user_159,P071,view,2023-01-31 06:11:50
user_159,P019,click,2023-01-31 06:17:39
user_159,P041,view,2023-01-31 06:24:49
user_159,P013,view,2023-01-31 06:25:40
user_160,P041,view,2023-01-28 20:34:00
user_160,P032,view,2023-01-28 20:35:29
user_160,P059,view,2023-01-28 20:43:09
user_160,P096,view,2023-01-28 20:47:03
user_160,P028,view,2023-01-28 20:53:25
user_160,P055,view,2023-01-28 20:58:59
user_160,P010,view,2023-01-28 21:05:25
user_160,P038,view,2023-01-28 21:09:59
user_160,P035,view,2023-01-28 21:17:47
user_160,P041,add_to_cart,2023-01-28 21:22:04
user_160,P020,view,2023-01-28 21:26:42
user_160,P049,click,2023-01-28 21:33:44
user_160,P042,click,2023-01-28 21:35:32
user_160,P030,view,2023-01-28 21:39:06
user_160,P019,click,2023-01-28 21:43:23
user_160,P095,click,2023-01-28 21:45:43
user_161,P009,view,2023-01-05 00:13:00
user_161,P020,view,2023-01-05 00:15:23
user_161,P075,click,2023-01-05 00:17:17
user_161,P027,view,2023-01-05 00:17:25
user_161,P094,add_to_cart,2023-01-05 00:18:16
user_161,P052,view,2023-01-05 00:21:53
user_161,P073,view,2023-01-05 00:25:22
user_161,P048,view,2023-01-05 00:26:43
user_161,P077,view,2023-01-05 00:28:33
user_161,P088,add_to_cart,2023-01-05 00:33:12
user_161,P077,view,2023-01-05 00:34:33
user_161,P066,view,2023-01-05 00:38:42
user_161,P073,click,2023-01-05 00:48:16
user_161,P084,view,2023-01-05 00:54:28
user_161,P017,click,2023-01-05 01:03:37
user_161,P013,click,2023-01-05 01:11:07
user_161,P016,click,2023-01-05 01:16:14
user_161,P043,view,2023-01-05 01:20:02
user_161,P012,click,2023-01-05 01:20:09
user_161,P080,view,2023-01-05 01:25:47
user_161,P063,view,2023-01-05 01:28:48
user_161,P051,view,2023-01-05 01:38:13
user_161,P015,click,2023-01-05 01:43:49
user_161,P023,click,2023-01-05 01:52:23
user_162,P046,view,2023-01-16 03:41:00
user_162,P044,view,2023-01-16 03:45:13
user_162,P054,view,2023-01-16 03:54:41
user_162,P022,view,2023-01-16 03:55:51
user_162,P073,click,2023-01-16 04:05:13
user_162,P005,view,2023-01-16 04:11:00
user_162,P016,view,2023-01-16 04:19:44
user_162,P015,view,2023-01-16 04:25:05
user_162,P054,add_to_cart,2023-01-16 04:27:20
user_162,P082,add_to_cart,2023-01-16 04:35:39
user_162,P065,view,2023-01-16 04:36:32
user_162,P071,view,2023-01-16 04:38:49
user_162,P093,view,2023-01-16 04:45:09
user_162,P076,view,2023-01-16 04:47:04
user_163,P023,view,2023-01-07 09:22:00
user_163,P009,add_to_cart,2023-01-07 09:28:44
user_163,P081,view,2023-01-07 09:29:40
user_163,P063,click,2023-01-07 09:36:26
user_163,P068,view,2023-01-07 09:41:30
user_163,P010,view,2023-01-07 09:48:34
user_163,P075,click,2023-01-07 09:54:43
user_163,P094,view,2023-01-07 10:01:29
user_163,P063,view,2023-01-07 10:05:22
user_163,P021,view,2023-01-07 10:09:54
user_163,P073,view,2023-01-07 10:15:18
user_163,P089,view,2023-01-07 10:23:53
user_163,P049,click,2023-01-07 10:29:49
user_163,P025,view,2023-01-07 10:33:22
user_163,P099,view,2023-01-07 10:39:55
user_163,P094,view,2023-01-07 10:48:40
user_164,P090,add_to_cart,2023-01-14 21:00:00
user_164,P079,view,2023-01-14 21:06:44
user_164,P080,click,2023-01-14 21:09:40
user_164,P055,view,2023-01-14 21:12:16
user_164,P034,view,2023-01-14 21:13:32
user_164,P099,view,2023-01-14 21:14:50
user_164,P092,view,2023-01-14 21:20:22
user_164,P093,view,2023-01-14 21:27:53
user_164,P063,view,2023-01-14 21:34:21
user_165,P079,view,2023-01-08 06:31:00
user_165,P019,view,2023-01-08 06:34:18
user_165,P059,view,2023-01-08 06:34:33
user_165,P027,view,2023-01-08 06:39:34
user_165,P028,view,2023-01-08 06:40:30
user_165,P044,view,2023-01-08 06:46:25
user_165,P093,view,2023-01-08 06:50:18
user_165,P070,view,2023-01-08 06:55:16
user_165,P078,add_to_cart,2023-01-08 06:56:13
user_165,P020,view,2023-01-08 06:57:11
user_165,P058,view,2023-01-08 06:59:30
user_165,P039,click,2023-01-08 07:08:16
user_165,P067,view,2023-01-08 07:17:29
user_165,P085,view,2023-01-08 07:25:16
user_165,P076,click,2023-01-08 07:26:16
user_165,P092,view,2023-01-08 07:32:53
user_165,P061,view,2023-01-08 07:34:46
user_165,P058,view,2023-01-08 07:42:05
user_165,P022,view,2023-01-08 07:50:57
user_165,P082,view,2023-01-08 08:00:35
user_165,P070,view,2023-01-08 08:10:23
user_165,P086,click,2023-01-08 08:15:15
user_165,P009,add_to_cart,2023-01-08 08:20:32
user_165,P058,add_to_cart,2023-01-08 08:25:05
user_166,P096,view,2023-01-25 10:14:00
user_166,P085,view,2023-01-25 10:20:09
user_166,P083,view,2023-01-25 10:27:29
user_166,P098,view,2023-01-25 10:29:31
user_166,P019,view,2023-01-25 10:39:25
user_166,P073,view,2023-01-25 10:45:59
user_166,P082,view,2023-01-25 10:55:01
user_166,P096,view,2023-01-25 10:56:18
user_166,P092,view,2023-01-25 11:06:12
user_167,P019,click,2023-01-11 19:50:00
user_167,P083,view,2023-01-11 19:52:06
user_167,P082,view,2023-01-11 19:54:46
user_167,P068,view,2023-01-11 19:59:23
user_167,P093,view,2023-01-11 20:09:00
user_167,P095,view,2023-01-11 20:15:53
user_167,P049,view,2023-01-11 20:17:26
user_167,P027,view,2023-01-11 20:19:09
user_167,P061,click,2023-01-11 20:23:30
user_167,P068,view,2023-01-11 20:31:57
user_167,P008,view,2023-01-11 20:36:32
user_167,P056,view,2023-01-11 20:42:15
user_167,P010,view,2023-01-11 20:48:18
user_167,P083,view,2023-01-11 20:51:11
user_167,P083,view,2023-01-11 20:54:34
user_167,P098,view,2023-01-11 21:02:30
user_167,P040,click,2023-01-11 21:11:54
user_167,P069,click,2023-01-11 21:15:21
user_167,P071,add_to_cart,2023-01-11 21:19:29
user_167,P013,view,2023-01-11 21:29:24
user_168,P046,view,2023-01-10 11:48:00
user_168,P080,view,2023-01-10 11:57:19
user_168,P010,view,2023-01-10 11:59:27
user_168,P028,view,2023-01-10 12:08:34
user_168,P089,view,2023-01-10 12:16:00
user_168,P078,add_to_cart,2023-01-10 12:25:00
user_168,P024,view,2023-01-10 12:31:00
user_168,P039,click,2023-01-10 12:32:35
user_168,P065,click,2023-01-10 12:37:21
user_168,P001,click,2023-01-10 12:40:02
user_168,P074,view,2023-01-10 12:46:41
user_168,P036,add_to_cart,2023-01-10 12:52:22
user_168,P021,view,2023-01-10 12:56:26
user_168,P075,view,2023-01-10 12:58:49
user_168,P077,view,2023-01-10 13:02:11
user_168,P069,view,2023-01-10 13:09:26
user_169,P074,click,2023-01-07 17:47:00
user_169,P013,click,2023-01-07 17:48:04
user_169,P033,view,2023-01-07 17:52:07
user_169,P077,view,2023-01-07 17:59:01
user_169,P041,view,2023-01-07 18:06:02
user_169,P048,view,2023-01-07 18:13:19
user_169,P056,click,2023-01-07 18:20:34
user_169,P088,view,2023-01-07 18:21:47
user_169,P025,view,2023-01-07 18:29:20
user_170,P060,view,2023-01-04 00:18:00
user_170,P002,click,2023-01-04 00:25:18
user_170,P060,view,2023-01-04 00:27:47
user_170,P017,view,2023-01-04 00:37:24
user_170,P020,view,2023-01-04 00:44:52
user_170,P057,view,2023-01-04 00:54:11
user_170,P037,add_to_cart,2023-01-04 00:57:13
user_170,P033,view,2023-01-04 01:01:48
user_170,P020,view,2023-01-04 01:05:59
user_170,P080,view,2023-01-04 01:12:17
user_170,P088,add_to_cart,2023-01-04 01:13:26
user_170,P017,view,2023-01-04 01:16:54
user_170,P061,view,2023-01-04 01:24:54
user_170,P086,view,2023-01-04 01:33:57
user_170,P091,view,2023-01-04 01:43:04
user_170,P032,view,2023-01-04 01:50:03
user_170,P099,view,2023-01-04 01:54:04
user_171,P091,view,2023-01-16 14:03:00
user_171,P031,view,2023-01-16 14:10:57
user_171,P054,view,2023-01-16 14:15:53
user_171,P017,view,2023-01-16 14:22:20
user_171,P022,view,2023-01-16 14:30:30
user_171,P027,view,2023-01-16 14:32:29
user_171,P004,view,2023-01-16 14:41:40
user_171,P081,add_to_cart,2023-01-16 14:44:11
user_171,P058,view,2023-01-16 14:50:30
user_171,P044,view,2023-01-16 14:58:03
user_171,P066,view,2023-01-16 15:05:08
user_171,P085,view,2023-01-16 15:07:58
user_171,P075,view,2023-01-16 15:15:43
user_171,P002,view,2023-01-16 15:22:06
user_171,P043,view,2023-01-16 15:23:22
user_171,P057,view,2023-01-16 15:26:51
user_171,P067,view,2023-01-16 15:34:47
user_172,P054,view,2023-01-10 02:44:00
user_172,P087,view,2023-01-10 02:53:37
user_172,P075,view,2023-01-10 02:57:43
user_172,P080,view,2023-01-10 03:05:29
user_172,P007,view,2023-01-10 03:11:57
user_172,P047,view,2023-01-10 03:14:07
user_172,P019,view,2023-01-10 03:21:55
user_172,P006,view,2023-01-10 03:29:53
user_172,P081,view,2023-01-10 03:39:19
user_172,P054,view,2023-01-10 03:39:46
user_172,P100,view,2023-01-10 03:43:45
user_172,P055,view,2023-01-10 03:47:25
user_172,P068,view,2023-01-10 03:48:59
user_172,P021,view,2023-01-10 03:53:20
user_173,P044,view,2023-01-12 03:02:00
user_173,P079,view,2023-01-12 03:05:56
user_173,P028,view,2023-01-12 03:14:26
user_173,P053,view,2023-01-12 03:15:21
user_173,P047,click,2023-01-12 03:25:11
user_173,P018,view,2023-01-12 03:25:38
user_173,P058,view,2023-01-12 03:34:03
user_173,P001,click,2023-01-12 03:42:19
user_173,P029,view,2023-01-12 03:50:10
user_173,P061,add_to_cart,2023-01-12 03:51:54
user_173,P014,click,2023-01-12 03:58:26
user_173,P022,click,2023-01-12 04:05:27
user_173,P085,click,2023-01-12 04:13:22
user_173,P021,click,2023-01-12 04:20:58
user_173,P026,view,2023-01-12 04:24:35
user_173,P038,view,2023-01-12 04:28:26
user_173,P060,add_to_cart,2023-01-12 04:37:31
user_173,P019,add_to_cart,2023-01-12 04:38:36
user_173,P057,view,2023-01-12 04:44:14
user_173,P016,view,2023-01-12 04:45:02
user_173,P012,view,2023-01-12 04:53:23
user_173,P033,view,2023-01-12 05:00:30
user_173,P070,view,2023-01-12 05:05:59
user_173,P089,view,2023-01-12 05:06:34
user_173,P010,view,2023-01-12 05:16:02
user_174,P034,click,2023-01-04 01:51:00
user_174,P087,click,2023-01-04 01:58:51
user_174,P069,add_to_cart,2023-01-04 02:03:03
user_174,P060,add_to_cart,2023-01-04 02:12:40
user_174,P061,view,2023-01-04 02:20:34
user_174,P053,view,2023-01-04 02:25:50
user_174,P092,add_to_cart,2023-01-04 02:27:47
user_174,P052,view,2023-01-04 02:35:34
user_174,P069,click,2023-01-04 02:37:39
user_174,P054,click,2023-01-04 02:38:22
user_174,P033,view,2023-01-04 02:41:07
user_174,P021,view,2023-01-04 02:49:59
user_174,P090,view,2023-01-04 02:54:11
user_174,P031,view,2023-01-04 02:55:17
user_174,P065,click,2023-01-04 02:55:33
user_174,P090,view,2023-01-04 02:57:32
user_174,P088,add_to_cart,2023-01-04 03:06:24
user_174,P098,view,2023-01-04 03:12:55
user_174,P073,view,2023-01-04 03:19:47
user_174,P019,click,2023-01-04 03:20:12
user_175,P072,view,2023-01-21 14:19:00
user_175,P025,view,2023-01-21 14:27:45
user_175,P019,view,2023-01-21 14:32:07
user_175,P093,view,2023-01-21 14:40:21
user_175,P068,click,2023-01-21 14:41:54
user_175,P087,add_to_cart,2023-01-21 14:48:25
user_175,P056,view,2023-01-21 14:51:03
user_175,P081,view,2023-01-21 14:55:31
user_176,P086,view,2023-01-27 20:03:00
user_176,P099,view,2023-01-27 20:10:56
user_176,P033,view,2023-01-27 20:20:43
user_176,P012,view,2023-01-27 20:27:08
user_176,P057,click,2023-01-27 20:36:16
user_176,P098,view,2023-01-27 20:42:02
user_176,P014,click,2023-01-27 20:45:10
user_176,P064,view,2023-01-27 20:55:06
user_177,P019,view,2023-01-17 03:32:00
user_177,P009,view,2023-01-17 03:36:29
user_177,P044,view,2023-01-17 03:41:06
user_177,P080,click,2023-01-17 03:41:18
user_177,P033,view,2023-01-17 03:43:25
user_177,P041,click,2023-01-17 03:52:07
user_177,P080,click,2023-01-17 03:59:34
user_177,P054,view,2023-01-17 04:05:17
user_177,P025,click,2023-01-17 04:11:48
user_177,P050,view,2023-01-17 04:17:30
user_177,P018,click,2023-01-17 04:26:39
user_177,P016,click,2023-01-17 04:30:34
user_177,P038,click,2023-01-17 04:38:53
user_177,P063,click,2023-01-17 04:46:14
user_177,P038,view,2023-01-17 04:48:58
user_177,P016,view,2023-01-17 04:58:03
user_177,P091,view,2023-01-17 05:07:43
user_177,P041,click,2023-01-17 05:12:15
user_178,P082,add_to_cart,2023-01-24 19:08:00
user_178,P091,view,2023-01-24 19:08:43
user_178,P056,view,2023-01-24 19:09:04
user_178,P069,view,2023-01-24 19:10:15
user_178,P094,view,2023-01-24 19:10:42
user_178,P010,view,2023-01-24 19:20:12
user_178,P098,view,2023-01-24 19:29:29
user_178,P061,click,2023-01-24 19:33:22
user_178,P073,view,2023-01-24 19:42:47
user_178,P050,view,2023-01-24 19:50:51
user_178,P043,click,2023-01-24 19:56:37
user_178,P065,click,2023-01-24 19:57:40
user_178,P077,click,2023-01-24 20:02:04
user_178,P007,click,2023-01-24 20:02:49
user_178,P069,view,2023-01-24 20:11:24
user_178,P073,view,2023-01-24 20:20:30
user_178,P085,view,2023-01-24 20:24:02
user_178,P079,click,2023-01-24 20:28:59
user_178,P047,click,2023-01-24 20:33:51
user_178,P082,view,2023-01-24 20:41:02
user_178,P010,click,2023-01-24 20:43:40
user_178,P005,view,2023-01-24 20:46:21
user_178,P003,view,2023-01-24 20:54:33
user_178,P015,view,2023-01-24 20:57:20
user_178,P082,click,2023-01-24 21:06:26
user_179,P074,click,2023-01-08 08:28:00
user_179,P003,view,2023-01-08 08:30:31
user_179,P097,view,2023-01-08 08:32:58
user_179,P090,click,2023-01-08 08:39:07
user_179,P084,click,2023-01-08 08:47:12
user_179,P078,view,2023-01-08 08:55:53
user_179,P068,click,2023-01-08 08:57:41
user_179,P047,view,2023-01-08 09:03:24
user_179,P083,view,2023-01-08 09:11:26
user_179,P053,view,2023-01-08 09:11:39
user_179,P060,view,2023-01-08 09:20:06
user_179,P023,view,2023-01-08 09:22:55
user_179,P066,view,2023-01-08 09:26:37
user_180,P093,add_to_cart,2023-01-09 05:47:00
user_180,P048,view,2023-01-09 05:56:14
user_180,P051,view,2023-01-09 05:59:21
user_180,P068,add_to_cart,2023-01-09 06:00:51
user_180,P090,view,2023-01-09 06:03:12
user_180,P090,view,2023-01-09 06:11:05
user_180,P072,view,2023-01-09 06:20:09
user_180,P056,click,2023-01-09 06:28:18
user_181,P061,view,2023-01-09 09:24:00
user_181,P076,view,2023-01-09 09:31:04
user_181,P092,view,2023-01-09 09:35:23
user_181,P061,view,2023-01-09 09:38:17
user_181,P061,view,2023-01-09 09:44:06
user_181,P080,view,2023-01-09 09:49:48
user_181,P013,view,2023-01-09 09:57:28
user_181,P057,add_to_cart,2023-01-09 10:00:40
user_181,P032,click,2023-01-09 10:07:58
user_181,P057,view,2023-01-09 10:16:21
user_181,P062,view,2023-01-09 10:17:52
user_181,P065,view,2023-01-09 10:18:18
user_181,P035,view,2023-01-09 10:26:59
user_181,P071,click,2023-01-09 10:34:50
user_181,P010,view,2023-01-09 10:37:15
user_181,P025,view,2023-01-09 10:41:07
user_181,P040,view,2023-01-09 10:48:22
user_181,P046,add_to_cart,2023-01-09 10:51:57
user_181,P021,view,2023-01-09 10:56:14
user_181,P060,add_to_cart,2023-01-09 11:02:39
user_181,P003,add_to_cart,2023-01-09 11:06:37
user_181,P070,view,2023-01-09 11:07:51
user_181,P087,view,2023-01-09 11:13:59
user_181,P024,view,2023-01-09 11:16:27
user_181,P076,view,2023-01-09 11:19:26
user_182,P060,view,2023-01-12 10:25:00
user_182,P056,view,2023-01-12 10:28:41
user_182,P002,add_to_cart,2023-01-12 10:29:44
user_182,P063,view,2023-01-12 10:37:13
user_182,P054,view,2023-01-12 10:47:00
user_182,P035,view,2023-01-12 10:48:20
user_182,P068,view,2023-01-12 10:50:25
user_182,P084,view,2023-01-12 10:53:09
user_182,P038,view,2023-01-12 11:01:35
user_182,P001,view,2023-01-12 11:04:34
user_182,P062,click,2023-01-12 11:06:04
user_182,P078,view,2023-01-12 11:12:30
user_182,P013,view,2023-01-12 11:16:44
user_182,P051,click,2023-01-12 11:21:04
user_182,P045,view,2023-01-12 11:27:39
user_182,P007,click,2023-01-12 11:32:41
user_182,P083,view,2023-01-12 11:37:41
user_182,P055,view,2023-01-12 11:41:39
user_182,P095,view,2023-01-12 11:49:54
user_182,P056,view,2023-01-12 11:56:19
user_182,P074,view,2023-01-12 12:02:27
user_182,P007,view,2023-01-12 12:10:08
user_182,P007,add_to_cart,2023-01-12 12:11:16
user_182,P017,view,2023-01-12 12:11:23
user_182,P093,view,2023-01-12 12:13:17
user_183,P038,click,2023-01-26 03:05:00
user_183,P017,view,2023-01-26 03:12:58
user_183,P031,view,2023-01-26 03:21:05
user_183,P079,view,2023-01-26 03:27:49
user_183,P062,view,2023-01-26 03:29:34
user_183,P045,view,2023-01-26 03:32:21
user_183,P009,view,2023-01-26 03:37:09
user_183,P052,view,2023-01-26 03:46:06
user_183,P083,view,2023-01-26 03:51:17
user_183,P044,view,2023-01-26 03:56:54
user_183,P087,view,2023-01-26 04:03:47
user_184,P067,view,2023-01-24 13:10:00
user_184,P049,view,2023-01-24 13:10:05
user_184,P026,view,2023-01-24 13:17:02
user_184,P093,view,2023-01-24 13:21:01
user_184,P071,click,2023-01-24 13:29:06
user_184,P020,view,2023-01-24 13:36:06
user_184,P036,view,2023-01-24 13:37:31
user_184,P084,click,2023-01-24 13:45:36
user_184,P079,view,2023-01-24 13:53:31
user_184,P019,view,2023-01-24 14:00:54
user_184,P061,view,2023-01-24 14:01:27
user_184,P024,view,2023-01-24 14:09:15
user_184,P054,add_to_cart,2023-01-24 14:13:45
user_184,P017,view,2023-01-24 14:21:02
user_184,P044,click,2023-01-24 14:23:44
user_184,P019,view,2023-01-24 14:28:59
user_184,P038,click,2023-01-24 14:36:46
user_184,P080,view,2023-01-24 14:41:05
user_185,P093,view,2023-01-26 14:35:00
user_185,P068,click,2023-01-26 14:42:07
user_185,P055,view,2023-01-26 14:44:24
user_185,P026,add_to_cart,2023-01-26 14:53:29
user_185,P091,view,2023-01-26 14:58:26
user_185,P043,add_to_cart,2023-01-26 15:02:49
user_185,P073,click,2023-01-26 15:12:14
user_185,P077,click,2023-01-26 15:18:20
user_185,P069,view,2023-01-26 15:20:31
user_185,P027,view,2023-01-26 15:22:06
user_185,P064,click,2023-01-26 15:29:58
user_185,P093,view,2023-01-26 15:33:13
user_185,P008,click,2023-01-26 15:40:35
user_185,P030,view,2023-01-26 15:49:52
user_185,P050,view,2023-01-26 15:58:30
user_185,P003,view,2023-01-26 16:06:36
user_185,P087,add_to_cart,2023-01-26 16:09:56
user_185,P025,click,2023-01-26 16:13:32
user_186,P023,view,2023-01-27 07:56:00
user_186,P002,view,2023-01-27 08:00:40
user_186,P078,view,2023-01-27 08:09:09
user_186,P072,view,2023-01-27 08:13:09
user_186,P010,click,2023-01-27 08:22:16
user_186,P074,view,2023-01-27 08:26:14
user_186,P020,view,2023-01-27 08:33:14
user_186,P052,click,2023-01-27 08:39:19
user_186,P084,view,2023-01-27 08:42:05
user_186,P071,click,2023-01-27 08:49:45
user_186,P093,click,2023-01-27 08:57:35
user_186,P003,view,2023-01-27 09:06:32
user_186,P027,add_to_cart,2023-01-27 09:15:18
user_186,P064,add_to_cart,2023-01-27 09:22:51
user_186,P015,view,2023-01-27 09:23:21
user_186,P062,click,2023-01-27 09:32:30
user_186,P065,click,2023-01-27 09:33:09
user_186,P083,view,2023-01-27 09:41:35
user_186,P063,view,2023-01-27 09:42:11
user_186,P051,view,2023-01-27 09:42:16
user_186,P005,view,2023-01-27 09:45:36
user_186,P039,view,2023-01-27 09:53:36
user_186,P004,add_to_cart,2023-01-27 09:56:40
user_186,P056,view,2023-01-27 09:57:05
user_187,P084,view,2023-01-17 23:16:00
user_187,P075,view,2023-01-17 23:21:58
user_187,P063,click,2023-01-17 23:31:40
user_187,P093,add_to_cart,2023-01-17 23:32:26
user_187,P017,click,2023-01-17 23:40:57
user_187,P073,view,2023-01-17 23:45:53
user_187,P051,add_to_cart,2023-01-17 23:55:17
user_187,P070,view,2023-01-17 23:56:56
user_187,P022,view,2023-01-17 23:58:08
user_187,P006,view,2023-01-18 00:01:53
user_187,P093,add_to_cart,2023-01-18 00:07:41
user_187,P060,view,2023-01-18 00:08:59
user_187,P014,view,2023-01-18 00:14:35
user_187,P010,view,2023-01-18 00:22:14
user_188,P014,view,2023-01-27 04:49:00
user_188,P042,view,2023-01-27 04:56:11
user_188,P068,view,2023-01-27 05:00:53
user_188,P073,view,2023-01-27 05:03:44
user_188,P018,add_to_cart,2023-01-27 05:10:37
user_188,P068,view,2023-01-27 05:11:20
user_188,P045,view,2023-01-27 05:18:18
user_188,P100,view,2023-01-27 05:19:23
user_188,P076,view,2023-01-27 05:26:00
user_189,P059,view,2023-01-21 05:04:00
user_189,P093,view,2023-01-21 05:08:29
user_189,P080,view,2023-01-21 05:10:51
user_189,P051,view,2023-01-21 05:20:28
user_189,P005,view,2023-01-21 05:25:50
user_189,P056,click,2023-01-21 05:29:05
user_189,P089,view,2023-01-21 05:35:16
user_189,P048,view,2023-01-21 05:37:32
user_189,P074,click,2023-01-21 05:39:15
user_189,P043,view,2023-01-21 05:49:01
user_189,P053,view,2023-01-21 05:50:04
user_189,P095,click,2023-01-21 05:58:01
user_190,P055,click,2023-01-30 14:53:00
user_190,P099,add_to_cart,2023-01-30 14:58:22
user_190,P028,click,2023-01-30 15:08:06
user_190,P019,view,2023-01-30 15:14:10
user_190,P097,click,2023-01-30 15:14:22
user_190,P088,view,2023-01-30 15:20:07
user_190,P083,view,2023-01-30 15:24:20
user_190,P056,add_to_cart,2023-01-30 15:30:58
user_190,P017,add_to_cart,2023-01-30 15:40:45
user_190,P010,view,2023-01-30 15:42:51
user_190,P050,view,2023-01-30 15:47:28
user_190,P072,view,2023-01-30 15:55:16
user_190,P088,view,2023-01-30 16:02:16
user_190,P006,view,2023-01-30 16:10:20
user_190,P037,view,2023-01-30 16:10:42
user_190,P081,view,2023-01-30 16:16:32
user_190,P089,view,2023-01-30 16:21:55
user_190,P084,add_to_cart,2023-01-30 16:26:25
user_190,P037,click,2023-01-30 16:27:49
user_190,P017,view,2023-01-30 16:28:05
user_190,P083,view,2023-01-30 16:32:51
user_190,P021,click,2023-01-30 16:37:23
user_191,P015,view,2023-01-07 20:34:00
user_191,P059,view,2023-01-07 20:43:01
user_191,P006,view,2023-01-07 20:44:31
user_191,P071,click,2023-01-07 20:47:04
user_191,P096,view,2023-01-07 20:51:24
user_191,P069,view,2023-01-07 20:52:27
user_191,P018,view,2023-01-07 20:53:57
user_191,P024,click,2023-01-07 20:57:05
user_191,P054,view,2023-01-07 21:02:27
user_192,P052,click,2023-01-05 10:34:00
user_192,P094,view,2023-01-05 10:40:56
user_192,P036,view,2023-01-05 10:45:04
user_192,P048,view,2023-01-05 10:47:42
user_192,P056,view,2023-01-05 10:56:26
user_192,P058,add_to_cart,2023-01-05 11:06:01
user_192,P063,view,2023-01-05 11:09:36
user_192,P020,view,2023-01-05 11:17:20
user_192,P071,view,2023-01-05 11:21:17
user_192,P075,view,2023-01-05 11:26:55
user_192,P073,view,2023-01-05 11:28:32
user_192,P083,view,2023-01-05 11:34:06
user_193,P007,click,2023-01-14 07:08:00
user_193,P011,view,2023-01-14 07:16:23
user_193,P042,view,2023-01-14 07:26:00
user_193,P085,add_to_cart,2023-01-14 07:30:19
user_193,P036,view,2023-01-14 07:39:45
user_193,P037,click,2023-01-14 07:40:58
user_193,P099,add_to_cart,2023-01-14 07:43:22
user_193,P002,view,2023-01-14 07:52:52
user_193,P062,click,2023-01-14 07:55:13
user_194,P022,view,2023-01-12 08:43:00
user_194,P067,view,2023-01-12 08:49:59
user_194,P082,view,2023-01-12 08:56:22
user_194,P067,view,2023-01-12 08:58:52
user_194,P089,click,2023-01-12 09:04:07
user_194,P063,view,2023-01-12 09:12:23
user_194,P089,view,2023-01-12 09:20:34
user_194,P009,view,2023-01-12 09:21:50
user_194,P083,view,2023-01-12 09:23:28
user_194,P021,click,2023-01-12 09:31:44
user_194,P062,view,2023-01-12 09:37:47
user_194,P014,view,2023-01-12 09:47:32
user_195,P088,view,2023-01-29 11:07:00
user_195,P057,view,2023-01-29 11:12:45
user_195,P090,add_to_cart,2023-01-29 11:20:33
user_195,P047,click,2023-01-29 11:21:08
user_195,P071,view,2023-01-29 11:30:56
user_195,P016,view,2023-01-29 11:37:38
user_195,P081,view,2023-01-29 11:47:28
user_195,P041,view,2023-01-29 11:51:27
user_195,P059,view,2023-01-29 11:59:05
user_195,P089,view,2023-01-29 11:59:33
user_195,P006,view,2023-01-29 12:09:29
user_195,P092,view,2023-01-29 12:17:35
user_195,P081,view,2023-01-29 12:23:27
user_195,P065,view,2023-01-29 12:30:46
user_195,P099,view,2023-01-29 12:38:36
user_195,P011,view,2023-01-29 12:47:54
user_195,P039,view,2023-01-29 12:51:45
user_195,P077,view,2023-01-29 13:00:39
user_195,P087,click,2023-01-29 13:06:54
user_195,P022,add_to_cart,2023-01-29 13:08:30
user_195,P077,view,2023-01-29 13:11:46
user_195,P007,click,2023-01-29 13:14:49
user_195,P019,click,2023-01-29 13:19:33
user_195,P009,view,2023-01-29 13:25:48
user_195,P024,click,2023-01-29 13:29:33
user_196,P014,view,2023-01-23 20:25:00
user_196,P006,view,2023-01-23 20:33:24
user_196,P018,view,2023-01-23 20:42:53
user_196,P059,view,2023-01-23 20:52:07
user_196,P047,click,2023-01-23 20:57:11
user_196,P008,view,2023-01-23 21:02:23
user_196,P041,view,2023-01-23 21:05:55
user_196,P070,view,2023-01-23 21:06:25
user_196,P040,view,2023-01-23 21:14:33
user_196,P077,view,2023-01-23 21:14:42
user_196,P077,view,2023-01-23 21:19:03
user_196,P053,view,2023-01-23 21:19:18
user_196,P088,view,2023-01-23 21:19:54
user_196,P100,view,2023-01-23 21:26:25
user_196,P084,view,2023-01-23 21:34:24
user_196,P027,view,2023-01-23 21:39:46
user_196,P025,view,2023-01-23 21:45:38
user_197,P008,view,2023-01-01 21:13:00
user_197,P080,view,2023-01-01 21:20:33
user_197,P055,add_to_cart,2023-01-01 21:23:34
user_197,P056,click,2023-01-01 21:30:58
user_197,P088,add_to_cart,2023-01-01 21:38:01
user_197,P093,add_to_cart,2023-01-01 21:38:13
user_197,P054,click,2023-01-01 21:47:29
user_197,P094,view,2023-01-01 21:51:38
user_197,P027,view,2023-01-01 21:58:05
user_197,P006,view,2023-01-01 22:00:04
user_197,P018,view,2023-01-01 22:05:08
user_197,P045,add_to_cart,2023-01-01 22:11:56
user_197,P097,click,2023-01-01 22:16:38
user_197,P029,view,2023-01-01 22:21:45
user_197,P009,view,2023-01-01 22:23:06
user_197,P091,click,2023-01-01 22:31:55
user_197,P072,view,2023-01-01 22:37:26
user_197,P076,view,2023-01-01 22:45:12
user_197,P081,view,2023-01-01 22:54:49
user_197,P027,view,2023-01-01 23:02:50
user_197,P088,view,2023-01-01 23:04:02
user_198,P051,view,2023-01-09 10:43:00
user_198,P074,view,2023-01-09 10:50:48
user_198,P006,view,2023-01-09 10:53:59
user_198,P060,add_to_cart,2023-01-09 11:00:16
user_198,P081,view,2023-01-09 11:02:25
user_198,P011,click,2023-01-09 11:05:27
user_198,P039,view,2023-01-09 11:08:21
user_198,P057,view,2023-01-09 11:17:45
user_199,P076,view,2023-01-05 20:50:00
user_199,P037,view,2023-01-05 20:57:53
user_199,P008,view,2023-01-05 20:58:23
user_199,P021,view,2023-01-05 21:07:03
user_199,P025,add_to_cart,2023-01-05 21:15:15
user_199,P041,view,2023-01-05 21:24:34
user_199,P047,view,2023-01-05 21:33:52
user_199,P068,add_to_cart,2023-01-05 21:40:34
user_199,P076,view,2023-01-05 21:49:44
user_199,P030,click,2023-01-05 21:57:54
user_199,P007,view,2023-01-05 22:01:50
user_199,P015,view,2023-01-05 22:02:46
user_199,P093,view,2023-01-05 22:09:26
user_199,P093,view,2023-01-05 22:11:53
user_199,P049,view,2023-01-05 22:18:19
user_199,P042,view,2023-01-05 22:18:37
user_199,P063,view,2023-01-05 22:27:28
user_199,P093,view,2023-01-05 22:35:23
user_199,P063,add_to_cart,2023-01-05 22:36:19
user_199,P052,view,2023-01-05 22:45:52
user_199,P069,view,2023-01-05 22:50:16
user_199,P092,view,2023-01-05 22:54:35
user_200,P021,view,2023-01-02 21:02:00
user_200,P009,view,2023-01-02 21:09:37
user_200,P082,click,2023-01-02 21:18:39
user_200,P100,view,2023-01-02 21:24:12
user_200,P017,view,2023-01-02 21:33:37
user_200,P034,click,2023-01-02 21:40:28
user_200,P047,view,2023-01-02 21:40:47
user_200,P003,click,2023-01-02 21:47:43
user_200,P059,view,2023-01-02 21:48:32
user_200,P037,view,2023-01-02 21:54:07
user_200,P065,view,2023-01-02 22:00:52
user_201,P064,view,2023-01-08 19:24:00
user_201,P056,view,2023-01-08 19:25:49
user_201,P087,add_to_cart,2023-01-08 19:26:40
user_201,P019,view,2023-01-08 19:31:58
user_201,P012,click,2023-01-08 19:41:46
user_201,P015,view,2023-01-08 19:42:19
user_201,P001,click,2023-01-08 19:46:36
user_201,P057,add_to_cart,2023-01-08 19:50:20
user_201,P060,view,2023-01-08 19:59:48
user_201,P060,view,2023-01-08 20:01:21
user_201,P022,click,2023-01-08 20:06:00
user_201,P035,click,2023-01-08 20:08:12
user_201,P091,view,2023-01-08 20:14:50
user_201,P090,click,2023-01-08 20:16:45
user_201,P096,view,2023-01-08 20:22:22
user_201,P073,view,2023-01-08 20:22:39
user_201,P037,add_to_cart,2023-01-08 20:24:21
user_202,P058,view,2023-01-21 18:43:00
user_202,P098,view,2023-01-21 18:44:22
user_202,P004,view,2023-01-21 18:48:39
user_202,P016,add_to_cart,2023-01-21 18:56:37
user_202,P083,view,2023-01-21 18:57:16
user_202,P053,view,2023-01-21 19:00:27
user_202,P078,view,2023-01-21 19:04:55
user_202,P015,view,2023-01-21 19:14:00
user_202,P046,view,2023-01-21 19:17:34
user_202,P010,view,2023-01-21 19:18:04
user_202,P066,view,2023-01-21 19:23:19
user_202,P080,view,2023-01-21 19:24:18
user_202,P028,view,2023-01-21 19:33:13
user_202,P087,view,2023-01-21 19:35:44
user_202,P043,view,2023-01-21 19:41:21
user_202,P054,view,2023-01-21 19:48:06
user_202,P004,view,2023-01-21 19:55:57
user_202,P039,view,2023-01-21 19:57:42
user_202,P042,view,2023-01-21 20:02:46
user_203,P067,view,2023-01-23 00:25:00
user_203,P099,view,2023-01-23 00:30:36
user_203,P010,view,2023-01-23 00:34:33
user_203,P057,view,2023-01-23 00:36:19
user_203,P037,add_to_cart,2023-01-23 00:38:11
user_203,P086,view,2023-01-23 00:43:50
user_203,P098,view,2023-01-23 00:50:58
user_203,P048,view,2023-01-23 00:59:04
user_203,P044,view,2023-01-23 01:08:13
user_203,P089,click,2023-01-23 01:11:02
user_203,P076,click,2023-01-23 01:15:52
user_203,P049,view,2023-01-23 01:17:57
user_203,P011,view,2023-01-23 01:21:09
user_203,P074,view,2023-01-23 01:24:33
user_203,P020,view,2023-01-23 01:32:05
user_203,P078,view,2023-01-23 01:33:20
user_203,P008,view,2023-01-23 01:34:07
user_204,P061,view,2023-01-30 22:01:00
user_204,P052,click,2023-01-30 22:09:29
user_204,P067,add_to_cart,2023-01-30 22:14:58
user_204,P044,view,2023-01-30 22:23:36
user_204,P081,view,2023-01-30 22:32:02
user_204,P054,click,2023-01-30 22:40:01
user_204,P063,view,2023-01-30 22:47:05
user_204,P039,view,2023-01-30 22:52:13
user_204,P030,view,2023-01-30 23:01:10
user_204,P022,view,2023-01-30 23:05:09
user_204,P085,view,2023-01-30 23:15:02
user_204,P085,click,2023-01-30 23:15:53
user_204,P054,view,2023-01-30 23:25:28
user_204,P006,view,2023-01-30 23:33:55
user_204,P073,view,2023-01-30 23:38:20
user_204,P044,view,2023-01-30 23:42:54
user_204,P052,view,2023-01-30 23:46:40
user_204,P029,view,2023-01-30 23:56:09
user_204,P023,view,2023-01-31 00:02:45
user_204,P095,view,2023-01-31 00:09:48
user_204,P005,add_to_cart,2023-01-31 00:12:58
user_205,P066,view,2023-01-27 03:19:00
user_205,P001,view,2023-01-27 03:22:34
user_205,P083,view,2023-01-27 03:26:19
user_205,P050,view,2023-01-27 03:32:27
user_205,P088,view,2023-01-27 03:40:07
user_205,P005,view,2023-01-27 03:40:25
user_205,P080,view,2023-01-27 03:41:03
user_205,P071,click,2023-01-27 03:50:59
user_205,P044,view,2023-01-27 03:52:21
user_205,P007,view,2023-01-27 03:59:25
user_205,P093,view,2023-01-27 04:06:32
user_205,P088,view,2023-01-27 04:07:46
user_205,P038,view,2023-01-27 04:08:44
user_206,P097,view,2023-01-29 13:23:00
user_206,P076,view,2023-01-29 13:30:19
user_206,P062,click,2023-01-29 13:33:09
user_206,P064,view,2023-01-29 13:39:18
user_206,P030,click,2023-01-29 13:45:35
user_206,P013,click,2023-01-29 13:48:28
user_206,P025,view,2023-01-29 13:56:30
user_206,P005,add_to_cart,2023-01-29 14:03:16
user_206,P032,view,2023-01-29 14:07:34
user_206,P049,view,2023-01-29 14:08:15
user_206,P017,view,2023-01-29 14:11:22
user_206,P046,add_to_cart,2023-01-29 14:19:08
user_206,P063,view,2023-01-29 14:28:03
user_206,P046,click,2023-01-29 14:28:53
user_206,P028,view,2023-01-29 14:29:00
user_206,P077,view,2023-01-29 14:37:35
user_206,P005,add_to_cart,2023-01-29 14:39:33
user_206,P059,view,2023-01-29 14:43:47
user_206,P047,view,2023-01-29 14:47:50
user_206,P089,view,2023-01-29 14:53:28
user_207,P006,view,2023-01-27 07:37:00
user_207,P004,view,2023-01-27 07:43:43
user_207,P094,click,2023-01-27 07:47:03
user_207,P032,view,2023-01-27 07:56:35
user_207,P063,view,2023-01-27 08:05:20
user_207,P055,view,2023-01-27 08:05:45
user_207,P048,view,2023-01-27 08:13:03
user_207,P029,view,2023-01-27 08:22:09
user_207,P026,view,2023-01-27 08:31:26
user_207,P056,click,2023-01-27 08:37:30
user_207,P095,view,2023-01-27 08:39:18
user_207,P096,view,2023-01-27 08:48:55
user_207,P019,view,2023-01-27 08:49:12
user_207,P059,view,2023-01-27 08:50:51
user_207,P038,click,2023-01-27 08:55:27
user_207,P014,view,2023-01-27 08:56:58
user_207,P012,view,2023-01-27 09:05:13
user_207,P098,view,2023-01-27 09:07:00
user_207,P050,view,2023-01-27 09:11:58
user_208,P097,view,2023-01-29 15:39:00
user_208,P100,view,2023-01-29 15:46:47
user_208,P046,add_to_cart,2023-01-29 15:54:54
user_208,P045,click,2023-01-29 15:55:38
user_208,P095,add_to_cart,2023-01-29 15:57:55
user_208,P084,view,2023-01-29 16:06:25
user_208,P024,click,2023-01-29 16:12:12
user_208,P037,click,2023-01-29 16:15:02
user_208,P042,view,2023-01-29 16:18:52
user_208,P050,view,2023-01-29 16:26:24
user_208,P015,view,2023-01-29 16:34:50
user_208,P053,view,2023-01-29 16:38:15
user_208,P085,view,2023-01-29 16:40:24
user_208,P038,view,2023-01-29 16:48:44
user_208,P049,view,2023-01-29 16:54:31
user_209,P086,view,2023-01-09 19:35:00
user_209,P028,view,2023-01-09 19:41:36
user_209,P089,click,2023-01-09 19:45:01
user_209,P011,view,2023-01-09 19:54:51
user_209,P095,view,2023-01-09 19:55:07
user_209,P017,view,2023-01-09 20:01:24
user_209,P004,view,2023-01-09 20:11:04
user_209,P076,add_to_cart,2023-01-09 20:16:27
user_210,P079,view,2023-01-20 12:49:00
user_210,P079,view,2023-01-20 12:55:13
user_210,P020,view,2023-01-20 12:55:34
user_210,P087,click,2023-01-20 12:56:47
user_210,P057,view,2023-01-20 12:59:16
user_210,P013,view,2023-01-20 13:05:45
user_210,P059,view,2023-01-20 13:13:23
user_210,P099,view,2023-01-20 13:19:17
user_210,P019,click,2023-01-20 13:20:12
user_210,P068,view,2023-01-20 13:21:43
user_210,P091,view,2023-01-20 13:22:29
user_210,P038,view,2023-01-20 13:25:49
user_210,P071,view,2023-01-20 13:27:45
user_210,P026,view,2023-01-20 13:28:15
user_210,P020,view,2023-01-20 13:33:36
user_210,P081,click,2023-01-20 13:41:24
user_210,P010,add_to_cart,2023-01-20 13:48:04
user_210,P021,add_to_cart,2023-01-20 13:52:32
user_210,P009,view,2023-01-20 13:55:28
user_210,P085,view,2023-01-20 13:55:58
user_211,P055,view,2023-01-08 17:47:00
user_211,P078,add_to_cart,2023-01-08 17:56:30
user_211,P018,add_to_cart,2023-01-08 17:57:55
user_211,P062,view,2023-01-08 18:04:46
user_211,P088,click,2023-01-08 18:05:43
user_211,P080,view,2023-01-08 18:13:43
user_211,P070,view,2023-01-08 18:21:54
user_211,P047,view,2023-01-08 18:24:19
user_211,P034,view,2023-01-08 18:31:50
user_212,P064,click,2023-01-12 05:50:00
user_212,P048,view,2023-01-12 05:54:54
user_212,P097,view,2023-01-12 05:59:13
user_212,P096,click,2023-01-12 06:05:15
user_212,P065,view,2023-01-12 06:09:06
user_212,P077,click,2023-01-12 06:15:39
user_212,P096,view,2023-01-12 06:23:07
user_212,P018,view,2023-01-12 06:25:15
user_212,P024,click,2023-01-12 06:31:53
user_212,P089,view,2023-01-12 06:39:46
user_212,P023,view,2023-01-12 06:40:47
user_212,P070,click,2023-01-12 06:43:33
user_213,P080,view,2023-01-11 06:05:00
user_213,P065,view,2023-01-11 06:11:45
user_213,P050,view,2023-01-11 06:15:56
user_213,P027,view,2023-01-11 06:21:21
user_213,P044,add_to_cart,2023-01-11 06:22:27
user_213,P047,click,2023-01-11 06:31:58
user_213,P039,click,2023-01-11 06:40:00
user_213,P077,click,2023-01-11 06:42:50
user_213,P059,view,2023-01-11 06:49:02
user_213,P020,view,2023-01-11 06:58:33
user_213,P005,view,2023-01-11 06:59:45
user_213,P052,view,2023-01-11 07:06:59
user_213,P097,click,2023-01-11 07:13:55
user_213,P048,view,2023-01-11 07:18:01
user_214,P069,view,2023-01-28 17:57:00
user_214,P024,view,2023-01-28 18:05:57
user_214,P002,view,2023-01-28 18:13:27
user_214,P034,view,2023-01-28 18:17:27
user_214,P068,view,2023-01-28 18:23:24
user_214,P005,view,2023-01-28 18:32:47
user_214,P037,view,2023-01-28 18:34:55
user_214,P018,add_to_cart,2023-01-28 18:42:33
user_214,P040,view,2023-01-28 18:46:03
user_214,P042,click,2023-01-28 18:47:40
user_214,P072,view,2023-01-28 18:49:31
user_214,P007,view,2023-01-28 18:57:39
user_214,P028,click,2023-01-28 18:58:07
user_214,P020,view,2023-01-28 19:02:44
user_214,P048,view,2023-01-28 19:07:55
user_215,P026,view,2023-01-09 16:53:00
user_215,P009,click,2023-01-09 16:53:38
user_215,P069,view,2023-01-09 17:02:27
user_215,P047,view,2023-01-09 17:04:00
user_215,P028,view,2023-01-09 17:12:46
user_215,P027,click,2023-01-09 17:15:04
user_215,P052,view,2023-01-09 17:20:26
user_215,P095,click,2023-01-09 17:30:16
user_216,P067,view,2023-01-14 10:48:00
user_216,P054,add_to_cart,2023-01-14 10:55:44
user_216,P033,view,2023-01-14 11:03:57
user_216,P051,view,2023-01-14 11:09:56
user_216,P035,add_to_cart,2023-01-14 11:18:56
user_216,P054,view,2023-01-14 11:21:48
user_216,P099,view,2023-01-14 11:30:02
user_216,P070,view,2023-01-14 11:30:17
user_216,P003,view,2023-01-14 11:37:10
user_216,P023,view,2023-01-14 11:39:50
user_216,P040,view,2023-01-14 11:47:46
user_216,P027,view,2023-01-14 11:54:10
user_216,P086,view,2023-01-14 11:54:27
user_216,P028,view,2023-01-14 11:58:05
user_216,P060,view,2023-01-14 12:00:48
user_216,P021,view,2023-01-14 12:10:01
user_216,P060,view,2023-01-14 12:15:52
user_216,P029,click,2023-01-14 12:23:55
user_216,P090,view,2023-01-14 12:25:54
user_216,P027,click,2023-01-14 12:35:53
user_216,P087,click,2023-01-14 12:44:03
user_216,P010,view,2023-01-14 12:48:26
user_216,P083,view,2023-01-14 12:50:38
user_217,P007,view,2023-01-18 15:04:00
user_217,P078,click,2023-01-18 15:11:23
user_217,P100,view,2023-01-18 15:13:39
user_217,P036,view,2023-01-18 15:18:16
user_217,P100,add_to_cart,2023-01-18 15:24:09
user_217,P048,click,2023-01-18 15:29:31
user_217,P029,view,2023-01-18 15:30:11
user_217,P056,view,2023-01-18 15:30:59
user_217,P013,view,2023-01-18 15:32:57
user_217,P033,view,2023-01-18 15:40:47
user_217,P057,view,2023-01-18 15:49:13
user_217,P067,add_to_cart,2023-01-18 15:54:43
user_217,P033,view,2023-01-18 16:02:51
user_217,P021,click,2023-01-18 16:05:34
user_217,P062,view,2023-01-18 16:15:22
user_217,P066,click,2023-01-18 16:20:08
user_217,P007,view,2023-01-18 16:29:01
user_217,P038,click,2023-01-18 16:33:58
user_217,P025,add_to_cart,2023-01-18 16:42:35
user_217,P056,click,2023-01-18 16:46:34
user_217,P059,view,2023-01-18 16:46:46
user_218,P003,view,2023-01-02 12:17:00
user_218,P080,click,2023-01-02 12:26:57
user_218,P050,view,2023-01-02 12:31:24
user_218,P047,click,2023-01-02 12:34:55
user_218,P091,click,2023-01-02 12:44:14
user_218,P005,click,2023-01-02 12:47:23
user_218,P070,view,2023-01-02 12:54:51
user_218,P004,view,2023-01-02 13:02:02
user_218,P089,view,2023-01-02 13:09:29
user_218,P090,view,2023-01-02 13:11:44
user_218,P100,click,2023-01-02 13:19:43
user_218,P053,view,2023-01-02 13:20:44
user_218,P075,view,2023-01-02 13:21:39
user_218,P001,view,2023-01-02 13:31:10
user_218,P058,view,2023-01-02 13:40:39
user_218,P038,click,2023-01-02 13:41:08
user_218,P060,view,2023-01-02 13:50:08
user_218,P014,view,2023-01-02 13:51:18
user_218,P096,view,2023-01-02 13:53:08
user_218,P040,click,2023-01-02 14:02:23
user_218,P077,click,2023-01-02 14:04:11
user_218,P012,view,2023-01-02 14:08:57
user_218,P091,click,2023-01-02 14:10:51
user_219,P071,view,2023-01-23 14:00:00
user_219,P072,click,2023-01-23 14:08:43
user_219,P010,view,2023-01-23 14:17:00
user_219,P053,view,2023-01-23 14:20:37
user_219,P086,view,2023-01-23 14:24:49
user_219,P088,view,2023-01-23 14:33:29
user_219,P003,view,2023-01-23 14:40:39
user_219,P031,view,2023-01-23 14:42:04
user_219,P094,view,2023-01-23 14:49:58
user_219,P087,view,2023-01-23 14:55:11
user_219,P054,view,2023-01-23 15:01:00
user_219,P007,view,2023-01-23 15:10:25
user_219,P013,view,2023-01-23 15:18:26
user_219,P094,view,2023-01-23 15:18:46
user_219,P056,view,2023-01-23 15:21:03
user_219,P049,add_to_cart,2023-01-23 15:30:11
user_220,P005,click,2023-01-27 03:33:00
user_220,P057,view,2023-01-27 03:40:11
user_220,P081,view,2023-01-27 03:49:41
user_220,P037,view,2023-01-27 03:55:27
user_220,P054,click,2023-01-27 04:01:45
user_220,P034,click,2023-01-27 04:01:55
user_220,P084,view,2023-01-27 04:06:38
user_220,P032,click,2023-01-27 04:15:58
user_220,P014,view,2023-01-27 04:19:03
user_220,P086,view,2023-01-27 04:21:55
user_220,P060,view,2023-01-27 04:23:30
user_220,P025,click,2023-01-27 04:28:00
user_220,P033,view,2023-01-27 04:37:57
user_220,P021,view,2023-01-27 04:45:55
user_220,P068,view,2023-01-27 04:48:11
user_220,P030,add_to_cart,2023-01-27 04:56:56
user_220,P069,view,2023-01-27 04:57:04
user_220,P016,view,2023-01-27 05:06:03
user_220,P048,click,2023-01-27 05:15:51
user_220,P060,add_to_cart,2023-01-27 05:24:18
user_220,P080,view,2023-01-27 05:30:51
user_220,P009,view,2023-01-27 05:32:00
user_220,P047,view,2023-01-27 05:38:22
user_221,P035,view,2023-01-09 20:47:00
user_221,P081,view,2023-01-09 20:53:11
user_221,P016,view,2023-01-09 21:01:35
user_221,P020,view,2023-01-09 21:10:10
user_221,P045,view,2023-01-09 21:19:55
user_221,P049,view,2023-01-09 21:27:32
user_221,P039,view,2023-01-09 21:34:02
user_221,P054,view,2023-01-09 21:44:00
user_221,P081,view,2023-01-09 21:44:16
user_221,P015,view,2023-01-09 21:49:14
user_221,P065,view,2023-01-09 21:56:32
user_221,P048,view,2023-01-09 21:57:53
user_221,P061,view,2023-01-09 22:01:26
user_221,P029,click,2023-01-09 22:10:12
user_221,P062,view,2023-01-09 22:18:01
user_221,P047,add_to_cart,2023-01-09 22:25:13
user_221,P053,view,2023-01-09 22:26:48
user_222,P057,add_to_cart,2023-01-12 09:36:00
user_222,P052,view,2023-01-12 09:37:02
user_222,P075,view,2023-01-12 09:37:41
user_222,P075,view,2023-01-12 09:43:56
user_222,P067,view,2023-01-12 09:49:04
user_222,P096,view,2023-01-12 09:51:52
user_222,P044,view,2023-01-12 09:55:36
user_222,P063,view,2023-01-12 09:58:48
user_222,P086,view,2023-01-12 10:05:07
user_222,P047,click,2023-01-12 10:14:02
user_222,P018,view,2023-01-12 10:22:01
user_222,P066,view,2023-01-12 10:28:27
user_222,P084,view,2023-01-12 10:35:37
user_222,P050,view,2023-01-12 10:37:54
user_222,P084,view,2023-01-12 10:47:49
user_222,P012,view,2023-01-12 10:50:32
user_222,P033,view,2023-01-12 10:58:30
user_222,P040,view,2023-01-12 11:04:30
user_222,P001,view,2023-01-12 11:09:05
user_223,P018,view,2023-01-17 05:21:00
user_223,P010,view,2023-01-17 05:25:50
user_223,P085,view,2023-01-17 05:35:28
user_223,P085,view,2023-01-17 05:38:23
user_223,P060,view,2023-01-17 05:46:49
user_223,P022,click,2023-01-17 05:48:01
user_223,P074,view,2023-01-17 05:49:54
user_223,P018,view,2023-01-17 05:54:20
user_223,P087,view,2023-01-17 05:58:21
user_223,P021,view,2023-01-17 06:04:43
user_223,P013,add_to_cart,2023-01-17 06:11:03
user_223,P039,click,2023-01-17 06:14:23
user_223,P061,view,2023-01-17 06:19:17
user_223,P052,view,2023-01-17 06:28:44
user_223,P045,view,2023-01-17 06:28:56
user_223,P027,add_to_cart,2023-01-17 06:35:15
user_223,P062,view,2023-01-17 06:41:16
user_223,P021,view,2023-01-17 06:50:31
user_223,P048,add_to_cart,2023-01-17 06:52:30
user_224,P086,view,2023-01-19 21:47:00
user_224,P045,add_to_cart,2023-01-19 21:52:28
user_224,P066,view,2023-01-19 21:53:36
user_224,P087,view,2023-01-19 22:02:57
user_224,P003,add_to_cart,2023-01-19 22:10:34
user_224,P083,click,2023-01-19 22:17:44
user_224,P088,view,2023-01-19 22:22:28
user_224,P066,view,2023-01-19 22:25:54
user_224,P021,view,2023-01-19 22:29:12
user_224,P029,view,2023-01-19 22:29:51
user_225,P076,view,2023-01-23 08:07:00
user_225,P079,view,2023-01-23 08:15:46
user_225,P053,view,2023-01-23 08:18:45
user_225,P066,view,2023-01-23 08:26:20
user_225,P074,click,2023-01-23 08:27:37
user_225,P088,view,2023-01-23 08:31:34
user_225,P042,view,2023-01-23 08:35:04
user_225,P033,click,2023-01-23 08:36:39
user_225,P083,view,2023-01-23 08:44:30
user_225,P077,view,2023-01-23 08:54:29
user_225,P021,view,2023-01-23 09:02:23
user_225,P047,view,2023-01-23 09:04:37
user_226,P004,view,2023-01-23 20:16:00
user_226,P013,add_to_cart,2023-01-23 20:20:40
user_226,P078,view,2023-01-23 20:24:28
user_226,P090,view,2023-01-23 20:30:57
user_226,P014,view,2023-01-23 20:40:08
user_226,P050,click,2023-01-23 20:47:23
user_226,P003,add_to_cart,2023-01-23 20:54:17
user_226,P036,view,2023-01-23 21:01:53
user_226,P033,view,2023-01-23 21:10:12
user_226,P011,add_to_cart,2023-01-23 21:11:08
user_226,P086,add_to_cart,2023-01-23 21:13:34
user_226,P010,view,2023-01-23 21:17:36
user_226,P086,click,2023-01-23 21:26:30
user_226,P006,view,2023-01-23 21:29:32
user_226,P071,view,2023-01-23 21:38:44
user_226,P044,click,2023-01-23 21:45:23
user_226,P074,click,2023-01-23 21:50:12
user_226,P088,view,2023-01-23 21:56:34
user_226,P006,view,2023-01-23 22:05:36
user_226,P003,click,2023-01-23 22:06:55
user_226,P062,click,2023-01-23 22:14:27
user_226,P018,click,2023-01-23 22:19:06
user_226,P073,view,2023-01-23 22:27:15
user_226,P072,view,2023-01-23 22:29:25
user_226,P044,view,2023-01-23 22:32:53
user_227,P077,add_to_cart,2023-01-11 05:13:00
user_227,P037,view,2023-01-11 05:18:36
user_227,P044,view,2023-01-11 05:22:27
user_227,P083,view,2023-01-11 05:25:55
user_227,P017,view,2023-01-11 05:30:16
user_227,P059,view,2023-01-11 05:33:41
user_227,P041,click,2023-01-11 05:35:44
user_227,P011,click,2023-01-11 05:41:19
user_227,P006,click,2023-01-11 05:49:23
user_227,P072,click,2023-01-11 05:55:22
user_227,P034,view,2023-01-11 05:57:13
user_227,P071,view,2023-01-11 05:59:44
user_227,P014,add_to_cart,2023-01-11 06:04:44
user_227,P100,view,2023-01-11 06:13:16
user_227,P009,view,2023-01-11 06:20:28
user_227,P092,view,2023-01-11 06:22:21
user_227,P036,view,2023-01-11 06:24:10
user_227,P009,click,2023-01-11 06:28:47
user_227,P066,view,2023-01-11 06:36:51
user_227,P030,click,2023-01-11 06:41:20
user_227,P001,add_to_cart,2023-01-11 06:46:40
user_227,P063,view,2023-01-11 06:51:05
user_227,P078,click,2023-01-11 06:56:30
user_228,P068,view,2023-01-18 21:24:00
user_228,P013,add_to_cart,2023-01-18 21:27:58
user_228,P057,view,2023-01-18 21:37:17
user_228,P082,view,2023-01-18 21:39:43
user_228,P037,view,2023-01-18 21:48:46
user_228,P090,view,2023-01-18 21:58:29
user_228,P079,view,2023-01-18 22:02:21
user_228,P016,add_to_cart,2023-01-18 22:06:31
user_228,P051,view,2023-01-18 22:08:31
user_228,P016,view,2023-01-18 22:11:27
user_228,P079,click,2023-01-18 22:12:27
user_229,P013,click,2023-01-23 04:35:00
user_229,P086,view,2023-01-23 04:43:27
user_229,P051,click,2023-01-23 04:49:07
user_229,P052,click,2023-01-23 04:52:05
user_229,P076,click,2023-01-23 05:01:44
user_229,P081,view,2023-01-23 05:08:01
user_229,P073,add_to_cart,2023-01-23 05:09:16
user_229,P046,click,2023-01-23 05:10:31
user_229,P021,view,2023-01-23 05:17:37
user_229,P070,view,2023-01-23 05:25:17
user_229,P033,view,2023-01-23 05:33:46
user_229,P090,view,2023-01-23 05:37:54
user_229,P037,view,2023-01-23 05:46:07
user_229,P077,view,2023-01-23 05:54:51
user_229,P092,view,2023-01-23 05:56:42
user_229,P038,view,2023-01-23 05:58:09
user_229,P087,view,2023-01-23 06:05:54
user_230,P081,click,2023-01-24 09:29:00
user_230,P086,add_to_cart,2023-01-24 09:30:46
user_230,P013,click,2023-01-24 09:40:42
user_230,P048,view,2023-01-24 09:41:49
user_230,P012,view,2023-01-24 09:42:54
user_230,P028,click,2023-01-24 09:49:49
user_230,P058,view,2023-01-24 09:51:10
user_230,P077,click,2023-01-24 10:00:14
user_231,P057,view,2023-01-15 02:11:00
user_231,P054,view,2023-01-15 02:20:33
user_231,P023,add_to_cart,2023-01-15 02:21:33
user_231,P083,view,2023-01-15 02:29:13
user_231,P022,add_to_cart,2023-01-15 02:30:35
user_231,P048,view,2023-01-15 02:30:54
user_231,P040,view,2023-01-15 02:32:51
user_231,P058,view,2023-01-15 02:40:16
user_231,P028,view,2023-01-15 02:49:08
user_231,P041,click,2023-01-15 02:49:13
user_231,P033,view,2023-01-15 02:56:17
user_231,P082,view,2023-01-15 02:58:29
user_231,P079,click,2023-01-15 03:06:24
user_231,P045,view,2023-01-15 03:14:21
user_231,P045,view,2023-01-15 03:18:25
user_231,P013,view,2023-01-15 03:23:09
user_231,P056,view,2023-01-15 03:28:48
user_231,P028,view,2023-01-15 03:29:26
user_231,P094,view,2023-01-15 03:33:39
user_231,P026,view,2023-01-15 03:34:30
user_231,P084,view,2023-01-15 03:40:50
user_231,P061,click,2023-01-15 03:44:16
user_232,P006,click,2023-01-19 00:26:00
user_232,P028,view,2023-01-19 00:33:06
user_232,P066,click,2023-01-19 00:41:23
user_232,P074,add_to_cart,2023-01-19 00:42:42
user_232,P015,view,2023-01-19 00:49:12
user_232,P020,view,2023-01-19 00:52:35
user_232,P086,add_to_cart,2023-01-19 00:55:21
user_232,P019,view,2023-01-19 01:03:16
user_232,P092,view,2023-01-19 01:10:23
user_232,P048,view,2023-01-19 01:12:54
user_232,P047,view,2023-01-19 01:21:12
user_232,P035,view,2023-01-19 01:22:59
user_232,P029,add_to_cart,2023-01-19 01:23:45
user_232,P024,click,2023-01-19 01:24:03
user_232,P061,view,2023-01-19 01:32:12
user_232,P096,view,2023-01-19 01:35:19
user_232,P014,click,2023-01-19 01:36:00
user_232,P031,view,2023-01-19 01:45:59
user_232,P044,view,2023-01-19 01:47:26
user_232,P075,click,2023-01-19 01:56:59
user_233,P031,view,2023-01-14 09:10:00
user_233,P056,view,2023-01-14 09:14:10
user_233,P094,view,2023-01-14 09:14:35
user_233,P060,view,2023-01-14 09:14:47
user_233,P016,add_to_cart,2023-01-14 09:19:41
user_233,P022,view,2023-01-14 09:23:24
user_233,P083,click,2023-01-14 09:27:08
user_233,P008,view,2023-01-14 09:31:58
user_233,P065,view,2023-01-14 09:33:23
user_233,P095,click,2023-01-14 09:39:13
user_233,P072,view,2023-01-14 09:44:19
user_233,P092,view,2023-01-14 09:45:02
user_233,P084,view,2023-01-14 09:46:23
user_233,P024,view,2023-01-14 09:51:03
user_233,P054,view,2023-01-14 09:57:25
user_234,P050,view,2023-01-29 06:52:00
user_234,P013,view,2023-01-29 06:54:57
user_234,P013,click,2023-01-29 07:02:49
user_234,P019,add_to_cart,2023-01-29 07:11:16
user_234,P006,view,2023-01-29 07:16:30
user_234,P100,view,2023-01-29 07:23:53
user_234,P003,view,2023-01-29 07:28:20
user_234,P080,view,2023-01-29 07:32:42
user_234,P015,click,2023-01-29 07:33:10
user_234,P018,view,2023-01-29 07:34:35
user_234,P080,view,2023-01-29 07:42:24
user_234,P073,add_to_cart,2023-01-29 07:47:16
user_234,P097,view,2023-01-29 07:50:20
user_234,P017,view,2023-01-29 07:57:51
user_234,P081,view,2023-01-29 08:05:59
user_234,P098,view,2023-01-29 08:14:58
user_234,P057,view,2023-01-29 08:21:49
user_234,P086,view,2023-01-29 08:24:21
user_234,P035,view,2023-01-29 08:24:48
user_234,P081,view,2023-01-29 08:34:10
user_234,P087,view,2023-01-29 08:37:56
user_234,P066,view,2023-01-29 08:39:18
user_234,P070,add_to_cart,2023-01-29 08:39:40
user_234,P040,view,2023-01-29 08:44:21
user_234,P097,view,2023-01-29 08:52:59
user_235,P078,view,2023-01-14 07:01:00
user_235,P028,view,2023-01-14 07:09:13
user_235,P041,view,2023-01-14 07:12:21
user_235,P100,view,2023-01-14 07:13:06
user_235,P030,click,2023-01-14 07:20:31
user_235,P056,view,2023-01-14 07:21:21
user_235,P090,view,2023-01-14 07:30:04
user_235,P055,click,2023-01-14 07:32:24
user_235,P032,click,2023-01-14 07:42:18
user_235,P025,click,2023-01-14 07:51:21
user_235,P018,view,2023-01-14 07:56:02
user_235,P038,view,2023-01-14 07:56:59
user_235,P028,view,2023-01-14 07:58:15
user_235,P017,view,2023-01-14 08:07:26
user_235,P012,view,2023-01-14 08:15:16
user_235,P049,view,2023-01-14 08:21:39
user_235,P066,view,2023-01-14 08:28:08
user_235,P025,view,2023-01-14 08:31:46
user_235,P077,view,2023-01-14 08:39:27
user_235,P015,click,2023-01-14 08:46:48
user_235,P075,view,2023-01-14 08:53:10
user_235,P074,view,2023-01-14 08:53:53
user_236,P051,view,2023-01-07 11:34:00
user_236,P089,view,2023-01-07 11:35:39
user_236,P021,view,2023-01-07 11:38:09
user_236,P008,view,2023-01-07 11:42:01
user_236,P053,add_to_cart,2023-01-07 11:51:20
user_236,P019,view,2023-01-07 11:53:59
user_236,P043,view,2023-01-07 12:01:18
user_236,P051,view,2023-01-07 12:07:34
user_236,P041,click,2023-01-07 12:15:11
user_236,P088,view,2023-01-07 12:19:06
user_236,P023,click,2023-01-07 12:26:26
user_236,P072,click,2023-01-07 12:31:33
user_236,P077,add_to_cart,2023-01-07 12:35:19
user_236,P038,view,2023-01-07 12:38:00
user_236,P029,view,2023-01-07 12:40:45
user_237,P093,view,2023-01-03 12:55:00
user_237,P050,view,2023-01-03 12:55:06
user_237,P020,view,2023-01-03 12:56:58
user_237,P072,click,2023-01-03 13:01:55
user_237,P099,click,2023-01-03 13:04:02
user_237,P083,view,2023-01-03 13:11:14
user_237,P025,view,2023-01-03 13:12:23
user_237,P029,view,2023-01-03 13:19:35
user_237,P036,click,2023-01-03 13:21:26
user_237,P009,view,2023-01-03 13:24:09
user_237,P013,click,2023-01-03 13:26:48
user_237,P085,view,2023-01-03 13:35:10
user_237,P044,view,2023-01-03 13:39:19
user_237,P002,view,2023-01-03 13:48:04
user_237,P022,view,2023-01-03 13:55:02
user_237,P100,view,2023-01-03 14:04:59
user_237,P097,click,2023-01-03 14:05:19
user_238,P090,view,2023-01-12 12:40:00
user_238,P094,view,2023-01-12 12:47:30
user_238,P005,view,2023-01-12 12:54:56
user_238,P026,view,2023-01-12 12:55:28
user_238,P021,view,2023-01-12 13:00:37
user_238,P058,view,2023-01-12 13:06:29
user_238,P026,click,2023-01-12 13:12:10
user_238,P033,view,2023-01-12 13:13:31
user_238,P030,view,2023-01-12 13:13:58
user_238,P031,view,2023-01-12 13:18:29
user_239,P099,click,2023-01-22 09:52:00
user_239,P028,view,2023-01-22 09:58:45
user_239,P096,click,2023-01-22 10:03:20
user_239,P067,view,2023-01-22 10:11:55
user_239,P078,view,2023-01-22 10:17:16
user_239,P044,view,2023-01-22 10:22:27
user_239,P090,view,2023-01-22 10:31:16
user_239,P009,add_to_cart,2023-01-22 10:41:14
user_239,P049,view,2023-01-22 10:50:38
user_239,P024,view,2023-01-22 10:59:54
user_239,P033,view,2023-01-22 11:01:46
user_239,P053,view,2023-01-22 11:11:16
user_239,P080,view,2023-01-22 11:21:10
user_239,P060,view,2023-01-22 11:23:16
user_239,P065,view,2023-01-22 11:29:06
user_239,P021,view,2023-01-22 11:36:53
user_239,P030,view,2023-01-22 11:43:45
user_239,P025,view,2023-01-22 11:45:40
user_239,P076,view,2023-01-22 11:47:58
user_240,P057,click,2023-01-26 16:29:00
user_240,P098,click,2023-01-26 16:37:21
user_240,P090,view,2023-01-26 16:38:43
user_240,P066,view,2023-01-26 16:43:34
user_240,P055,view,2023-01-26 16:46:51
user_240,P025,view,2023-01-26 16:49:43
user_240,P026,click,2023-01-26 16:51:29
user_240,P068,click,2023-01-26 16:58:35
user_240,P019,add_to_cart,2023-01-26 17:00:39
user_240,P033,view,2023-01-26 17:08:51
user_240,P010,click,2023-01-26 17:09:33
user_240,P100,view,2023-01-26 17:17:19
user_240,P097,view,2023-01-26 17:18:55
user_241,P099,view,2023-01-03 18:46:00
user_241,P004,click,2023-01-03 18:48:41
user_241,P002,click,2023-01-03 18:55:21
user_241,P086,click,2023-01-03 19:04:07
user_241,P015,view,2023-01-03 19:13:04
user_241,P060,view,2023-01-03 19:16:41
user_241,P073,click,2023-01-03 19:16:50
user_241,P072,add_to_cart,2023-01-03 19:19:23
user_241,P074,view,2023-01-03 19:23:13
user_241,P096,view,2023-01-03 19:25:49
user_241,P044,view,2023-01-03 19:35:03
user_241,P034,view,2023-01-03 19:39:08
user_241,P086,view,2023-01-03 19:39:35
user_241,P047,click,2023-01-03 19:40:19
user_241,P077,view,2023-01-03 19:49:15
user_241,P068,add_to_cart,2023-01-03 19:53:23
user_241,P045,view,2023-01-03 19:54:03
user_241,P023,view,2023-01-03 19:56:41
user_241,P006,view,2023-01-03 19:58:16
user_242,P053,click,2023-01-04 17:29:00
user_242,P093,view,2023-01-04 17:29:42
user_242,P004,click,2023-01-04 17:30:29
user_242,P045,add_to_cart,2023-01-04 17:32:36
user_242,P086,view,2023-01-04 17:35:22
user_242,P039,view,2023-01-04 17:42:49
user_242,P059,click,2023-01-04 17:46:43
user_242,P056,view,2023-01-04 17:52:41
user_242,P046,view,2023-01-04 18:00:38
user_242,P086,click,2023-01-04 18:09:39
user_243,P074,view,2023-01-07 17:29:00
user_243,P054,view,2023-01-07 17:34:37
user_243,P077,view,2023-01-07 17:37:52
user_243,P072,add_to_cart,2023-01-07 17:39:09
user_243,P003,view,2023-01-07 17:48:39
user_243,P033,view,2023-01-07 17:50:34
user_243,P034,view,2023-01-07 17:59:29
user_243,P047,click,2023-01-07 18:08:03
user_243,P083,view,2023-01-07 18:11:12
user_243,P090,view,2023-01-07 18:16:26
user_243,P019,view,2023-01-07 18:19:06
user_243,P019,click,2023-01-07 18:27:30
user_243,P029,view,2023-01-07 18:36:13
user_243,P094,view,2023-01-07 18:37:26
user_243,P008,add_to_cart,2023-01-07 18:40:36
user_243,P013,view,2023-01-07 18:49:54
user_243,P051,view,2023-01-07 18:54:56
user_243,P003,view,2023-01-07 19:00:57
user_243,P098,view,2023-01-07 19:09:27
user_243,P023,view,2023-01-07 19:17:39
user_244,P023,view,2023-01-20 05:56:00
user_244,P088,click,2023-01-20 06:01:33
user_244,P080,view,2023-01-20 06:11:04
user_244,P025,view,2023-01-20 06:16:19
user_244,P045,view,2023-01-20 06:25:58
user_244,P097,view,2023-01-20 06:28:49
user_244,P070,click,2023-01-20 06:29:02
user_244,P040,view,2023-01-20 06:29:34
user_244,P038,view,2023-01-20 06:30:05
user_244,P064,click,2023-01-20 06:31:34
user_244,P003,view,2023-01-20 06:33:17
user_245,P015,view,2023-01-21 13:39:00
user_245,P060,view,2023-01-21 13:40:56
user_245,P018,view,2023-01-21 13:49:19
user_245,P060,view,2023-01-21 13:56:24
user_245,P084,view,2023-01-21 13:59:51
user_245,P003,view,2023-01-21 14:05:09
user_245,P009,view,2023-01-21 14:05:36
user_245,P055,view,2023-01-21 14:13:53
user_245,P019,view,2023-01-21 14:20:09
user_245,P091,click,2023-01-21 14:23:52
user_245,P027,click,2023-01-21 14:31:36
user_245,P096,view,2023-01-21 14:35:23
user_245,P099,view,2023-01-21 14:42:31
user_246,P009,view,2023-01-22 20:40:00
user_246,P077,add_to_cart,2023-01-22 20:41:23
user_246,P066,view,2023-01-22 20:50:31
user_246,P038,view,2023-01-22 20:54:46
user_246,P021,view,2023-01-22 21:02:54
user_246,P092,add_to_cart,2023-01-22 21:12:13
user_246,P070,click,2023-01-22 21:13:05
user_246,P044,add_to_cart,2023-01-22 21:15:50
user_246,P045,view,2023-01-22 21:16:46
user_246,P038,view,2023-01-22 21:24:35
user_246,P006,view,2023-01-22 21:32:37
user_246,P035,view,2023-01-22 21:38:38
user_246,P006,view,2023-01-22 21:42:03
user_247,P045,view,2023-01-02 11:07:00
user_247,P050,view,2023-01-02 11:12:37
user_247,P095,click,2023-01-02 11:13:24
user_247,P014,click,2023-01-02 11:22:47
user_247,P047,click,2023-01-02 11:29:44
user_247,P009,view,2023-01-02 11:35:35
user_247,P052,view,2023-01-02 11:37:11
user_247,P036,add_to_cart,2023-01-02 11:37:43
user_247,P089,view,2023-01-02 11:46:37
user_247,P039,view,2023-01-02 11:47:59
user_247,P080,view,2023-01-02 11:55:55
user_248,P064,view,2023-01-23 05:53:00
user_248,P046,view,2023-01-23 05:58:16
user_248,P016,view,2023-01-23 06:06:03
user_248,P092,view,2023-01-23 06:10:11
user_248,P041,click,2023-01-23 06:15:02
user_248,P065,view,2023-01-23 06:15:49
user_248,P072,view,2023-01-23 06:24:26
user_248,P086,view,2023-01-23 06:24:58
user_248,P076,click,2023-01-23 06:34:15
user_248,P074,click,2023-01-23 06:37:06
user_248,P052,view,2023-01-23 06:43:07
user_248,P024,view,2023-01-23 06:47:05
user_248,P010,click,2023-01-23 06:52:55
user_248,P073,view,2023-01-23 07:01:58
user_248,P009,view,2023-01-23 07:05:24
user_248,P073,view,2023-01-23 07:09:28
user_248,P084,view,2023-01-23 07:10:53
user_248,P083,click,2023-01-23 07:12:29
user_248,P039,add_to_cart,2023-01-23 07:17:33
user_248,P025,view,2023-01-23 07:25:11
user_248,P081,view,2023-01-23 07:30:57
user_248,P008,view,2023-01-23 07:32:03
user_248,P060,click,2023-01-23 07:36:23
user_248,P014,click,2023-01-23 07:42:14
user_249,P089,view,2023-01-29 06:27:00
user_249,P050,view,2023-01-29 06:27:40
user_249,P071,view,2023-01-29 06:28:01
user_249,P069,click,2023-01-29 06:29:07
user_249,P034,click,2023-01-29 06:35:17
user_249,P047,view,2023-01-29 06:43:29
user_249,P050,click,2023-01-29 06:51:42
user_249,P078,view,2023-01-29 07:01:14
user_249,P078,view,2023-01-29 07:02:40
user_249,P020,click,2023-01-29 07:05:53
user_249,P034,view,2023-01-29 07:09:33
user_249,P065,view,2023-01-29 07:18:49
user_249,P009,view,2023-01-29 07:28:36
user_249,P043,click,2023-01-29 07:35:27
user_249,P051,view,2023-01-29 07:42:52
user_249,P017,view,2023-01-29 07:52:20
user_249,P097,view,2023-01-29 07:58:04
user_249,P093,view,2023-01-29 08:03:20
user_249,P044,click,2023-01-29 08:06:42
user_250,P074,view,2023-01-22 05:41:00
user_250,P065,click,2023-01-22 05:48:48
user_250,P019,view,2023-01-22 05:56:09
user_250,P046,view,2023-01-22 06:00:46
user_250,P064,view,2023-01-22 06:02:34
user_250,P071,view,2023-01-22 06:08:58
user_250,P070,view,2023-01-22 06:18:11
user_250,P096,view,2023-01-22 06:27:46
user_250,P005,view,2023-01-22 06:34:04
user_250,P099,view,2023-01-22 06:37:32
user_250,P061,click,2023-01-22 06:39:59
user_250,P042,view,2023-01-22 06:45:03
user_250,P029,add_to_cart,2023-01-22 06:46:11
user_250,P075,click,2023-01-22 06:53:54
user_250,P046,view,2023-01-22 07:02:24
user_250,P021,click,2023-01-22 07:03:27
user_251,P075,view,2023-01-29 12:39:00
user_251,P065,view,2023-01-29 12:40:50
user_251,P060,click,2023-01-29 12:43:56
user_251,P090,view,2023-01-29 12:50:46
user_251,P011,add_to_cart,2023-01-29 12:53:30
user_251,P098,view,2023-01-29 12:57:41
user_251,P080,click,2023-01-29 13:01:48
user_251,P052,view,2023-01-29 13:05:06
user_251,P025,view,2023-01-29 13:13:36
user_251,P075,view,2023-01-29 13:20:59
user_251,P072,click,2023-01-29 13:24:46
user_251,P018,view,2023-01-29 13:33:26
user_251,P009,view,2023-01-29 13:42:22
user_251,P068,view,2023-01-29 13:51:23
user_251,P041,view,2023-01-29 13:56:28
user_251,P021,view,2023-01-29 13:58:39
user_252,P007,click,2023-01-16 21:08:00
user_252,P052,view,2023-01-16 21:16:51
user_252,P001,click,2023-01-16 21:22:55
user_252,P069,view,2023-01-16 21:27:00
user_252,P007,view,2023-01-16 21:36:56
user_252,P047,view,2023-01-16 21:43:26
user_252,P061,view,2023-01-16 21:52:52
user_252,P075,click,2023-01-16 21:59:25
user_252,P096,view,2023-01-16 22:01:22
user_252,P064,view,2023-01-16 22:06:01
user_252,P017,view,2023-01-16 22:11:17
user_252,P074,view,2023-01-16 22:11:38
user_252,P018,click,2023-01-16 22:15:12
user_252,P056,view,2023-01-16 22:16:34
user_252,P018,view,2023-01-16 22:17:36
user_252,P076,click,2023-01-16 22:19:55
user_252,P085,view,2023-01-16 22:29:40
user_252,P099,view,2023-01-16 22:30:28
user_252,P018,view,2023-01-16 22:38:45
user_252,P080,view,2023-01-16 22:43:43
user_252,P051,view,2023-01-16 22:46:39
user_253,P098,click,2023-01-30 20:29:00
user_253,P088,view,2023-01-30 20:33:10
user_253,P074,view,2023-01-30 20:33:47
user_253,P057,click,2023-01-30 20:35:02
user_253,P041,view,2023-01-30 20:36:25
user_253,P004,view,2023-01-30 20:39:29
user_253,P041,view,2023-01-30 20:39:38
user_253,P061,view,2023-01-30 20:45:42
user_253,P013,view,2023-01-30 20:51:17
user_253,P082,view,2023-01-30 20:56:02
user_253,P082,view,2023-01-30 21:00:02
user_253,P044,view,2023-01-30 21:00:56
user_253,P002,view,2023-01-30 21:09:48
user_253,P031,view,2023-01-30 21:11:14
user_253,P020,view,2023-01-30 21:16:51
user_253,P023,view,2023-01-30 21:26:02
user_253,P099,click,2023-01-30 21:29:56
user_253,P084,view,2023-01-30 21:37:25
user_253,P040,click,2023-01-30 21:46:09
user_253,P093,view,2023-01-30 21:46:45
user_254,P045,view,2023-01-10 11:31:00
user_254,P009,view,2023-01-10 11:37:10
user_254,P075,view,2023-01-10 11:43:24
user_254,P050,view,2023-01-10 11:43:39
user_254,P015,add_to_cart,2023-01-10 11:45:45
user_254,P092,view,2023-01-10 11:54:52
user_254,P025,view,2023-01-10 11:58:40
user_254,P083,click,2023-01-10 12:04:15
user_254,P034,click,2023-01-10 12:13:33
user_254,P077,view,2023-01-10 12:22:27
user_254,P066,view,2023-01-10 12:27:07
user_254,P094,view,2023-01-10 12:36:45
user_254,P074,view,2023-01-10 12:45:49
user_254,P043,view,2023-01-10 12:54:47
user_254,P096,view,2023-01-10 13:01:51
user_254,P036,view,2023-01-10 13:07:03
user_254,P070,click,2023-01-10 13:14:07
user_254,P094,view,2023-01-10 13:23:44
user_254,P004,view,2023-01-10 13:26:52
user_254,P025,view,2023-01-10 13:30:02
user_254,P009,view,2023-01-10 13:30:14
user_254,P015,view,2023-01-10 13:36:29
user_254,P057,view,2023-01-10 13:40:04
user_255,P087,click,2023-01-15 17:42:00
user_255,P018,view,2023-01-15 17:48:31
user_255,P086,add_to_cart,2023-01-15 17:54:24
user_255,P010,click,2023-01-15 18:02:35
user_255,P029,add_to_cart,2023-01-15 18:06:53
user_255,P047,click,2023-01-15 18:07:10
user_255,P095,view,2023-01-15 18:10:49
user_255,P067,view,2023-01-15 18:12:46
user_255,P068,view,2023-01-15 18:15:00
user_255,P097,click,2023-01-15 18:16:01
user_255,P044,view,2023-01-15 18:18:32
user_255,P083,view,2023-01-15 18:23:31
user_255,P022,view,2023-01-15 18:23:47
user_255,P086,view,2023-01-15 18:30:29
user_255,P084,view,2023-01-15 18:33:25
user_255,P059,click,2023-01-15 18:36:15
user_255,P063,view,2023-01-15 18:44:51
user_255,P034,view,2023-01-15 18:46:40
user_256,P045,view,2023-01-08 08:17:00
user_256,P005,click,2023-01-08 08:26:09
user_256,P036,view,2023-01-08 08:32:35
user_256,P034,click,2023-01-08 08:32:44
user_256,P071,view,2023-01-08 08:38:39
user_256,P022,view,2023-01-08 08:40:48
user_256,P025,view,2023-01-08 08:49:39
user_256,P066,view,2023-01-08 08:58:06
user_256,P068,add_to_cart,2023-01-08 09:02:47
user_256,P098,view,2023-01-08 09:06:29
user_256,P034,view,2023-01-08 09:13:17
user_256,P013,view,2023-01-08 09:20:20
user_256,P087,view,2023-01-08 09:24:49
user_256,P003,view,2023-01-08 09:31:06
user_256,P007,click,2023-01-08 09:31:33
user_256,P014,view,2023-01-08 09:35:50
user_256,P015,view,2023-01-08 09:43:25
user_256,P008,view,2023-01-08 09:51:49
user_256,P068,view,2023-01-08 10:01:28
user_256,P006,view,2023-01-08 10:08:20
user_256,P006,view,2023-01-08 10:08:55
user_256,P075,view,2023-01-08 10:18:38
user_257,P010,click,2023-01-16 23:58:00
user_257,P057,view,2023-01-17 00:00:24
user_257,P057,view,2023-01-17 00:07:36
user_257,P100,add_to_cart,2023-01-17 00:09:29
user_257,P021,view,2023-01-17 00:14:40
user_257,P006,view,2023-01-17 00:15:05
user_257,P058,view,2023-01-17 00:16:25
user_257,P086,click,2023-01-17 00:26:06
user_258,P063,view,2023-01-10 13:05:00
user_258,P090,click,2023-01-10 13:09:22
user_258,P087,click,2023-01-10 13:09:36
user_258,P092,view,2023-01-10 13:12:11
user_258,P078,view,2023-01-10 13:14:23
user_258,P049,view,2023-01-10 13:22:27
user_258,P022,click,2023-01-10 13:25:23
user_258,P016,view,2023-01-10 13:27:56
user_258,P047,view,2023-01-10 13:30:52
user_258,P069,add_to_cart,2023-01-10 13:34:23
user_259,P087,view,2023-01-17 11:47:00
user_259,P040,view,2023-01-17 11:50:26
user_259,P079,view,2023-01-17 11:51:21
user_259,P065,click,2023-01-17 11:55:56
user_259,P076,view,2023-01-17 12:04:23
user_259,P042,view,2023-01-17 12:08:21
user_259,P011,add_to_cart,2023-01-17 12:14:16
user_259,P078,click,2023-01-17 12:17:41
user_259,P053,view,2023-01-17 12:25:49
user_259,P024,add_to_cart,2023-01-17 12:26:01
user_259,P048,view,2023-01-17 12:32:12
user_260,P004,view,2023-01-26 19:47:00
user_260,P092,view,2023-01-26 19:53:29
user_260,P005,view,2023-01-26 19:56:56
user_260,P028,view,2023-01-26 20:02:40
user_260,P001,click,2023-01-26 20:07:30
user_260,P069,add_to_cart,2023-01-26 20:14:44
user_260,P089,view,2023-01-26 20:22:08
user_260,P016,add_to_cart,2023-01-26 20:29:04
user_260,P020,view,2023-01-26 20:35:44
user_260,P064,click,2023-01-26 20:43:05
user_260,P017,view,2023-01-26 20:45:02
user_260,P040,add_to_cart,2023-01-26 20:48:04
user_260,P017,view,2023-01-26 20:52:27
user_260,P090,view,2023-01-26 20:58:49
user_260,P072,view,2023-01-26 21:01:29
user_260,P045,click,2023-01-26 21:08:55
user_261,P051,view,2023-01-07 20:02:00
user_261,P086,view,2023-01-07 20:06:31
user_261,P006,view,2023-01-07 20:14:38
user_261,P009,view,2023-01-07 20:16:55
user_261,P092,view,2023-01-07 20:20:30
user_261,P038,view,2023-01-07 20:24:47
user_261,P091,view,2023-01-07 20:31:36
user_261,P038,view,2023-01-07 20:39:14
user_262,P030,view,2023-01-24 14:06:00
user_262,P032,click,2023-01-24 14:09:41
user_262,P030,view,2023-01-24 14:19:26
user_262,P059,view,2023-01-24 14:24:05
user_262,P055,view,2023-01-24 14:24:45
user_262,P078,view,2023-01-24 14:26:06
user_262,P030,view,2023-01-24 14:33:22
user_262,P016,view,2023-01-24 14:33:39
user_262,P027,view,2023-01-24 14:39:51
user_262,P035,view,2023-01-24 14:46:10
user_262,P062,view,2023-01-24 14:54:53
user_262,P051,view,2023-01-24 14:56:51
user_262,P038,view,2023-01-24 14:58:31
user_262,P026,view,2023-01-24 15:03:23
user_262,P079,view,2023-01-24 15:04:17
user_262,P085,view,2023-01-24 15:13:46
user_262,P009,view,2023-01-24 15:19:10
user_262,P065,view,2023-01-24 15:28:40
user_262,P032,view,2023-01-24 15:34:18
user_262,P064,view,2023-01-24 15:42:40
user_262,P008,add_to_cart,2023-01-24 15:52:05
user_262,P087,view,2023-01-24 15:54:38
user_262,P040,add_to_cart,2023-01-24 15:54:58
user_262,P018,click,2023-01-24 15:56:46
user_263,P066,click,2023-01-22 00:39:00
user_263,P061,view,2023-01-22 00:39:35
user_263,P098,view,2023-01-22 00:45:40
user_263,P003,click,2023-01-22 00:46:43
user_263,P038,click,2023-01-22 00:51:49
user_263,P029,add_to_cart,2023-01-22 00:53:45
user_263,P028,view,2023-01-22 00:56:14
user_263,P095,click,2023-01-22 00:56:36
user_263,P010,view,2023-01-22 01:05:06
user_263,P012,click,2023-01-22 01:13:58
user_263,P067,view,2023-01-22 01:18:45
user_263,P053,view,2023-01-22 01:18:58
user_263,P049,add_to_cart,2023-01-22 01:26:08
user_263,P051,view,2023-01-22 01:36:03
user_263,P087,view,2023-01-22 01:43:31
user_263,P072,view,2023-01-22 01:45:18
user_263,P082,view,2023-01-22 01:49:29
user_263,P022,click,2023-01-22 01:53:28
user_263,P033,view,2023-01-22 01:54:10
user_263,P026,view,2023-01-22 02:01:43
user_263,P037,view,2023-01-22 02:06:45
user_263,P049,view,2023-01-22 02:14:37
user_264,P066,view,2023-01-21 01:43:00
user_264,P010,view,2023-01-21 01:47:37
user_264,P058,view,2023-01-21 01:57:36
user_264,P061,view,2023-01-21 02:01:16
user_264,P031,add_to_cart,2023-01-21 02:09:24
user_264,P019,view,2023-01-21 02:19:06
user_264,P095,add_to_cart,2023-01-21 02:26:48
user_264,P023,view,2023-01-21 02:29:22
user_264,P026,view,2023-01-21 02:36:05
user_264,P040,view,2023-01-21 02:38:37
user_264,P072,click,2023-01-21 02:40:41
user_264,P037,view,2023-01-21 02:43:08
user_264,P073,view,2023-01-21 02:47:03
user_264,P062,click,2023-01-21 02:47:17
user_264,P024,click,2023-01-21 02:51:11
user_264,P017,view,2023-01-21 02:54:28
user_264,P073,view,2023-01-21 02:58:55
user_264,P012,view,2023-01-21 03:05:17
user_264,P085,view,2023-01-21 03:10:56
user_265,P097,view,2023-01-03 06:39:00
user_265,P068,view,2023-01-03 06:43:15
user_265,P087,view,2023-01-03 06:48:16
user_265,P065,view,2023-01-03 06:51:57
user_265,P098,view,2023-01-03 06:57:20
user_265,P064,view,2023-01-03 06:58:01
user_265,P034,add_to_cart,2023-01-03 07:04:34
user_265,P062,view,2023-01-03 07:08:07
user_265,P071,view,2023-01-03 07:14:16
user_265,P093,click,2023-01-03 07:15:39
user_265,P087,view,2023-01-03 07:16:15
user_265,P014,view,2023-01-03 07:20:23
user_265,P014,view,2023-01-03 07:29:27
user_266,P064,view,2023-01-20 14:27:00
user_266,P095,view,2023-01-20 14:29:40
user_266,P055,view,2023-01-20 14:35:17
user_266,P075,view,2023-01-20 14:42:33
user_266,P041,view,2023-01-20 14:46:17
user_266,P081,click,2023-01-20 14:52:33
user_266,P081,view,2023-01-20 14:52:50
user_266,P015,view,2023-01-20 14:56:34
user_267,P091,view,2023-01-03 09:51:00
user_267,P084,view,2023-01-03 09:53:57
user_267,P023,add_to_cart,2023-01-03 09:56:38
user_267,P043,view,2023-01-03 10:05:35
user_267,P030,view,2023-01-03 10:11:11
user_267,P018,view,2023-01-03 10:13:56
user_267,P021,view,2023-01-03 10:19:20
user_267,P015,view,2023-01-03 10:25:27
user_267,P086,click,2023-01-03 10:32:49
user_267,P054,view,2023-01-03 10:35:47
user_267,P043,view,2023-01-03 10:40:30
user_268,P067,view,2023-01-24 02:28:00
user_268,P037,click,2023-01-24 02:32:49
user_268,P087,view,2023-01-24 02:36:41
user_268,P031,view,2023-01-24 02:45:01
user_268,P062,view,2023-01-24 02:51:23
user_268,P015,add_to_cart,2023-01-24 02:59:51
user_268,P070,add_to_cart,2023-01-24 03:08:47
user_268,P096,view,2023-01-24 03:09:25
user_268,P004,view,2023-01-24 03:17:39
user_268,P084,click,2023-01-24 03:24:46
user_268,P026,view,2023-01-24 03:25:45
user_268,P074,view,2023-01-24 03:31:16
user_268,P001,view,2023-01-24 03:31:32
user_269,P026,add_to_cart,2023-01-19 11:05:00
user_269,P039,click,2023-01-19 11:08:07
user_269,P014,click,2023-01-19 11:12:15
user_269,P015,view,2023-01-19 11:18:52
user_269,P096,click,2023-01-19 11:20:08
user_269,P019,view,2023-01-19 11:21:57
user_269,P006,click,2023-01-19 11:28:15
user_269,P003,view,2023-01-19 11:29:01
user_269,P015,click,2023-01-19 11:36:24
user_269,P095,view,2023-01-19 11:37:26
user_269,P083,view,2023-01-19 11:41:38
user_269,P050,view,2023-01-19 11:48:35
user_270,P095,click,2023-01-03 14:38:00
user_270,P052,view,2023-01-03 14:42:06
user_270,P036,view,2023-01-03 14:50:39
user_270,P029,add_to_cart,2023-01-03 14:57:47
user_270,P072,view,2023-01-03 15:00:21
user_270,P064,click,2023-01-03 15:10:06
user_270,P030,view,2023-01-03 15:14:11
user_270,P073,add_to_cart,2023-01-03 15:14:31
user_270,P027,view,2023-01-03 15:17:17
user_270,P069,add_to_cart,2023-01-03 15:18:34
user_270,P030,view,2023-01-03 15:22:57
user_270,P092,view,2023-01-03 15:29:31
user_270,P032,view,2023-01-03 15:33:12
user_270,P039,view,2023-01-03 15:36:52
user_270,P087,view,2023-01-03 15:43:51
user_270,P036,click,2023-01-03 15:52:52
user_270,P039,view,2023-01-03 16:00:18
user_270,P032,view,2023-01-03 16:08:08
user_270,P016,view,2023-01-03 16:15:04
user_270,P080,click,2023-01-03 16:17:24
user_270,P062,view,2023-01-03 16:17:29
user_271,P081,view,2023-01-28 20:57:00
user_271,P040,view,2023-01-28 20:59:02
user_271,P074,view,2023-01-28 21:00:20
user_271,P057,view,2023-01-28 21:02:18
user_271,P045,view,2023-01-28 21:06:20
user_271,P050,view,2023-01-28 21:14:45
user_271,P010,view,2023-01-28 21:24:42
user_271,P015,view,2023-01-28 21:28:39
user_271,P041,view,2023-01-28 21:33:57
user_271,P026,view,2023-01-28 21:40:21
user_271,P052,add_to_cart,2023-01-28 21:47:25
user_271,P014,view,2023-01-28 21:55:58
user_271,P057,add_to_cart,2023-01-28 22:00:19
user_272,P089,view,2023-01-03 09:39:00
user_272,P090,view,2023-01-03 09:46:02
user_272,P084,view,2023-01-03 09:51:56
user_272,P044,click,2023-01-03 09:57:58
user_272,P062,view,2023-01-03 09:59:45
user_272,P016,view,2023-01-03 10:08:58
user_272,P009,view,2023-01-03 10:17:54
user_272,P031,view,2023-01-03 10:18:27
user_272,P027,view,2023-01-03 10:26:22
user_272,P071,view,2023-01-03 10:28:19
user_272,P087,view,2023-01-03 10:32:38
user_272,P004,add_to_cart,2023-01-03 10:41:10
user_272,P097,view,2023-01-03 10:48:01
user_272,P014,view,2023-01-03 10:50:41
user_272,P055,view,2023-01-03 10:52:22
user_272,P093,click,2023-01-03 10:54:23
user_272,P061,click,2023-01-03 11:02:53
user_272,P018,add_to_cart,2023-01-03 11:05:57
user_272,P091,view,2023-01-03 11:10:48
user_272,P011,click,2023-01-03 11:15:14
user_272,P085,view,2023-01-03 11:18:19
user_272,P019,click,2023-01-03 11:18:44
user_272,P029,click,2023-01-03 11:26:34
user_272,P040,view,2023-01-03 11:30:55
user_273,P032,click,2023-01-07 23:38:00
user_273,P065,view,2023-01-07 23:44:32
user_273,P047,add_to_cart,2023-01-07 23:49:46
user_273,P068,view,2023-01-07 23:56:23
user_273,P043,view,2023-01-08 00:02:30
user_273,P035,view,2023-01-08 00:12:26
user_273,P015,add_to_cart,2023-01-08 00:15:05
user_273,P069,click,2023-01-08 00:21:12
user_273,P034,view,2023-01-08 00:26:14
user_273,P010,view,2023-01-08 00:30:17
user_273,P026,view,2023-01-08 00:33:17
user_273,P062,view,2023-01-08 00:33:44
user_273,P092,click,2023-01-08 00:38:24
user_273,P024,click,2023-01-08 00:42:17
user_273,P064,view,2023-01-08 00:45:17
user_273,P017,view,2023-01-08 00:50:50
user_273,P071,view,2023-01-08 00:55:29
user_273,P002,view,2023-01-08 01:04:16
user_273,P017,view,2023-01-08 01:07:36
user_273,P040,view,2023-01-08 01:13:30
user_273,P093,add_to_cart,2023-01-08 01:17:10
user_273,P029,click,2023-01-08 01:26:49
user_273,P100,click,2023-01-08 01:31:38
user_273,P023,add_to_cart,2023-01-08 01:32:52
user_273,P044,view,2023-01-08 01:37:11
user_274,P085,click,2023-01-13 15:56:00
user_274,P061,add_to_cart,2023-01-13 15:57:44
user_274,P036,add_to_cart,2023-01-13 16:05:43
user_274,P085,click,2023-01-13 16:08:50
user_274,P071,view,2023-01-13 16:10:24
user_274,P039,view,2023-01-13 16:19:22
user_274,P018,view,2023-01-13 16:28:28
user_274,P074,view,2023-01-13 16:35:14
user_274,P069,click,2023-01-13 16:43:57
user_275,P074,view,2023-01-25 15:07:00
user_275,P079,view,2023-01-25 15:12:39
user_275,P040,view,2023-01-25 15:22:18
user_275,P099,add_to_cart,2023-01-25 15:22:37
user_275,P008,view,2023-01-25 15:28:00
user_275,P032,add_to_cart,2023-01-25 15:34:12
user_275,P082,view,2023-01-25 15:41:59
user_275,P014,view,2023-01-25 15:44:51
user_275,P062,click,2023-01-25 15:46:05
user_275,P089,click,2023-01-25 15:50:26
user_275,P013,view,2023-01-25 15:59:34
user_275,P091,view,2023-01-25 16:02:10
user_275,P029,view,2023-01-25 16:06:53
user_275,P090,add_to_cart,2023-01-25 16:15:59
user_275,P049,view,2023-01-25 16:17:10
user_275,P059,click,2023-01-25 16:21:53
user_275,P081,view,2023-01-25 16:28:36
user_275,P041,view,2023-01-25 16:31:46
user_275,P009,view,2023-01-25 16:41:08
user_275,P084,view,2023-01-25 16:46:01
user_276,P079,view,2023-01-03 04:23:00
user_276,P055,click,2023-01-03 04:25:37
user_276,P060,view,2023-01-03 04:28:10
user_276,P004,view,2023-01-03 04:35:46
user_276,P026,view,2023-01-03 04:40:13
user_276,P019,click,2023-01-03 04:45:12
user_276,P052,view,2023-01-03 04:55:04
user_276,P030,view,2023-01-03 05:01:24
user_276,P048,view,2023-01-03 05:02:43
user_276,P059,click,2023-01-03 05:04:35
user_276,P063,view,2023-01-03 05:05:27
user_276,P061,view,2023-01-03 05:09:45
user_276,P025,view,2023-01-03 05:12:50
user_276,P094,click,2023-01-03 05:16:36
user_276,P049,view,2023-01-03 05:25:11
user_276,P008,view,2023-01-03 05:28:10
user_276,P035,click,2023-01-03 05:32:48
user_277,P100,view,2023-01-13 23:04:00
user_277,P031,click,2023-01-13 23:10:09
user_277,P091,view,2023-01-13 23:15:01
user_277,P052,view,2023-01-13 23:23:26
user_277,P040,view,2023-01-13 23:29:31
user_277,P044,view,2023-01-13 23:29:49
user_277,P082,view,2023-01-13 23:37:43
user_277,P016,view,2023-01-13 23:44:54
user_277,P034,click,2023-01-13 23:54:23
user_277,P005,view,2023-01-13 23:58:33
user_277,P031,add_to_cart,2023-01-14 00:04:29
user_277,P069,click,2023-01-14 00:10:20
user_277,P068,click,2023-01-14 00:10:57
user_277,P088,view,2023-01-14 00:14:34
user_278,P074,view,2023-01-25 00:52:00
user_278,P095,view,2023-01-25 00:59:34
user_278,P011,view,2023-01-25 01:02:37
user_278,P073,add_to_cart,2023-01-25 01:05:59
user_278,P073,view,2023-01-25 01:07:28
user_278,P095,view,2023-01-25 01:08:44
user_278,P085,view,2023-01-25 01:12:54
user_278,P070,click,2023-01-25 01:20:49
user_278,P060,add_to_cart,2023-01-25 01:21:00
user_278,P015,add_to_cart,2023-01-25 01:23:09
user_278,P007,view,2023-01-25 01:31:58
user_278,P050,add_to_cart,2023-01-25 01:37:22
user_278,P084,view,2023-01-25 01:40:02
user_278,P090,view,2023-01-25 01:46:45
user_278,P098,view,2023-01-25 01:53:06
user_278,P043,add_to_cart,2023-01-25 02:02:59
user_278,P079,view,2023-01-25 02:12:37
user_278,P009,view,2023-01-25 02:13:29
user_278,P045,view,2023-01-25 02:20:20
user_278,P038,view,2023-01-25 02:27:02
user_278,P093,view,2023-01-25 02:27:22
user_278,P003,view,2023-01-25 02:29:40
user_278,P096,view,2023-01-25 02:30:50
user_279,P001,add_to_cart,2023-01-18 08:23:00
user_279,P027,view,2023-01-18 08:32:13
user_279,P012,click,2023-01-18 08:32:44
user_279,P087,view,2023-01-18 08:34:24
user_279,P032,view,2023-01-18 08:39:18
user_279,P003,view,2023-01-18 08:42:48
user_279,P100,add_to_cart,2023-01-18 08:52:07
user_279,P074,view,2023-01-18 08:56:20
user_279,P052,click,2023-01-18 08:58:42
user_279,P097,view,2023-01-18 09:06:10
user_280,P035,view,2023-01-23 05:04:00
user_280,P051,view,2023-01-23 05:13:49
user_280,P082,view,2023-01-23 05:22:28
user_280,P009,view,2023-01-23 05:29:47
user_280,P088,view,2023-01-23 05:34:19
user_280,P073,view,2023-01-23 05:40:23
user_280,P081,view,2023-01-23 05:43:29
user_280,P050,view,2023-01-23 05:45:32
user_280,P092,view,2023-01-23 05:53:39
user_280,P074,view,2023-01-23 05:56:12
user_280,P009,view,2023-01-23 05:57:01
user_280,P035,view,2023-01-23 06:00:59
user_280,P025,view,2023-01-23 06:04:20
user_281,P014,click,2023-01-29 01:00:00
user_281,P060,view,2023-01-29 01:09:55
user_281,P001,view,2023-01-29 01:19:33
user_281,P096,view,2023-01-29 01:23:54
user_281,P039,click,2023-01-29 01:25:38
user_281,P050,view,2023-01-29 01:28:12
user_281,P072,click,2023-01-29 01:30:16
user_281,P075,view,2023-01-29 01:32:23
user_281,P097,add_to_cart,2023-01-29 01:35:37
user_281,P099,view,2023-01-29 01:43:27
user_281,P083,view,2023-01-29 01:49:34
user_281,P062,view,2023-01-29 01:50:34
user_281,P057,view,2023-01-29 02:00:18
user_281,P097,view,2023-01-29 02:04:46
user_281,P062,view,2023-01-29 02:06:53
user_281,P065,view,2023-01-29 02:11:58
user_281,P012,view,2023-01-29 02:18:36
user_281,P065,view,2023-01-29 02:25:25
user_281,P064,view,2023-01-29 02:31:14
user_281,P073,view,2023-01-29 02:40:07
user_281,P007,view,2023-01-29 02:49:04
user_281,P008,view,2023-01-29 02:53:51
user_281,P071,click,2023-01-29 02:57:09
user_281,P010,view,2023-01-29 03:02:55
user_281,P014,view,2023-01-29 03:05:10
user_282,P005,view,2023-01-13 23:15:00
user_282,P038,view,2023-01-13 23:22:18
user_282,P048,click,2023-01-13 23:27:41
user_282,P077,view,2023-01-13 23:28:44
user_282,P055,view,2023-01-13 23:32:26
user_282,P004,click,2023-01-13 23:38:53
user_282,P058,view,2023-01-13 23:46:14
user_282,P019,add_to_cart,2023-01-13 23:47:25
user_282,P033,click,2023-01-13 23:53:12
user_282,P071,view,2023-01-13 23:55:29
user_282,P077,view,2023-01-14 00:04:27
user_283,P040,click,2023-01-13 18:07:00
user_283,P028,add_to_cart,2023-01-13 18:07:09
user_283,P087,click,2023-01-13 18:08:34
user_283,P063,view,2023-01-13 18:15:04
user_283,P007,view,2023-01-13 18:24:11
user_283,P051,add_to_cart,2023-01-13 18:32:50
user_283,P010,view,2023-01-13 18:34:07
user_283,P047,view,2023-01-13 18:43:33
user_283,P038,view,2023-01-13 18:50:58
user_283,P070,view,2023-01-13 18:56:47
user_283,P067,view,2023-01-13 18:59:55
user_283,P008,view,2023-01-13 19:06:07
user_284,P054,view,2023-01-13 02:35:00
user_284,P060,view,2023-01-13 02:37:23
user_284,P038,view,2023-01-13 02:42:29
user_284,P074,add_to_cart,2023-01-13 02:47:25
user_284,P014,view,2023-01-13 02:47:45
user_284,P029,view,2023-01-13 02:56:25
user_284,P001,view,2023-01-13 03:05:07
user_284,P063,view,2023-01-13 03:11:36
user_284,P065,click,2023-01-13 03:12:45
user_284,P033,view,2023-01-13 03:16:33
user_284,P004,view,2023-01-13 03:22:43
user_284,P089,add_to_cart,2023-01-13 03:29:55
user_284,P079,click,2023-01-13 03:38:20
user_284,P052,view,2023-01-13 03:44:39
user_284,P065,view,2023-01-13 03:54:20
user_284,P066,view,2023-01-13 03:59:27
user_285,P006,view,2023-01-22 03:42:00
user_285,P024,view,2023-01-22 03:43:15
user_285,P087,view,2023-01-22 03:49:35
user_285,P035,view,2023-01-22 03:52:02
user_285,P004,view,2023-01-22 03:54:53
user_285,P030,view,2023-01-22 03:58:02
user_285,P074,view,2023-01-22 03:59:45
user_285,P067,add_to_cart,2023-01-22 04:01:25
user_285,P017,view,2023-01-22 04:10:16
user_285,P088,view,2023-01-22 04:15:52
user_285,P048,view,2023-01-22 04:21:43
user_285,P044,view,2023-01-22 04:28:58
user_285,P064,add_to_cart,2023-01-22 04:30:26
user_285,P008,click,2023-01-22 04:35:39
user_285,P022,click,2023-01-22 04:44:22
user_285,P016,view,2023-01-22 04:46:32
user_286,P082,view,2023-01-06 06:14:00
user_286,P002,view,2023-01-06 06:20:49
user_286,P072,click,2023-01-06 06:24:37
user_286,P087,add_to_cart,2023-01-06 06:25:00
user_286,P097,add_to_cart,2023-01-06 06:30:47
user_286,P054,add_to_cart,2023-01-06 06:36:29
user_286,P092,click,2023-01-06 06:43:04
user_286,P039,view,2023-01-06 06:46:54
user_286,P069,click,2023-01-06 06:47:22
user_286,P059,view,2023-01-06 06:50:07
user_286,P041,view,2023-01-06 06:53:51
user_286,P011,click,2023-01-06 06:57:57
user_286,P057,view,2023-01-06 07:01:03
user_286,P052,view,2023-01-06 07:10:10
user_286,P010,view,2023-01-06 07:15:02
user_286,P075,view,2023-01-06 07:18:48
user_286,P020,view,2023-01-06 07:27:20
user_287,P063,click,2023-01-24 08:40:00
user_287,P005,view,2023-01-24 08:44:41
user_287,P068,view,2023-01-24 08:50:26
user_287,P062,click,2023-01-24 08:58:24
user_287,P039,click,2023-01-24 09:06:43
user_287,P015,view,2023-01-24 09:08:48
user_287,P092,click,2023-01-24 09:18:13
user_287,P100,add_to_cart,2023-01-24 09:27:17
user_287,P090,add_to_cart,2023-01-24 09:28:26
user_288,P081,view,2023-01-09 14:11:00
user_288,P061,view,2023-01-09 14:11:52
user_288,P065,view,2023-01-09 14:13:55
user_288,P079,view,2023-01-09 14:14:35
user_288,P069,view,2023-01-09 14:23:53
user_288,P069,view,2023-01-09 14:24:36
user_288,P047,view,2023-01-09 14:30:19
user_288,P063,view,2023-01-09 14:32:29
user_288,P034,view,2023-01-09 14:37:32
user_288,P018,view,2023-01-09 14:38:25
user_288,P093,view,2023-01-09 14:39:26
user_288,P093,view,2023-01-09 14:39:54
user_288,P033,view,2023-01-09 14:44:52
user_288,P087,view,2023-01-09 14:52:57
user_288,P024,add_to_cart,2023-01-09 14:57:28
user_288,P020,view,2023-01-09 15:06:25
user_288,P100,add_to_cart,2023-01-09 15:13:40
user_288,P062,view,2023-01-09 15:17:46
user_288,P076,view,2023-01-09 15:18:56
user_289,P012,view,2023-01-09 08:46:00
user_289,P050,view,2023-01-09 08:53:24
user_289,P079,view,2023-01-09 08:54:04
user_289,P050,view,2023-01-09 08:57:17
user_289,P036,view,2023-01-09 08:57:41
user_289,P062,view,2023-01-09 09:00:08
user_289,P093,view,2023-01-09 09:02:23
user_289,P056,view,2023-01-09 09:04:30
user_289,P071,view,2023-01-09 09:11:33
user_289,P083,view,2023-01-09 09:11:38
user_289,P084,view,2023-01-09 09:17:14
user_289,P029,click,2023-01-09 09:18:19
user_289,P019,view,2023-01-09 09:27:36
user_289,P015,view,2023-01-09 09:32:37
user_289,P015,click,2023-01-09 09:40:17
user_289,P022,view,2023-01-09 09:44:12
user_289,P036,view,2023-01-09 09:46:26
user_289,P030,view,2023-01-09 09:52:46
user_289,P057,view,2023-01-09 09:53:16
user_289,P056,view,2023-01-09 09:57:23
user_289,P055,add_to_cart,2023-01-09 10:06:55
user_289,P084,view,2023-01-09 10:13:48
user_289,P060,view,2023-01-09 10:20:30
user_290,P069,view,2023-01-30 14:11:00
user_290,P055,view,2023-01-30 14:19:52
user_290,P042,view,2023-01-30 14:27:11
user_290,P053,view,2023-01-30 14:31:24
user_290,P023,view,2023-01-30 14:32:46
user_290,P085,view,2023-01-30 14:33:40
user_290,P097,view,2023-01-30 14:33:48
user_290,P078,view,2023-01-30 14:35:43
user_290,P100,view,2023-01-30 14:38:00
user_290,P094,view,2023-01-30 14:40:03
user_290,P055,view,2023-01-30 14:49:09
user_290,P041,view,2023-01-30 14:56:46
user_290,P080,view,2023-01-30 15:00:29
user_290,P045,view,2023-01-30 15:01:58
user_290,P084,view,2023-01-30 15:07:37
user_290,P059,view,2023-01-30 15:10:44
user_290,P026,view,2023-01-30 15:16:38
user_290,P025,view,2023-01-30 15:19:59
user_291,P061,add_to_cart,2023-01-28 16:20:00
user_291,P054,view,2023-01-28 16:20:30
user_291,P011,view,2023-01-28 16:26:55
user_291,P034,view,2023-01-28 16:28:22
user_291,P053,view,2023-01-28 16:29:53
user_291,P052,click,2023-01-28 16:36:35
user_291,P015,view,2023-01-28 16:42:48
user_291,P008,view,2023-01-28 16:50:15
user_291,P095,view,2023-01-28 16:55:07
user_291,P045,view,2023-01-28 17:00:42
user_291,P019,view,2023-01-28 17:09:10
user_291,P037,view,2023-01-28 17:12:13
user_291,P054,view,2023-01-28 17:15:17
user_291,P069,view,2023-01-28 17:16:57
user_291,P024,view,2023-01-28 17:23:28
user_292,P082,view,2023-01-30 01:57:00
user_292,P048,click,2023-01-30 01:58:56
user_292,P060,view,2023-01-30 02:05:16
user_292,P004,view,2023-01-30 02:05:23
user_292,P009,view,2023-01-30 02:06:09
user_292,P022,click,2023-01-30 02:08:35
user_292,P003,view,2023-01-30 02:09:22
user_292,P086,view,2023-01-30 02:18:06
user_292,P040,view,2023-01-30 02:25:03
user_292,P024,view,2023-01-30 02:25:28
user_292,P020,click,2023-01-30 02:29:57
user_292,P073,view,2023-01-30 02:39:09
user_292,P073,view,2023-01-30 02:40:22
user_292,P096,view,2023-01-30 02:41:38
user_292,P037,view,2023-01-30 02:46:41
user_292,P025,click,2023-01-30 02:50:28
user_292,P021,click,2023-01-30 02:54:23
user_293,P096,add_to_cart,2023-01-02 11:07:00
user_293,P021,view,2023-01-02 11:08:21
user_293,P045,view,2023-01-02 11:16:11
user_293,P057,view,2023-01-02 11:18:55
user_293,P052,view,2023-01-02 11:21:40
user_293,P051,add_to_cart,2023-01-02 11:28:20
user_293,P034,view,2023-01-02 11:33:32
user_293,P008,view,2023-01-02 11:36:23
user_293,P029,add_to_cart,2023-01-02 11:44:38
user_293,P049,view,2023-01-02 11:45:25
user_293,P053,view,2023-01-02 11:46:00
user_293,P057,view,2023-01-02 11:50:58
user_293,P035,view,2023-01-02 11:59:46
user_293,P072,click,2023-01-02 12:01:40
user_293,P048,view,2023-01-02 12:04:27
user_293,P006,view,2023-01-02 12:11:10
user_293,P022,view,2023-01-02 12:20:54
user_294,P086,click,2023-01-15 19:50:00
user_294,P009,click,2023-01-15 19:54:13
user_294,P015,view,2023-01-15 20:04:02
user_294,P058,view,2023-01-15 20:13:50
user_294,P075,click,2023-01-15 20:22:42
user_294,P018,click,2023-01-15 20:24:00
user_294,P050,view,2023-01-15 20:24:47
user_294,P028,view,2023-01-15 20:34:22
user_294,P047,view,2023-01-15 20:44:08
user_294,P079,view,2023-01-15 20:47:34
user_294,P081,click,2023-01-15 20:53:40
user_294,P015,view,2023-01-15 20:58:29
user_294,P025,view,2023-01-15 21:01:57
user_294,P004,view,2023-01-15 21:03:10
user_294,P057,view,2023-01-15 21:09:15
user_294,P088,view,2023-01-15 21:14:41
user_294,P087,view,2023-01-15 21:20:40
user_294,P019,add_to_cart,2023-01-15 21:22:29
user_294,P085,add_to_cart,2023-01-15 21:31:20
user_294,P027,view,2023-01-15 21:35:19
user_294,P033,view,2023-01-15 21:35:29
user_295,P070,view,2023-01-08 21:06:00
user_295,P095,click,2023-01-08 21:11:39
user_295,P052,click,2023-01-08 21:17:36
user_295,P005,click,2023-01-08 21:23:05
user_295,P014,click,2023-01-08 21:28:17
user_295,P098,view,2023-01-08 21:34:53
user_295,P093,view,2023-01-08 21:37:42
user_295,P052,view,2023-01-08 21:41:30
user_295,P052,add_to_cart,2023-01-08 21:50:18
user_295,P098,click,2023-01-08 21:52:29
user_295,P059,view,2023-01-08 21:57:06
user_295,P038,view,2023-01-08 21:57:32
user_295,P050,view,2023-01-08 22:05:33
user_295,P090,view,2023-01-08 22:11:53
user_295,P020,view,2023-01-08 22:18:42
user_296,P063,add_to_cart,2023-01-16 00:50:00
user_296,P050,view,2023-01-16 00:59:59
user_296,P049,view,2023-01-16 01:04:25
user_296,P069,view,2023-01-16 01:06:27
user_296,P043,view,2023-01-16 01:13:08
user_296,P003,view,2023-01-16 01:19:24
user_296,P017,view,2023-01-16 01:21:05
user_296,P056,view,2023-01-16 01:24:15
user_297,P045,view,2023-01-28 05:26:00
user_297,P036,view,2023-01-28 05:35:07
user_297,P067,view,2023-01-28 05:40:04
user_297,P046,add_to_cart,2023-01-28 05:44:29
user_297,P006,view,2023-01-28 05:45:22
user_297,P023,view,2023-01-28 05:49:10
user_297,P084,click,2023-01-28 05:51:04
user_297,P044,view,2023-01-28 05:57:47
user_297,P052,view,2023-01-28 06:02:57
user_297,P044,view,2023-01-28 06:05:32
user_297,P052,view,2023-01-28 06:14:52
user_297,P018,add_to_cart,2023-01-28 06:18:22
user_297,P060,view,2023-01-28 06:26:55
user_298,P015,click,2023-01-19 16:03:00
user_298,P001,view,2023-01-19 16:04:16
user_298,P018,view,2023-01-19 16:06:59
user_298,P097,click,2023-01-19 16:07:33
user_298,P092,view,2023-01-19 16:16:16
user_298,P063,view,2023-01-19 16:18:07
user_298,P015,view,2023-01-19 16:24:09
user_298,P091,view,2023-01-19 16:32:11
user_298,P061,view,2023-01-19 16:41:48
user_298,P040,click,2023-01-19 16:49:47
user_298,P021,click,2023-01-19 16:52:07
user_298,P003,click,2023-01-19 17:01:04
user_298,P027,click,2023-01-19 17:07:59
user_298,P033,view,2023-01-19 17:09:40
user_298,P043,view,2023-01-19 17:14:44
user_298,P084,view,2023-01-19 17:22:17
user_298,P080,click,2023-01-19 17:22:55
user_298,P089,click,2023-01-19 17:24:37
user_298,P017,view,2023-01-19 17:31:07
user_298,P009,view,2023-01-19 17:34:33
user_298,P062,click,2023-01-19 17:36:05
user_298,P074,view,2023-01-19 17:37:56
user_299,P050,click,2023-01-17 01:51:00
user_299,P079,view,2023-01-17 01:59:39
user_299,P037,view,2023-01-17 02:00:04
user_299,P009,click,2023-01-17 02:03:30
user_299,P025,view,2023-01-17 02:10:03
user_299,P072,click,2023-01-17 02:15:27
user_299,P076,view,2023-01-17 02:21:39
user_299,P010,click,2023-01-17 02:29:59
user_299,P099,click,2023-01-17 02:35:49
user_299,P006,view,2023-01-17 02:45:03
user_299,P005,view,2023-01-17 02:53:29
user_299,P062,view,2023-01-17 03:01:03
user_299,P019,view,2023-01-17 03:10:25
user_300,P095,view,2023-01-25 21:54:00
user_300,P056,view,2023-01-25 21:59:46
user_300,P044,view,2023-01-25 22:07:08
user_300,P092,click,2023-01-25 22:13:33
user_300,P025,click,2023-01-25 22:21:17
user_300,P051,view,2023-01-25 22:21:36
user_300,P008,view,2023-01-25 22:31:29
user_300,P096,view,2023-01-25 22:32:43
user_300,P007,click,2023-01-25 22:36:48
user_300,P049,click,2023-01-25 22:44:12
user_300,P079,view,2023-01-25 22:49:24
user_300,P096,view,2023-01-25 22:58:16
user_300,P046,view,2023-01-25 23:05:04
user_300,P003,add_to_cart,2023-01-25 23:08:19
user_300,P049,view,2023-01-25 23:16:30
user_300,P093,click,2023-01-25 23:25:28
user_300,P085,add_to_cart,2023-01-25 23:29:12
user_300,P065,view,2023-01-25 23:35:46
user_300,P003,view,2023-01-25 23:40:10
user_300,P087,view,2023-01-25 23:40:34
user_300,P025,view,2023-01-25 23:48:46
user_300,P052,click,2023-01-25 23:55:37
user_300,P079,view,2023-01-26 00:00:54
user_300,P091,click,2023-01-26 00:01:12
user_301,P034,view,2023-01-02 03:00:00
user_301,P036,view,2023-01-02 03:04:24
user_301,P009,add_to_cart,2023-01-02 03:11:24
user_301,P020,view,2023-01-02 03:21:07
user_301,P062,view,2023-01-02 03:25:21
user_301,P067,add_to_cart,2023-01-02 03:27:17
user_301,P073,view,2023-01-02 03:33:53
user_301,P067,click,2023-01-02 03:36:58
user_301,P021,view,2023-01-02 03:41:31
user_301,P048,view,2023-01-02 03:46:10
user_302,P020,view,2023-01-30 17:17:00
user_302,P082,view,2023-01-30 17:26:20
user_302,P074,view,2023-01-30 17:35:51
user_302,P038,view,2023-01-30 17:40:11
user_302,P095,view,2023-01-30 17:42:32
user_302,P052,click,2023-01-30 17:48:31
user_302,P004,view,2023-01-30 17:49:08
user_302,P064,view,2023-01-30 17:53:37
user_302,P005,add_to_cart,2023-01-30 17:57:33
user_302,P015,click,2023-01-30 17:59:46
user_302,P046,view,2023-01-30 18:02:40
user_302,P067,view,2023-01-30 18:12:17
user_303,P039,view,2023-01-12 22:59:00
user_303,P077,view,2023-01-12 23:02:15
user_303,P090,view,2023-01-12 23:06:12
user_303,P079,view,2023-01-12 23:10:47
user_303,P028,view,2023-01-12 23:17:46
user_303,P081,view,2023-01-12 23:24:35
user_303,P088,add_to_cart,2023-01-12 23:28:40
user_303,P100,view,2023-01-12 23:35:58
user_303,P034,view,2023-01-12 23:41:05
user_303,P094,view,2023-01-12 23:44:24
user_303,P019,click,2023-01-12 23:48:38
user_303,P015,view,2023-01-12 23:52:56
user_303,P014,view,2023-01-12 23:55:05
user_303,P092,view,2023-01-13 00:01:56
user_303,P077,click,2023-01-13 00:02:20
user_303,P045,view,2023-01-13 00:08:19
user_303,P045,view,2023-01-13 00:08:25
user_303,P029,view,2023-01-13 00:17:25
user_303,P066,click,2023-01-13 00:27:09
user_304,P063,view,2023-01-17 17:00:00
user_304,P045,view,2023-01-17 17:03:23
user_304,P093,view,2023-01-17 17:12:13
user_304,P024,view,2023-01-17 17:16:15
user_304,P013,view,2023-01-17 17:18:37
user_304,P100,view,2023-01-17 17:21:03
user_304,P066,add_to_cart,2023-01-17 17:27:02
user_304,P081,view,2023-01-17 17:36:25
user_304,P018,click,2023-01-17 17:41:37
user_304,P023,add_to_cart,2023-01-17 17:44:13
user_304,P064,view,2023-01-17 17:44:38
user_304,P002,view,2023-01-17 17:47:24
user_304,P068,add_to_cart,2023-01-17 17:51:13
user_304,P072,add_to_cart,2023-01-17 17:57:41
user_304,P006,view,2023-01-17 18:07:22
user_304,P027,view,2023-01-17 18:15:56
user_304,P087,view,2023-01-17 18:24:02
user_304,P068,view,2023-01-17 18:32:09
user_304,P095,view,2023-01-17 18:32:30
user_304,P091,view,2023-01-17 18:40:52
user_304,P006,add_to_cart,2023-01-17 18:45:04
user_304,P057,view,2023-01-17 18:50:32
user_305,P026,add_to_cart,2023-01-21 20:46:00
user_305,P013,view,2023-01-21 20:47:50
user_305,P024,click,2023-01-21 20:49:49
user_305,P056,view,2023-01-21 20:52:30
user_305,P019,view,2023-01-21 20:55:17
user_305,P078,view,2023-01-21 20:56:05
user_305,P073,view,2023-01-21 21:05:03
user_305,P005,click,2023-01-21 21:07:41
user_305,P003,view,2023-01-21 21:10:42
user_305,P014,click,2023-01-21 21:17:57
user_305,P044,click,2023-01-21 21:25:29
user_305,P025,view,2023-01-21 21:26:38
user_305,P098,view,2023-01-21 21:35:29
user_305,P081,view,2023-01-21 21:40:26
user_305,P063,click,2023-01-21 21:43:16
user_305,P019,view,2023-01-21 21:46:58
user_305,P055,add_to_cart,2023-01-21 21:53:05
user_305,P090,view,2023-01-21 21:58:49
user_305,P048,add_to_cart,2023-01-21 21:59:34
user_305,P034,view,2023-01-21 21:59:44
user_305,P002,click,2023-01-21 22:08:26
user_305,P085,add_to_cart,2023-01-21 22:11:06
user_305,P010,view,2023-01-21 22:13:28
user_305,P019,view,2023-01-21 22:20:20
user_306,P023,click,2023-01-10 19:17:00
user_306,P098,view,2023-01-10 19:22:13
user_306,P009,view,2023-01-10 19:31:19
user_306,P040,view,2023-01-10 19:36:13
user_306,P029,view,2023-01-10 19:38:42
user_306,P095,add_to_cart,2023-01-10 19:48:34
user_306,P046,view,2023-01-10 19:53:40
user_306,P005,view,2023-01-10 20:03:22
user_306,P016,view,2023-01-10 20:05:18
user_306,P008,view,2023-01-10 20:11:53
user_307,P015,view,2023-01-07 05:11:00
user_307,P009,click,2023-01-07 05:19:03
user_307,P072,view,2023-01-07 05:24:14
user_307,P003,view,2023-01-07 05:24:49
user_307,P012,add_to_cart,2023-01-07 05:29:19
user_307,P082,view,2023-01-07 05:35:13
user_307,P047,view,2023-01-07 05:42:54
user_307,P023,add_to_cart,2023-01-07 05:49:25
user_307,P029,view,2023-01-07 05:53:58
user_307,P084,view,2023-01-07 05:59:48
user_307,P014,click,2023-01-07 06:01:10
user_307,P024,view,2023-01-07 06:07:51
user_307,P051,view,2023-01-07 06:14:53
user_307,P090,view,2023-01-07 06:21:21
user_307,P072,add_to_cart,2023-01-07 06:29:34
user_307,P080,view,2023-01-07 06:35:53
user_307,P057,view,2023-01-07 06:44:39
user_307,P086,click,2023-01-07 06:49:37
user_307,P047,view,2023-01-07 06:51:33
user_307,P094,add_to_cart,2023-01-07 07:00:13
user_307,P062,view,2023-01-07 07:03:08
user_307,P085,view,2023-01-07 07:07:25
user_307,P065,view,2023-01-07 07:16:05
user_307,P002,view,2023-01-07 07:20:12
user_307,P045,click,2023-01-07 07:27:37
user_308,P035,view,2023-01-11 11:41:00
user_308,P041,view,2023-01-11 11:45:15
user_308,P079,view,2023-01-11 11:52:55
user_308,P017,view,2023-01-11 12:01:07
user_308,P077,click,2023-01-11 12:09:08
user_308,P069,view,2023-01-11 12:17:50
user_308,P040,view,2023-01-11 12:21:44
user_308,P044,view,2023-01-11 12:21:56
user_308,P013,view,2023-01-11 12:25:15
user_308,P080,view,2023-01-11 12:26:08
user_308,P066,view,2023-01-11 12:28:50
user_308,P053,view,2023-01-11 12:38:25
user_308,P020,view,2023-01-11 12:40:30
user_308,P075,view,2023-01-11 12:50:02
user_308,P028,click,2023-01-11 12:57:15
user_308,P068,click,2023-01-11 13:00:51
user_309,P045,view,2023-01-06 15:47:00
user_309,P036,click,2023-01-06 15:54:26
user_309,P018,click,2023-01-06 16:00:31
user_309,P015,click,2023-01-06 16:03:41
user_309,P066,click,2023-01-06 16:08:24
user_309,P049,view,2023-01-06 16:15:29
user_309,P064,click,2023-01-06 16:15:51
user_309,P059,click,2023-01-06 16:16:12
user_309,P042,view,2023-01-06 16:23:40
user_309,P066,view,2023-01-06 16:27:49
user_309,P012,view,2023-01-06 16:30:34
user_309,P009,view,2023-01-06 16:39:29
user_309,P039,click,2023-01-06 16:40:23
user_309,P079,view,2023-01-06 16:40:39
user_309,P004,view,2023-01-06 16:41:11
user_309,P098,view,2023-01-06 16:45:25
user_309,P038,view,2023-01-06 16:46:08
user_309,P026,view,2023-01-06 16:54:01
user_309,P097,view,2023-01-06 17:01:38
user_309,P037,view,2023-01-06 17:06:04
user_309,P069,click,2023-01-06 17:10:13
user_309,P047,view,2023-01-06 17:18:38
user_309,P059,view,2023-01-06 17:19:48
user_310,P090,view,2023-01-13 19:01:00
user_310,P010,view,2023-01-13 19:08:25
user_310,P008,view,2023-01-13 19:18:18
user_310,P097,view,2023-01-13 19:20:12
user_310,P062,view,2023-01-13 19:27:10
user_310,P082,click,2023-01-13 19:36:21
user_310,P070,view,2023-01-13 19:41:08
user_310,P018,view,2023-01-13 19:46:53
user_310,P053,view,2023-01-13 19:53:47
user_310,P039,view,2023-01-13 19:54:19
user_310,P018,click,2023-01-13 19:57:50
user_310,P020,view,2023-01-13 20:01:46
user_310,P069,view,2023-01-13 20:10:57
user_310,P078,view,2023-01-13 20:15:00
user_310,P017,view,2023-01-13 20:21:52
user_310,P089,view,2023-01-13 20:26:16
user_310,P075,view,2023-01-13 20:29:14
user_311,P025,click,2023-01-11 07:00:00
user_311,P006,view,2023-01-11 07:01:26
user_311,P072,view,2023-01-11 07:05:28
user_311,P078,view,2023-01-11 07:10:58
user_311,P063,view,2023-01-11 07:19:00
user_311,P083,add_to_cart,2023-01-11 07:22:16
user_311,P041,view,2023-01-11 07:23:23
user_311,P004,view,2023-01-11 07:30:00
user_311,P006,view,2023-01-11 07:33:28
user_311,P015,click,2023-01-11 07:42:25
user_311,P056,view,2023-01-11 07:45:43
user_311,P032,view,2023-01-11 07:51:11
user_311,P034,add_to_cart,2023-01-11 07:52:21
user_311,P039,view,2023-01-11 07:53:25
user_312,P094,view,2023-01-21 04:22:00
user_312,P072,add_to_cart,2023-01-21 04:23:42
user_312,P028,view,2023-01-21 04:32:44
user_312,P080,view,2023-01-21 04:36:31
user_312,P010,view,2023-01-21 04:39:31
user_312,P100,view,2023-01-21 04:46:38
user_312,P064,view,2023-01-21 04:53:25
user_312,P062,add_to_cart,2023-01-21 04:59:01
user_312,P092,add_to_cart,2023-01-21 05:00:34
user_312,P081,view,2023-01-21 05:07:07
user_312,P021,click,2023-01-21 05:09:02
user_312,P006,click,2023-01-21 05:17:32
user_312,P001,view,2023-01-21 05:23:47
user_312,P037,view,2023-01-21 05:26:51
user_312,P046,view,2023-01-21 05:27:14
user_312,P017,click,2023-01-21 05:28:14
user_312,P022,click,2023-01-21 05:29:37
user_312,P032,view,2023-01-21 05:34:52
user_312,P074,view,2023-01-21 05:37:32
user_312,P086,view,2023-01-21 05:45:18
user_313,P082,view,2023-01-23 14:16:00
user_313,P075,view,2023-01-23 14:18:50
user_313,P051,view,2023-01-23 14:23:26
user_313,P075,view,2023-01-23 14:32:53
user_313,P040,view,2023-01-23 14:37:08
user_313,P048,view,2023-01-23 14:43:10
user_313,P098,click,2023-01-23 14:51:29
user_313,P082,view,2023-01-23 14:52:51
user_313,P041,view,2023-01-23 14:57:45
user_313,P023,add_to_cart,2023-01-23 15:05:44
user_313,P012,add_to_cart,2023-01-23 15:11:06
user_313,P041,view,2023-01-23 15:14:23
user_313,P075,view,2023-01-23 15:14:33
user_313,P010,add_to_cart,2023-01-23 15:16:10
user_313,P001,view,2023-01-23 15:21:08
user_313,P081,view,2023-01-23 15:25:21
user_313,P015,click,2023-01-23 15:32:22
user_313,P003,view,2023-01-23 15:37:03
user_314,P045,click,2023-01-27 23:55:00
user_314,P092,view,2023-01-27 23:59:32
user_314,P084,add_to_cart,2023-01-28 00:04:25
user_314,P060,view,2023-01-28 00:04:50
user_314,P049,view,2023-01-28 00:11:57
user_314,P026,view,2023-01-28 00:15:35
user_314,P076,add_to_cart,2023-01-28 00:16:19
user_314,P009,view,2023-01-28 00:19:25
user_314,P095,view,2023-01-28 00:28:22
user_314,P084,view,2023-01-28 00:31:42
user_314,P074,view,2023-01-28 00:40:34
user_314,P011,view,2023-01-28 00:42:51
user_314,P048,view,2023-01-28 00:44:05
user_314,P034,view,2023-01-28 00:47:41
user_314,P002,view,2023-01-28 00:55:11
user_314,P098,view,2023-01-28 00:55:34
user_315,P048,view,2023-01-05 17:48:00
user_315,P060,view,2023-01-05 17:48:33
user_315,P027,click,2023-01-05 17:53:16
user_315,P049,view,2023-01-05 18:01:59
user_315,P078,view,2023-01-05 18:07:27
user_315,P059,view,2023-01-05 18:15:09
user_315,P073,click,2023-01-05 18:22:00
user_315,P053,view,2023-01-05 18:30:44
user_315,P009,view,2023-01-05 18:37:19
user_315,P044,view,2023-01-05 18:45:41
user_315,P028,click,2023-01-05 18:48:51
user_315,P026,view,2023-01-05 18:57:36
user_315,P034,click,2023-01-05 18:59:01
user_315,P005,view,2023-01-05 19:03:34
user_315,P088,add_to_cart,2023-01-05 19:09:56
user_315,P072,click,2023-01-05 19:11:51
user_315,P001,view,2023-01-05 19:21:24
user_315,P047,view,2023-01-05 19:26:46
user_315,P098,view,2023-01-05 19:28:36
user_315,P049,view,2023-01-05 19:35:02
user_315,P079,click,2023-01-05 19:39:59
user_315,P097,view,2023-01-05 19:47:59
user_315,P023,click,2023-01-05 19:55:37
user_316,P016,view,2023-01-15 15:29:00
user_316,P030,view,2023-01-15 15:34:07
user_316,P059,view,2023-01-15 15:39:32
user_316,P052,view,2023-01-15 15:43:47
user_316,P058,view,2023-01-15 15:49:43
user_316,P048,view,2023-01-15 15:53:52
user_316,P085,add_to_cart,2023-01-15 15:55:36
user_316,P037,click,2023-01-15 16:02:35
user_316,P078,view,2023-01-15 16:07:41
user_316,P061,view,2023-01-15 16:11:22
user_316,P081,click,2023-01-15 16:14:09
user_316,P068,view,2023-01-15 16:19:14
user_316,P030,view,2023-01-15 16:27:01
user_316,P034,click,2023-01-15 16:34:12
user_316,P037,view,2023-01-15 16:42:15
user_316,P042,view,2023-01-15 16:46:42
user_317,P098,view,2023-01-24 18:17:00
user_317,P001,view,2023-01-24 18:25:23
user_317,P095,add_to_cart,2023-01-24 18:34:41
user_317,P001,view,2023-01-24 18:37:53
user_317,P039,click,2023-01-24 18:46:23
user_317,P053,view,2023-01-24 18:47:54
user_317,P006,click,2023-01-24 18:53:43
user_317,P030,click,2023-01-24 18:58:43
user_317,P013,view,2023-01-24 19:01:02
user_317,P003,click,2023-01-24 19:04:04
user_317,P050,view,2023-01-24 19:10:11
user_317,P032,view,2023-01-24 19:13:35
user_317,P034,add_to_cart,2023-01-24 19:18:12
user_317,P024,view,2023-01-24 19:22:10
user_317,P046,view,2023-01-24 19:31:36
user_317,P087,click,2023-01-24 19:40:45
user_317,P001,click,2023-01-24 19:47:40
user_317,P010,click,2023-01-24 19:51:45
user_317,P057,click,2023-01-24 19:59:37
user_317,P015,click,2023-01-24 20:01:33
user_318,P099,click,2023-01-18 09:33:00
user_318,P054,view,2023-01-18 09:39:12
user_318,P009,view,2023-01-18 09:43:44
user_318,P093,view,2023-01-18 09:49:22
user_318,P038,view,2023-01-18 09:58:41
user_318,P048,view,2023-01-18 10:06:21
user_318,P094,click,2023-01-18 10:16:20
user_318,P058,view,2023-01-18 10:21:11
user_318,P018,view,2023-01-18 10:25:12
user_318,P036,view,2023-01-18 10:32:10
user_318,P016,view,2023-01-18 10:32:43
user_318,P066,view,2023-01-18 10:42:23
user_318,P099,view,2023-01-18 10:48:33
user_318,P031,view,2023-01-18 10:54:33
user_318,P041,add_to_cart,2023-01-18 11:02:01
user_318,P065,view,2023-01-18 11:02:54
user_318,P089,click,2023-01-18 11:07:41
user_318,P003,view,2023-01-18 11:09:46
user_318,P079,view,2023-01-18 11:13:37
user_318,P007,view,2023-01-18 11:22:45
user_318,P058,view,2023-01-18 11:26:06
user_319,P075,add_to_cart,2023-01-07 12:22:00
user_319,P055,view,2023-01-07 12:25:37
user_319,P099,view,2023-01-07 12:28:29
user_319,P069,view,2023-01-07 12:35:40
user_319,P013,view,2023-01-07 12:35:54
user_319,P058,add_to_cart,2023-01-07 12:44:24
user_319,P059,view,2023-01-07 12:46:36
user_319,P015,view,2023-01-07 12:48:24
user_319,P053,view,2023-01-07 12:49:06
user_319,P058,view,2023-01-07 12:49:21
user_319,P099,view,2023-01-07 12:52:59
user_319,P006,view,2023-01-07 13:02:19
user_319,P005,click,2023-01-07 13:02:31
user_319,P017,view,2023-01-07 13:04:27
user_319,P084,view,2023-01-07 13:12:09
user_319,P062,view,2023-01-07 13:15:54
user_319,P098,click,2023-01-07 13:22:58
user_319,P087,view,2023-01-07 13:31:37
user_319,P044,view,2023-01-07 13:41:00
user_319,P069,click,2023-01-07 13:50:26
user_319,P090,view,2023-01-07 13:56:50
user_319,P025,view,2023-01-07 14:01:12
user_320,P054,view,2023-01-19 08:26:00
user_320,P099,view,2023-01-19 08:35:25
user_320,P017,click,2023-01-19 08:41:57
user_320,P053,view,2023-01-19 08:45:34
user_320,P034,view,2023-01-19 08:47:57
user_320,P010,view,2023-01-19 08:56:30
user_320,P048,click,2023-01-19 09:03:51
user_320,P031,view,2023-01-19 09:08:39
user_320,P025,view,2023-01-19 09:13:15
user_321,P064,click,2023-01-19 15:42:00
user_321,P082,click,2023-01-19 15:44:28
user_321,P091,add_to_cart,2023-01-19 15:48:21
user_321,P013,view,2023-01-19 15:56:58
user_321,P078,view,2023-01-19 16:01:36
user_321,P072,view,2023-01-19 16:11:23
user_321,P080,add_to_cart,2023-01-19 16:17:39
user_321,P033,click,2023-01-19 16:27:15
user_321,P041,click,2023-01-19 16:34:16
user_322,P033,click,2023-01-25 06:10:00
user_322,P052,click,2023-01-25 06:11:34
user_322,P068,view,2023-01-25 06:19:16
user_322,P069,view,2023-01-25 06:20:51
user_322,P035,view,2023-01-25 06:24:35
user_322,P068,click,2023-01-25 06:32:06
user_322,P026,view,2023-01-25 06:38:21
user_322,P097,view,2023-01-25 06:44:32
user_322,P095,view,2023-01-25 06:54:26
user_322,P085,view,2023-01-25 06:58:06
user_322,P034,view,2023-01-25 07:07:13
user_322,P083,click,2023-01-25 07:09:32
user_322,P078,view,2023-01-25 07:16:08
user_322,P003,view,2023-01-25 07:17:29
user_322,P100,view,2023-01-25 07:24:12
user_322,P068,add_to_cart,2023-01-25 07:27:28
user_322,P010,view,2023-01-25 07:33:17
user_323,P040,click,2023-01-28 01:22:00
user_323,P087,view,2023-01-28 01:29:46
user_323,P018,click,2023-01-28 01:37:53
user_323,P001,view,2023-01-28 01:39:48
user_323,P042,view,2023-01-28 01:44:49
user_323,P011,view,2023-01-28 01:50:27
user_323,P030,view,2023-01-28 01:59:29
user_323,P005,view,2023-01-28 02:00:42
user_323,P023,view,2023-01-28 02:10:19
user_323,P067,view,2023-01-28 02:19:25
user_324,P073,view,2023-01-30 23:00:00
user_324,P034,view,2023-01-30 23:05:06
user_324,P025,click,2023-01-30 23:05:39
user_324,P067,view,2023-01-30 23:06:56
user_324,P020,view,2023-01-30 23:16:10
user_324,P062,view,2023-01-30 23:23:15
user_324,P037,view,2023-01-30 23:31:44
user_324,P007,view,2023-01-30 23:32:21
user_324,P015,view,2023-01-30 23:34:38
user_324,P017,view,2023-01-30 23:40:27
user_324,P050,click,2023-01-30 23:46:49
user_324,P007,click,2023-01-30 23:54:40
user_324,P088,view,2023-01-30 23:57:51
user_324,P054,view,2023-01-31 00:05:24
user_324,P044,click,2023-01-31 00:08:29
user_324,P088,view,2023-01-31 00:11:02
user_324,P009,view,2023-01-31 00:19:26
user_325,P024,view,2023-01-20 15:00:00
user_325,P090,view,2023-01-20 15:03:46
user_325,P068,view,2023-01-20 15:13:39
user_325,P088,view,2023-01-20 15:22:15
user_325,P040,view,2023-01-20 15:24:02
user_325,P013,add_to_cart,2023-01-20 15:28:34
user_325,P009,click,2023-01-20 15:36:07
user_325,P013,click,2023-01-20 15:46:01
user_325,P087,view,2023-01-20 15:52:35
user_325,P010,click,2023-01-20 15:59:06
user_325,P021,click,2023-01-20 16:03:40
user_325,P021,view,2023-01-20 16:04:12
user_325,P038,view,2023-01-20 16:07:18
user_325,P045,view,2023-01-20 16:13:01
user_325,P011,add_to_cart,2023-01-20 16:16:14
user_325,P043,view,2023-01-20 16:16:51
user_325,P047,view,2023-01-20 16:26:04
user_325,P036,click,2023-01-20 16:26:31
user_325,P081,view,2023-01-20 16:28:04
user_325,P081,view,2023-01-20 16:34:54
user_325,P078,view,2023-01-20 16:38:24
user_325,P094,view,2023-01-20 16:44:04
user_325,P099,view,2023-01-20 16:47:56
user_325,P026,view,2023-01-20 16:54:30
user_325,P075,view,2023-01-20 17:01:39
user_326,P056,view,2023-01-21 22:25:00
user_326,P057,view,2023-01-21 22:28:35
user_326,P073,click,2023-01-21 22:29:37
user_326,P083,click,2023-01-21 22:30:54
user_326,P063,view,2023-01-21 22:36:52
user_326,P056,view,2023-01-21 22:46:31
user_326,P018,view,2023-01-21 22:49:00
user_326,P065,view,2023-01-21 22:56:19
user_326,P048,view,2023-01-21 23:01:16
user_326,P076,view,2023-01-21 23:02:16
user_326,P038,click,2023-01-21 23:11:47
user_326,P015,view,2023-01-21 23:19:45
user_326,P053,view,2023-01-21 23:27:47
user_326,P055,view,2023-01-21 23:30:56
user_326,P040,click,2023-01-21 23:35:59
user_326,P010,view,2023-01-21 23:40:49
user_326,P036,view,2023-01-21 23:41:00
user_326,P020,view,2023-01-21 23:48:04
user_327,P099,view,2023-01-17 11:42:00
user_327,P033,view,2023-01-17 11:45:28
user_327,P045,view,2023-01-17 11:48:25
user_327,P012,click,2023-01-17 11:57:18
user_327,P090,view,2023-01-17 12:05:53
user_327,P068,view,2023-01-17 12:07:51
user_327,P057,view,2023-01-17 12:14:32
user_327,P003,view,2023-01-17 12:16:27
user_327,P075,view,2023-01-17 12:16:56
user_327,P061,add_to_cart,2023-01-17 12:24:45
user_327,P055,view,2023-01-17 12:33:06
user_327,P057,view,2023-01-17 12:33:49
user_327,P041,click,2023-01-17 12:42:59
user_327,P021,click,2023-01-17 12:47:46
user_328,P009,add_to_cart,2023-01-03 05:46:00
user_328,P036,view,2023-01-03 05:54:36
user_328,P054,view,2023-01-03 05:55:20
user_328,P004,click,2023-01-03 06:01:55
user_328,P006,view,2023-01-03 06:04:55
user_328,P071,view,2023-01-03 06:08:19
user_328,P019,view,2023-01-03 06:18:12
user_328,P044,view,2023-01-03 06:22:57
user_328,P025,view,2023-01-03 06:23:59
user_328,P040,view,2023-01-03 06:28:06
user_328,P010,view,2023-01-03 06:32:22
user_328,P071,view,2023-01-03 06:39:15
user_329,P048,view,2023-01-26 11:48:00
user_329,P007,view,2023-01-26 11:52:15
user_329,P017,view,2023-01-26 11:55:18
user_329,P022,click,2023-01-26 11:57:23
user_329,P033,view,2023-01-26 11:57:28
user_329,P064,click,2023-01-26 12:04:10
user_329,P081,click,2023-01-26 12:09:11
user_329,P039,view,2023-01-26 12:11:10
user_329,P098,view,2023-01-26 12:19:16
user_329,P079,click,2023-01-26 12:27:50
user_329,P009,view,2023-01-26 12:37:37
user_329,P087,view,2023-01-26 12:40:28
user_329,P069,view,2023-01-26 12:41:37
user_329,P058,view,2023-01-26 12:42:31
user_329,P057,view,2023-01-26 12:44:30
user_329,P013,view,2023-01-26 12:52:49
user_329,P043,view,2023-01-26 13:00:29
user_329,P097,view,2023-01-26 13:03:55
user_330,P096,click,2023-01-17 01:29:00
user_330,P084,add_to_cart,2023-01-17 01:36:30
user_330,P090,view,2023-01-17 01:38:30
user_330,P046,add_to_cart,2023-01-17 01:43:03
user_330,P071,add_to_cart,2023-01-17 01:45:51
user_330,P017,view,2023-01-17 01:48:01
user_330,P095,view,2023-01-17 01:54:20
user_330,P085,click,2023-01-17 02:02:42
user_330,P001,view,2023-01-17 02:09:09
user_330,P078,view,2023-01-17 02:17:51
user_330,P008,view,2023-01-17 02:19:51
user_330,P020,add_to_cart,2023-01-17 02:29:45
user_330,P056,add_to_cart,2023-01-17 02:37:36
user_330,P010,view,2023-01-17 02:39:08
user_330,P061,view,2023-01-17 02:41:56
user_330,P018,view,2023-01-17 02:47:35
user_331,P069,view,2023-01-24 08:34:00
user_331,P085,view,2023-01-24 08:37:28
user_331,P073,click,2023-01-24 08:44:59
user_331,P036,add_to_cart,2023-01-24 08:47:11
user_331,P032,click,2023-01-24 08:48:02
user_331,P053,click,2023-01-24 08:51:49
user_331,P038,add_to_cart,2023-01-24 08:53:29
user_331,P066,click,2023-01-24 08:54:05
user_331,P020,view,2023-01-24 09:01:32
user_331,P019,view,2023-01-24 09:02:25
user_331,P005,view,2023-01-24 09:06:52
user_331,P048,click,2023-01-24 09:12:40
user_331,P073,view,2023-01-24 09:12:55
user_331,P086,click,2023-01-24 09:13:02
user_331,P048,view,2023-01-24 09:22:10
user_332,P040,view,2023-01-03 19:23:00
user_332,P039,view,2023-01-03 19:24:56
user_332,P062,view,2023-01-03 19:26:05
user_332,P043,view,2023-01-03 19:31:40
user_332,P039,click,2023-01-03 19:33:13
user_332,P063,view,2023-01-03 19:38:53
user_332,P029,view,2023-01-03 19:48:10
user_332,P051,view,2023-01-03 19:58:06
user_332,P090,click,2023-01-03 20:03:11
user_332,P007,add_to_cart,2023-01-03 20:05:33
user_332,P015,view,2023-01-03 20:13:51
user_332,P090,view,2023-01-03 20:16:49
user_332,P092,view,2023-01-03 20:17:54
user_332,P088,view,2023-01-03 20:26:42
user_332,P054,view,2023-01-03 20:36:24
user_332,P078,add_to_cart,2023-01-03 20:43:31
user_332,P025,click,2023-01-03 20:52:38
user_332,P013,view,2023-01-03 20:59:57
user_332,P042,view,2023-01-03 21:06:25
user_332,P080,click,2023-01-03 21:11:52
user_333,P065,view,2023-01-16 00:20:00
user_333,P012,view,2023-01-16 00:28:03
user_333,P005,view,2023-01-16 00:29:13
user_333,P082,click,2023-01-16 00:35:23
user_333,P098,view,2023-01-16 00:40:55
user_333,P082,add_to_cart,2023-01-16 00:50:01
user_333,P029,add_to_cart,2023-01-16 00:52:18
user_333,P022,click,2023-01-16 00:58:44
user_333,P035,view,2023-01-16 01:08:43
user_333,P070,view,2023-01-16 01:18:19
user_333,P045,add_to_cart,2023-01-16 01:21:05
user_333,P037,view,2023-01-16 01:25:40
user_333,P099,add_to_cart,2023-01-16 01:34:39
user_333,P057,click,2023-01-16 01:39:40
user_333,P037,view,2023-01-16 01:41:34
user_333,P098,view,2023-01-16 01:44:46
user_333,P069,view,2023-01-16 01:51:23
user_333,P019,view,2023-01-16 01:58:17
user_333,P016,click,2023-01-16 02:03:25
user_333,P056,view,2023-01-16 02:03:47
user_333,P095,view,2023-01-16 02:06:02
user_334,P008,add_to_cart,2023-01-30 14:06:00
user_334,P049,click,2023-01-30 14:12:11
user_334,P062,view,2023-01-30 14:21:28
user_334,P092,view,2023-01-30 14:24:48
user_334,P040,add_to_cart,2023-01-30 14:30:15
user_334,P011,view,2023-01-30 14:33:04
user_334,P053,view,2023-01-30 14:41:17
user_334,P013,view,2023-01-30 14:42:28
user_335,P063,click,2023-01-17 23:13:00
user_335,P077,view,2023-01-17 23:18:35
user_335,P037,view,2023-01-17 23:19:56
user_335,P047,view,2023-01-17 23:27:09
user_335,P048,click,2023-01-17 23:31:27
user_335,P100,view,2023-01-17 23:39:50
user_335,P008,view,2023-01-17 23:49:36
user_335,P096,view,2023-01-17 23:49:44
user_335,P009,click,2023-01-17 23:51:37
user_335,P010,view,2023-01-17 23:56:07
user_335,P048,view,2023-01-18 00:04:41
user_335,P085,click,2023-01-18 00:07:17
user_335,P064,view,2023-01-18 00:13:22
user_335,P012,view,2023-01-18 00:16:56
user_336,P080,add_to_cart,2023-01-25 13:00:00
user_336,P029,click,2023-01-25 13:07:36
user_336,P022,view,2023-01-25 13:15:36
user_336,P097,view,2023-01-25 13:23:40
user_336,P018,view,2023-01-25 13:30:26
user_336,P086,click,2023-01-25 13:32:49
user_336,P014,view,2023-01-25 13:36:37
user_336,P057,click,2023-01-25 13:38:55
user_336,P074,click,2023-01-25 13:45:04
user_336,P008,view,2023-01-25 13:48:35
user_336,P021,view,2023-01-25 13:56:02
user_336,P030,view,2023-01-25 14:02:54
user_336,P084,click,2023-01-25 14:06:43
user_336,P095,view,2023-01-25 14:16:32
user_336,P048,view,2023-01-25 14:17:40
user_337,P075,view,2023-01-08 17:45:00
user_337,P052,click,2023-01-08 17:46:04
user_337,P012,view,2023-01-08 17:52:59
user_337,P062,view,2023-01-08 18:00:47
user_337,P060,view,2023-01-08 18:03:34
user_337,P076,view,2023-01-08 18:09:11
user_337,P072,view,2023-01-08 18:16:12
user_337,P040,view,2023-01-08 18:21:31
user_337,P088,view,2023-01-08 18:25:10
user_337,P013,view,2023-01-08 18:30:46
user_337,P092,view,2023-01-08 18:36:56
user_337,P058,view,2023-01-08 18:41:05
user_337,P086,click,2023-01-08 18:43:01
user_337,P021,click,2023-01-08 18:46:25
user_337,P080,view,2023-01-08 18:55:14
user_337,P032,add_to_cart,2023-01-08 19:01:47
user_337,P064,view,2023-01-08 19:04:21
user_337,P078,view,2023-01-08 19:09:18
user_337,P063,view,2023-01-08 19:17:10
user_337,P090,view,2023-01-08 19:20:06
user_337,P020,view,2023-01-08 19:20:54
user_337,P074,view,2023-01-08 19:28:32
user_337,P031,view,2023-01-08 19:29:59
user_338,P080,view,2023-01-29 08:46:00
user_338,P066,click,2023-01-29 08:48:59
user_338,P039,view,2023-01-29 08:55:28
user_338,P088,view,2023-01-29 08:56:47
user_338,P023,view,2023-01-29 09:00:10
user_338,P027,click,2023-01-29 09:04:02
user_338,P071,click,2023-01-29 09:05:08
user_338,P072,view,2023-01-29 09:07:25
user_338,P071,view,2023-01-29 09:13:25
user_338,P096,view,2023-01-29 09:22:47
user_338,P074,view,2023-01-29 09:32:39
user_339,P065,view,2023-01-30 12:00:00
user_339,P075,view,2023-01-30 12:08:56
user_339,P070,view,2023-01-30 12:12:15
user_339,P011,view,2023-01-30 12:17:20
user_339,P034,add_to_cart,2023-01-30 12:20:46
user_339,P032,add_to_cart,2023-01-30 12:26:27
user_339,P029,view,2023-01-30 12:29:42
user_339,P098,view,2023-01-30 12:33:56
user_339,P072,click,2023-01-30 12:42:05
user_339,P034,view,2023-01-30 12:42:32
user_339,P034,view,2023-01-30 12:48:46
user_339,P009,view,2023-01-30 12:53:35
user_339,P008,view,2023-01-30 13:03:20
user_340,P049,view,2023-01-06 21:17:00
user_340,P010,view,2023-01-06 21:21:41
user_340,P008,add_to_cart,2023-01-06 21:22:29
user_340,P055,add_to_cart,2023-01-06 21:24:39
user_340,P040,view,2023-01-06 21:34:19
user_340,P030,view,2023-01-06 21:36:40
user_340,P059,view,2023-01-06 21:43:52
user_340,P061,view,2023-01-06 21:49:22
user_340,P023,view,2023-01-06 21:55:43
user_340,P054,view,2023-01-06 22:03:08
user_340,P083,view,2023-01-06 22:07:50
user_340,P078,add_to_cart,2023-01-06 22:10:15
user_340,P052,click,2023-01-06 22:12:09
user_340,P071,view,2023-01-06 22:17:32
user_340,P028,view,2023-01-06 22:18:22
user_340,P059,add_to_cart,2023-01-06 22:18:43
user_340,P082,add_to_cart,2023-01-06 22:20:04
user_340,P097,view,2023-01-06 22:22:53
user_340,P002,click,2023-01-06 22:23:32
user_340,P010,view,2023-01-06 22:31:17
user_340,P009,view,2023-01-06 22:40:52
user_340,P052,view,2023-01-06 22:41:59
user_340,P068,view,2023-01-06 22:44:54
user_340,P007,view,2023-01-06 22:48:19
user_340,P087,view,2023-01-06 22:55:45
user_341,P028,view,2023-01-19 08:58:00
user_341,P097,view,2023-01-19 09:03:37
user_341,P096,view,2023-01-19 09:08:34
user_341,P088,view,2023-01-19 09:08:54
user_341,P011,view,2023-01-19 09:13:28
user_341,P060,view,2023-01-19 09:16:14
user_341,P044,view,2023-01-19 09:19:05
user_341,P028,view,2023-01-19 09:28:31
user_341,P060,click,2023-01-19 09:30:36
user_341,P036,view,2023-01-19 09:40:01
user_341,P090,click,2023-01-19 09:45:17
user_341,P069,add_to_cart,2023-01-19 09:55:06
user_341,P002,view,2023-01-19 10:01:04
user_342,P030,view,2023-01-14 03:29:00
user_342,P067,view,2023-01-14 03:37:30
user_342,P003,view,2023-01-14 03:45:50
user_342,P052,view,2023-01-14 03:50:27
user_342,P098,view,2023-01-14 03:52:44
user_342,P016,add_to_cart,2023-01-14 04:02:21
user_342,P047,view,2023-01-14 04:09:48
user_342,P064,click,2023-01-14 04:11:53
user_342,P072,view,2023-01-14 04:12:38
user_342,P005,view,2023-01-14 04:15:44
user_342,P041,click,2023-01-14 04:25:38
user_343,P048,view,2023-01-09 05:44:00
user_343,P018,view,2023-01-09 05:44:14
user_343,P049,view,2023-01-09 05:52:02
user_343,P055,view,2023-01-09 05:52:25
user_343,P026,view,2023-01-09 05:52:50
user_343,P040,view,2023-01-09 05:59:51
user_343,P020,add_to_cart,2023-01-09 06:08:47
user_343,P097,click,2023-01-09 06:15:27
user_343,P004,view,2023-01-09 06:18:04
user_343,P026,click,2023-01-09 06:20:31
user_344,P032,view,2023-01-12 10:51:00
user_344,P056,view,2023-01-12 10:59:49
user_344,P083,view,2023-01-12 11:05:45
user_344,P074,view,2023-01-12 11:12:25
user_344,P024,view,2023-01-12 11:14:02
user_344,P093,view,2023-01-12 11:15:06
user_344,P043,view,2023-01-12 11:15:11
user_344,P034,view,2023-01-12 11:18:27
user_344,P068,view,2023-01-12 11:25:28
user_344,P084,add_to_cart,2023-01-12 11:33:52
user_344,P071,add_to_cart,2023-01-12 11:43:39
user_344,P084,view,2023-01-12 11:50:41
user_344,P017,view,2023-01-12 11:55:54
user_344,P057,view,2023-01-12 12:01:15
user_345,P008,view,2023-01-24 12:06:00
user_345,P061,add_to_cart,2023-01-24 12:10:41
user_345,P094,view,2023-01-24 12:14:19
user_345,P086,view,2023-01-24 12:15:38
user_345,P078,view,2023-01-24 12:18:04
user_345,P067,add_to_cart,2023-01-24 12:25:49
user_345,P100,click,2023-01-24 12:26:47
user_345,P016,click,2023-01-24 12:36:46
user_345,P055,view,2023-01-24 12:45:09
user_345,P016,view,2023-01-24 12:52:42
user_345,P033,view,2023-01-24 13:02:22
user_345,P069,view,2023-01-24 13:08:48
user_345,P036,view,2023-01-24 13:17:04
user_345,P087,view,2023-01-24 13:18:16
user_345,P085,click,2023-01-24 13:26:52
user_345,P053,view,2023-01-24 13:28:47
user_345,P078,view,2023-01-24 13:36:31
user_345,P015,add_to_cart,2023-01-24 13:43:55
user_345,P041,view,2023-01-24 13:51:03
user_345,P087,click,2023-01-24 13:55:29
user_345,P043,click,2023-01-24 13:58:14
user_345,P017,view,2023-01-24 14:00:09
user_346,P013,view,2023-01-26 20:43:00
user_346,P062,view,2023-01-26 20:47:03
user_346,P054,add_to_cart,2023-01-26 20:47:28
user_346,P076,view,2023-01-26 20:55:33
user_346,P024,view,2023-01-26 20:59:00
user_346,P089,add_to_cart,2023-01-26 21:02:49
user_346,P028,view,2023-01-26 21:08:53
user_346,P001,click,2023-01-26 21:09:43
user_346,P035,view,2023-01-26 21:13:26
user_347,P016,view,2023-01-25 05:44:00
user_347,P062,view,2023-01-25 05:50:00
user_347,P032,view,2023-01-25 05:51:22
user_347,P057,add_to_cart,2023-01-25 05:55:00
user_347,P033,view,2023-01-25 06:02:17
user_347,P070,view,2023-01-25 06:09:21
user_347,P027,click,2023-01-25 06:09:49
user_347,P033,view,2023-01-25 06:18:48
user_347,P029,view,2023-01-25 06:28:20
user_348,P094,view,2023-01-01 22:41:00
user_348,P069,view,2023-01-01 22:41:14
user_348,P011,view,2023-01-01 22:48:43
user_348,P074,view,2023-01-01 22:52:03
user_348,P008,view,2023-01-01 22:53:49
user_348,P019,view,2023-01-01 22:56:34
user_348,P017,view,2023-01-01 23:00:25
user_348,P035,view,2023-01-01 23:01:55
user_348,P001,view,2023-01-01 23:11:37
user_348,P006,click,2023-01-01 23:18:48
user_348,P021,view,2023-01-01 23:23:04
user_348,P068,view,2023-01-01 23:27:32
user_348,P071,view,2023-01-01 23:37:15
user_348,P001,view,2023-01-01 23:44:41
user_348,P085,view,2023-01-01 23:48:02
user_349,P049,view,2023-01-01 17:08:00
user_349,P068,view,2023-01-01 17:15:39
user_349,P096,view,2023-01-01 17:20:52
user_349,P055,view,2023-01-01 17:29:10
user_349,P036,view,2023-01-01 17:35:13
user_349,P037,click,2023-01-01 17:35:33
user_349,P008,view,2023-01-01 17:37:43
user_349,P018,view,2023-01-01 17:46:17
user_349,P018,view,2023-01-01 17:52:28
user_349,P006,view,2023-01-01 17:53:07
user_349,P088,view,2023-01-01 18:02:44
user_349,P012,view,2023-01-01 18:03:20
user_349,P071,view,2023-01-01 18:13:00
user_349,P045,view,2023-01-01 18:16:55
user_349,P023,click,2023-01-01 18:17:25
user_349,P029,view,2023-01-01 18:23:56
user_349,P087,view,2023-01-01 18:26:36
user_349,P034,view,2023-01-01 18:33:42
user_349,P060,view,2023-01-01 18:38:31
user_349,P074,view,2023-01-01 18:44:00
user_350,P068,view,2023-01-10 13:10:00
user_350,P095,view,2023-01-10 13:18:34
user_350,P035,view,2023-01-10 13:25:36
user_350,P072,click,2023-01-10 13:28:21
user_350,P046,add_to_cart,2023-01-10 13:30:41
user_350,P071,view,2023-01-10 13:37:17
user_350,P096,view,2023-01-10 13:41:58
user_350,P075,click,2023-01-10 13:42:16
user_350,P017,add_to_cart,2023-01-10 13:45:29
user_350,P091,view,2023-01-10 13:50:37
user_350,P069,view,2023-01-10 13:50:58
user_350,P026,view,2023-01-10 13:53:28
user_350,P041,click,2023-01-10 14:03:14
user_350,P076,view,2023-01-10 14:09:04
user_350,P001,view,2023-01-10 14:11:30
user_350,P031,view,2023-01-10 14:12:27
user_350,P077,view,2023-01-10 14:19:25
user_350,P018,view,2023-01-10 14:28:46
user_350,P077,view,2023-01-10 14:35:33
user_350,P050,view,2023-01-10 14:45:32
user_351,P063,click,2023-01-05 07:38:00
user_351,P059,view,2023-01-05 07:41:32
user_351,P087,view,2023-01-05 07:45:35
user_351,P025,view,2023-01-05 07:47:07
user_351,P007,view,2023-01-05 07:51:46
user_351,P080,view,2023-01-05 07:52:56
user_351,P018,view,2023-01-05 07:55:05
user_351,P003,add_to_cart,2023-01-05 08:02:36
user_351,P030,view,2023-01-05 08:09:02
user_351,P057,view,2023-01-05 08:10:57
user_351,P088,add_to_cart,2023-01-05 08:13:39
user_352,P031,view,2023-01-22 11:49:00
user_352,P077,view,2023-01-22 11:51:48
user_352,P085,view,2023-01-22 11:53:51
user_352,P093,add_to_cart,2023-01-22 12:03:43
user_352,P026,view,2023-01-22 12:07:48
user_352,P095,view,2023-01-22 12:08:23
user_352,P020,click,2023-01-22 12:13:09
user_352,P073,add_to_cart,2023-01-22 12:14:15
user_352,P090,view,2023-01-22 12:15:30
user_352,P084,view,2023-01-22 12:20:50
user_352,P029,view,2023-01-22 12:29:42
user_352,P035,view,2023-01-22 12:36:01
user_352,P020,view,2023-01-22 12:36:58
user_352,P008,view,2023-01-22 12:40:34
user_352,P077,view,2023-01-22 12:41:20
user_353,P098,click,2023-01-21 20:50:00
user_353,P015,view,2023-01-21 20:57:47
user_353,P005,click,2023-01-21 20:58:54
user_353,P081,view,2023-01-21 21:02:58
user_353,P016,view,2023-01-21 21:06:02
user_353,P087,view,2023-01-21 21:11:15
user_353,P046,add_to_cart,2023-01-21 21:14:20
user_353,P015,view,2023-01-21 21:18:03
user_353,P003,view,2023-01-21 21:22:49
user_353,P062,view,2023-01-21 21:22:58
user_353,P080,view,2023-01-21 21:29:36
user_353,P025,view,2023-01-21 21:30:24
user_354,P086,view,2023-01-11 03:34:00
user_354,P024,view,2023-01-11 03:35:42
user_354,P050,view,2023-01-11 03:38:22
user_354,P010,view,2023-01-11 03:46:03
user_354,P095,view,2023-01-11 03:48:49
user_354,P011,view,2023-01-11 03:56:00
user_354,P061,click,2023-01-11 04:05:22
user_354,P087,add_to_cart,2023-01-11 04:12:54
user_354,P001,view,2023-01-11 04:20:18
user_354,P004,click,2023-01-11 04:27:40
user_354,P063,view,2023-01-11 04:31:06
user_354,P046,add_to_cart,2023-01-11 04:34:10
user_354,P025,view,2023-01-11 04:42:09
user_355,P020,view,2023-01-01 12:40:00
user_355,P098,view,2023-01-01 12:44:04
user_355,P080,add_to_cart,2023-01-01 12:50:34
user_355,P035,view,2023-01-01 12:53:02
user_355,P004,click,2023-01-01 13:00:51
user_355,P024,view,2023-01-01 13:06:29
user_355,P007,view,2023-01-01 13:13:25
user_355,P083,view,2023-01-01 13:17:12
user_355,P092,view,2023-01-01 13:19:30
user_355,P063,view,2023-01-01 13:27:52
user_355,P087,view,2023-01-01 13:37:01
user_355,P009,view,2023-01-01 13:40:19
user_355,P088,view,2023-01-01 13:48:16
user_355,P040,view,2023-01-01 13:51:23
user_355,P068,view,2023-01-01 13:59:18
user_355,P047,view,2023-01-01 14:01:44
user_356,P038,view,2023-01-15 08:41:00
user_356,P024,view,2023-01-15 08:48:12
user_356,P038,view,2023-01-15 08:53:42
user_356,P074,view,2023-01-15 08:56:17
user_356,P023,view,2023-01-15 09:01:56
user_356,P001,click,2023-01-15 09:06:14
user_356,P034,click,2023-01-15 09:14:03
user_356,P051,view,2023-01-15 09:18:05
user_356,P099,view,2023-01-15 09:27:10
user_357,P057,view,2023-01-21 22:15:00
user_357,P067,view,2023-01-21 22:21:47
user_357,P033,view,2023-01-21 22:31:38
user_357,P075,add_to_cart,2023-01-21 22:31:51
user_357,P076,view,2023-01-21 22:38:16
user_357,P021,view,2023-01-21 22:41:16
user_357,P053,view,2023-01-21 22:43:57
user_357,P013,view,2023-01-21 22:46:56
user_357,P096,click,2023-01-21 22:48:14
user_357,P027,view,2023-01-21 22:55:04
user_357,P002,click,2023-01-21 22:59:57
user_357,P033,view,2023-01-21 23:05:31
user_357,P026,view,2023-01-21 23:07:58
user_357,P007,view,2023-01-21 23:08:29
user_357,P079,view,2023-01-21 23:08:54
user_357,P088,click,2023-01-21 23:09:06
user_357,P015,view,2023-01-21 23:10:05
user_357,P042,view,2023-01-21 23:16:26
user_357,P083,view,2023-01-21 23:18:56
user_357,P077,view,2023-01-21 23:28:02
user_357,P059,view,2023-01-21 23:31:52
user_357,P036,add_to_cart,2023-01-21 23:34:08
user_358,P077,click,2023-01-03 13:22:00
user_358,P081,view,2023-01-03 13:31:48
user_358,P028,add_to_cart,2023-01-03 13:36:03
user_358,P057,view,2023-01-03 13:37:27
user_358,P078,view,2023-01-03 13:40:25
user_358,P048,view,2023-01-03 13:48:42
user_358,P059,view,2023-01-03 13:55:00
user_358,P084,view,2023-01-03 14:00:34
user_358,P056,view,2023-01-03 14:03:18
user_358,P058,view,2023-01-03 14:05:47
user_358,P018,click,2023-01-03 14:12:54
user_358,P095,view,2023-01-03 14:18:43
user_358,P020,view,2023-01-03 14:27:23
user_358,P044,view,2023-01-03 14:29:11
user_358,P016,add_to_cart,2023-01-03 14:38:00
user_358,P081,add_to_cart,2023-01-03 14:41:17
user_358,P038,view,2023-01-03 14:45:47
user_358,P054,view,2023-01-03 14:47:05
user_358,P070,view,2023-01-03 14:52:17
user_358,P013,view,2023-01-03 14:57:36
user_358,P057,view,2023-01-03 15:07:02
user_358,P054,click,2023-01-03 15:16:35
user_358,P063,click,2023-01-03 15:18:25
user_358,P063,add_to_cart,2023-01-03 15:20:29
user_359,P089,click,2023-01-13 16:30:00
user_359,P008,view,2023-01-13 16:39:38
user_359,P045,view,2023-01-13 16:43:57
user_359,P057,view,2023-01-13 16:52:16
user_359,P046,click,2023-01-13 16:53:27
user_359,P093,view,2023-01-13 16:59:40
user_359,P023,view,2023-01-13 17:09:05
user_359,P056,view,2023-01-13 17:11:07
user_359,P025,view,2023-01-13 17:12:06
user_359,P011,view,2023-01-13 17:16:38
user_359,P074,view,2023-01-13 17:16:50
user_359,P050,add_to_cart,2023-01-13 17:21:46
user_359,P067,view,2023-01-13 17:29:26
user_359,P100,view,2023-01-13 17:31:55
user_359,P063,view,2023-01-13 17:33:53
user_359,P086,click,2023-01-13 17:36:01
user_360,P036,view,2023-01-11 09:21:00
user_360,P070,add_to_cart,2023-01-11 09:25:27
user_360,P040,view,2023-01-11 09:26:17
user_360,P084,click,2023-01-11 09:27:07
user_360,P029,add_to_cart,2023-01-11 09:33:36
user_360,P063,view,2023-01-11 09:34:02
user_360,P058,view,2023-01-11 09:37:58
user_360,P097,view,2023-01-11 09:44:39
user_360,P074,view,2023-01-11 09:51:40
user_360,P093,view,2023-01-11 10:00:59
user_360,P007,add_to_cart,2023-01-11 10:04:06
user_360,P007,view,2023-01-11 10:12:12
user_361,P025,add_to_cart,2023-01-10 11:02:00
user_361,P061,click,2023-01-10 11:09:46
user_361,P037,view,2023-01-10 11:12:21
user_361,P034,add_to_cart,2023-01-10 11:12:38
user_361,P008,view,2023-01-10 11:18:14
user_361,P091,view,2023-01-10 11:23:52
user_361,P033,view,2023-01-10 11:31:30
user_361,P077,view,2023-01-10 11:33:03
user_361,P097,view,2023-01-10 11:40:07
user_361,P017,view,2023-01-10 11:41:51
user_361,P002,view,2023-01-10 11:42:39
user_361,P041,view,2023-01-10 11:50:58
user_361,P089,click,2023-01-10 11:56:38
user_361,P002,view,2023-01-10 12:05:41
user_361,P019,view,2023-01-10 12:08:03
user_361,P048,view,2023-01-10 12:10:28
user_361,P056,view,2023-01-10 12:18:08
user_361,P089,view,2023-01-10 12:21:05
user_361,P057,view,2023-01-10 12:28:28
user_361,P093,click,2023-01-10 12:31:21
user_361,P044,view,2023-01-10 12:40:46
user_362,P057,view,2023-01-10 17:50:00
user_362,P099,view,2023-01-10 17:58:25
user_362,P013,view,2023-01-10 18:00:57
user_362,P056,view,2023-01-10 18:06:49
user_362,P054,add_to_cart,2023-01-10 18:09:58
user_362,P095,view,2023-01-10 18:14:32
user_362,P044,view,2023-01-10 18:18:24
user_362,P023,click,2023-01-10 18:18:29
user_362,P004,click,2023-01-10 18:26:49
user_362,P063,view,2023-01-10 18:27:11
user_362,P039,view,2023-01-10 18:36:34
user_362,P053,view,2023-01-10 18:40:09
user_362,P065,click,2023-01-10 18:42:26
user_362,P043,click,2023-01-10 18:44:21
user_363,P093,view,2023-01-23 11:43:00
user_363,P065,view,2023-01-23 11:45:57
user_363,P018,view,2023-01-23 11:55:29
user_363,P031,view,2023-01-23 11:56:57
user_363,P081,view,2023-01-23 12:06:39
user_363,P051,view,2023-01-23 12:16:14
user_363,P054,view,2023-01-23 12:22:51
user_363,P009,view,2023-01-23 12:29:28
user_363,P066,click,2023-01-23 12:32:05
user_363,P080,view,2023-01-23 12:34:41
user_363,P011,click,2023-01-23 12:41:40
user_363,P048,view,2023-01-23 12:50:55
user_364,P081,view,2023-01-24 10:37:00
user_364,P088,view,2023-01-24 10:38:20
user_364,P027,view,2023-01-24 10:47:07
user_364,P027,view,2023-01-24 10:51:45
user_364,P059,view,2023-01-24 10:56:26
user_364,P058,view,2023-01-24 11:00:15
user_364,P018,view,2023-01-24 11:09:45
user_364,P006,view,2023-01-24 11:16:14
user_364,P043,view,2023-01-24 11:22:29
user_364,P052,add_to_cart,2023-01-24 11:25:50
user_364,P046,view,2023-01-24 11:30:38
user_364,P061,view,2023-01-24 11:32:58
user_364,P080,add_to_cart,2023-01-24 11:41:54
user_364,P010,click,2023-01-24 11:46:57
user_364,P025,click,2023-01-24 11:53:12
user_364,P071,view,2023-01-24 12:00:43
user_365,P036,click,2023-01-15 21:39:00
user_365,P078,add_to_cart,2023-01-15 21:46:02
user_365,P086,view,2023-01-15 21:47:25
user_365,P002,view,2023-01-15 21:49:04
user_365,P014,click,2023-01-15 21:50:10
user_365,P015,view,2023-01-15 21:52:05
user_365,P027,view,2023-01-15 21:54:46
user_365,P099,view,2023-01-15 21:59:26
user_365,P049,view,2023-01-15 22:03:06
user_365,P075,view,2023-01-15 22:09:06
user_366,P089,view,2023-01-09 10:35:00
user_366,P080,view,2023-01-09 10:44:27
user_366,P062,click,2023-01-09 10:44:48
user_366,P086,click,2023-01-09 10:50:32
user_366,P012,view,2023-01-09 10:50:47
user_366,P054,view,2023-01-09 10:53:19
user_366,P090,view,2023-01-09 10:54:42
user_366,P024,view,2023-01-09 11:03:48
user_366,P100,view,2023-01-09 11:06:03
user_366,P014,add_to_cart,2023-01-09 11:08:37
user_366,P080,view,2023-01-09 11:09:31
user_366,P089,view,2023-01-09 11:17:10
user_366,P028,view,2023-01-09 11:23:06
user_366,P026,view,2023-01-09 11:28:46
user_366,P008,view,2023-01-09 11:30:17
user_366,P052,add_to_cart,2023-01-09 11:33:26
user_366,P093,view,2023-01-09 11:35:06
user_366,P002,click,2023-01-09 11:42:33
user_366,P049,view,2023-01-09 11:48:48
user_366,P017,view,2023-01-09 11:53:37
user_366,P062,view,2023-01-09 11:58:03
user_367,P022,view,2023-01-12 23:24:00
user_367,P018,view,2023-01-12 23:32:25
user_367,P068,click,2023-01-12 23:33:49
user_367,P086,click,2023-01-12 23:40:50
user_367,P097,view,2023-01-12 23:41:48
user_367,P078,view,2023-01-12 23:45:52
user_367,P060,view,2023-01-12 23:54:02
user_367,P036,view,2023-01-12 23:56:09
user_367,P069,view,2023-01-13 00:03:13
user_367,P004,view,2023-01-13 00:07:05
user_367,P040,view,2023-01-13 00:14:58
user_367,P031,add_to_cart,2023-01-13 00:24:41
user_367,P087,add_to_cart,2023-01-13 00:31:06
user_367,P051,view,2023-01-13 00:38:01
user_367,P063,view,2023-01-13 00:46:50
user_367,P003,click,2023-01-13 00:53:09
user_367,P058,view,2023-01-13 00:54:02
user_367,P002,view,2023-01-13 01:02:07
user_367,P031,view,2023-01-13 01:08:27
user_368,P044,view,2023-01-10 07:12:00
user_368,P051,add_to_cart,2023-01-10 07:19:42
user_368,P048,view,2023-01-10 07:20:26
user_368,P060,view,2023-01-10 07:29:06
user_368,P096,view,2023-01-10 07:33:31
user_368,P070,view,2023-01-10 07:42:21
user_368,P062,view,2023-01-10 07:44:45
user_368,P012,add_to_cart,2023-01-10 07:50:35
user_368,P052,view,2023-01-10 07:53:03
user_368,P045,view,2023-01-10 08:01:16
user_368,P065,view,2023-01-10 08:08:01
user_368,P017,view,2023-01-10 08:12:35
user_369,P083,view,2023-01-01 12:38:00
user_369,P005,view,2023-01-01 12:42:03
user_369,P073,view,2023-01-01 12:45:15
user_369,P036,view,2023-01-01 12:54:09
user_369,P058,view,2023-01-01 13:02:01
user_369,P048,view,2023-01-01 13:11:26
user_369,P092,view,2023-01-01 13:21:07
user_369,P084,view,2023-01-01 13:21:15
user_369,P028,view,2023-01-01 13:25:02
user_369,P007,view,2023-01-01 13:34:01
user_369,P065,view,2023-01-01 13:40:01
user_369,P045,view,2023-01-01 13:44:58
user_369,P029,click,2023-01-01 13:54:37
user_369,P010,view,2023-01-01 14:01:30
user_369,P091,view,2023-01-01 14:04:07
user_369,P004,click,2023-01-01 14:04:23
user_369,P017,view,2023-01-01 14:14:06
user_369,P082,view,2023-01-01 14:23:47
user_369,P057,view,2023-01-01 14:29:31
user_369,P028,view,2023-01-01 14:35:46
user_369,P021,view,2023-01-01 14:36:06
user_370,P038,add_to_cart,2023-01-06 13:49:00
user_370,P077,view,2023-01-06 13:52:29
user_370,P033,view,2023-01-06 14:01:00
user_370,P082,view,2023-01-06 14:05:23
user_370,P092,view,2023-01-06 14:06:35
user_370,P042,view,2023-01-06 14:13:05
user_370,P021,view,2023-01-06 14:17:22
user_370,P087,view,2023-01-06 14:24:34
user_370,P098,view,2023-01-06 14:28:12
user_370,P070,view,2023-01-06 14:37:04
user_370,P042,click,2023-01-06 14:46:03
user_370,P022,view,2023-01-06 14:48:52
user_370,P017,view,2023-01-06 14:49:28
user_370,P023,click,2023-01-06 14:54:25
user_370,P061,view,2023-01-06 14:57:26
user_370,P086,add_to_cart,2023-01-06 15:03:53
user_370,P006,view,2023-01-06 15:05:22
user_370,P047,view,2023-01-06 15:11:59
user_370,P042,view,2023-01-06 15:20:01
user_370,P001,click,2023-01-06 15:28:40
user_370,P100,view,2023-01-06 15:30:55
user_370,P066,view,2023-01-06 15:40:02
user_370,P063,view,2023-01-06 15:40:37
user_370,P094,view,2023-01-06 15:49:01
user_370,P089,view,2023-01-06 15:49:51
user_371,P014,add_to_cart,2023-01-01 16:16:00
user_371,P039,view,2023-01-01 16:24:35
user_371,P056,view,2023-01-01 16:25:37
user_371,P082,view,2023-01-01 16:26:48
user_371,P003,view,2023-01-01 16:30:47
user_371,P054,add_to_cart,2023-01-01 16:37:39
user_371,P088,click,2023-01-01 16:42:38
user_371,P049,click,2023-01-01 16:47:46
user_371,P092,view,2023-01-01 16:57:32
user_371,P068,click,2023-01-01 17:03:25
user_371,P008,view,2023-01-01 17:04:58
user_371,P020,click,2023-01-01 17:13:45
user_371,P038,view,2023-01-01 17:21:11
user_371,P001,view,2023-01-01 17:24:45
user_371,P085,view,2023-01-01 17:24:50
user_371,P091,view,2023-01-01 17:33:51
user_371,P092,view,2023-01-01 17:40:31
user_371,P072,view,2023-01-01 17:49:40
user_371,P050,view,2023-01-01 17:58:58
user_371,P002,view,2023-01-01 18:06:23
user_371,P031,view,2023-01-01 18:09:45
user_372,P048,click,2023-01-19 19:49:00
user_372,P059,view,2023-01-19 19:51:56
user_372,P038,view,2023-01-19 19:58:16
user_372,P042,view,2023-01-19 20:07:13
user_372,P010,view,2023-01-19 20:13:53
user_372,P069,click,2023-01-19 20:14:30
user_372,P029,view,2023-01-19 20:16:15
user_372,P053,view,2023-01-19 20:22:49
user_372,P047,view,2023-01-19 20:32:07
user_372,P026,click,2023-01-19 20:40:54
user_372,P057,view,2023-01-19 20:46:37
user_372,P020,view,2023-01-19 20:56:15
user_372,P044,view,2023-01-19 20:58:02
user_372,P040,view,2023-01-19 21:02:52
user_372,P030,view,2023-01-19 21:03:25
user_372,P091,click,2023-01-19 21:05:47
user_372,P036,view,2023-01-19 21:13:06
user_372,P056,view,2023-01-19 21:18:02
user_372,P061,view,2023-01-19 21:21:38
user_372,P087,view,2023-01-19 21:29:27
user_372,P095,view,2023-01-19 21:30:28
user_372,P063,view,2023-01-19 21:33:36
user_373,P090,view,2023-01-22 08:44:00
user_373,P024,add_to_cart,2023-01-22 08:51:19
user_373,P091,view,2023-01-22 08:57:29
user_373,P074,add_to_cart,2023-01-22 09:00:12
user_373,P099,view,2023-01-22 09:09:02
user_373,P021,click,2023-01-22 09:15:47
user_373,P079,view,2023-01-22 09:25:21
user_373,P030,view,2023-01-22 09:35:01
user_373,P011,click,2023-01-22 09:39:53
user_373,P082,add_to_cart,2023-01-22 09:42:59
user_373,P004,view,2023-01-22 09:51:47
user_373,P005,view,2023-01-22 09:52:42
user_373,P056,view,2023-01-22 09:58:48
user_373,P096,view,2023-01-22 10:00:00
user_373,P042,click,2023-01-22 10:05:50
user_373,P027,view,2023-01-22 10:09:08
user_374,P013,add_to_cart,2023-01-01 13:57:00
user_374,P087,click,2023-01-01 13:57:10
user_374,P073,view,2023-01-01 13:57:31
user_374,P052,view,2023-01-01 14:05:54
user_374,P070,click,2023-01-01 14:14:20
user_374,P037,view,2023-01-01 14:15:16
user_374,P008,view,2023-01-01 14:23:22
user_374,P042,view,2023-01-01 14:33:02
user_374,P091,view,2023-01-01 14:37:36
user_374,P002,view,2023-01-01 14:39:52
user_374,P075,view,2023-01-01 14:39:57
user_374,P066,view,2023-01-01 14:46:32
user_374,P047,view,2023-01-01 14:52:53
user_374,P051,view,2023-01-01 14:53:39
user_374,P041,add_to_cart,2023-01-01 15:01:57
user_375,P008,view,2023-01-08 18:31:00
user_375,P004,view,2023-01-08 18:36:47
user_375,P094,add_to_cart,2023-01-08 18:46:01
user_375,P085,view,2023-01-08 18:46:10
user_375,P089,view,2023-01-08 18:49:43
user_375,P077,add_to_cart,2023-01-08 18:55:29
user_375,P026,view,2023-01-08 18:59:04
user_375,P092,view,2023-01-08 18:59:10
user_375,P004,click,2023-01-08 19:08:57
user_375,P070,view,2023-01-08 19:16:49
user_375,P031,click,2023-01-08 19:21:05
user_375,P026,click,2023-01-08 19:26:01
user_375,P018,view,2023-01-08 19:35:51
user_376,P086,view,2023-01-05 12:39:00
user_376,P015,view,2023-01-05 12:46:20
user_376,P063,view,2023-01-05 12:47:09
user_376,P086,view,2023-01-05 12:50:20
user_376,P017,view,2023-01-05 13:00:18
user_376,P040,view,2023-01-05 13:09:34
user_376,P073,view,2023-01-05 13:12:37
user_376,P031,view,2023-01-05 13:16:45
user_377,P056,view,2023-01-05 13:33:00
user_377,P013,view,2023-01-05 13:39:15
user_377,P066,view,2023-01-05 13:41:01
user_377,P011,view,2023-01-05 13:44:28
user_377,P094,view,2023-01-05 13:50:37
user_377,P099,click,2023-01-05 13:57:49
user_377,P002,view,2023-01-05 14:07:34
user_377,P098,click,2023-01-05 14:16:59
user_377,P073,view,2023-01-05 14:26:50
user_377,P058,click,2023-01-05 14:36:00
user_377,P081,view,2023-01-05 14:45:08
user_377,P043,view,2023-01-05 14:45:45
user_377,P098,view,2023-01-05 14:50:14
user_377,P020,view,2023-01-05 14:54:00
user_377,P044,click,2023-01-05 15:03:17
user_378,P057,view,2023-01-08 06:57:00
user_378,P062,view,2023-01-08 07:06:40
user_378,P062,view,2023-01-08 07:12:52
user_378,P051,view,2023-01-08 07:13:22
user_378,P026,add_to_cart,2023-01-08 07:14:02
user_378,P068,click,2023-01-08 07:15:46
user_378,P023,click,2023-01-08 07:19:31
user_378,P021,add_to_cart,2023-01-08 07:21:25
user_378,P001,add_to_cart,2023-01-08 07:28:19
user_378,P041,view,2023-01-08 07:34:52
user_378,P048,click,2023-01-08 07:36:04
user_378,P086,view,2023-01-08 07:45:33
user_378,P063,view,2023-01-08 07:55:17
user_378,P045,view,2023-01-08 08:01:31
user_378,P065,view,2023-01-08 08:09:13
user_378,P081,view,2023-01-08 08:12:00
user_378,P030,view,2023-01-08 08:17:54
user_378,P050,view,2023-01-08 08:23:25
user_378,P071,click,2023-01-08 08:29:27
user_378,P012,view,2023-01-08 08:30:01
user_378,P043,view,2023-01-08 08:30:51
user_378,P075,view,2023-01-08 08:36:48
user_378,P035,view,2023-01-08 08:42:02
user_379,P095,view,2023-01-30 12:29:00
user_379,P005,view,2023-01-30 12:38:17
user_379,P090,view,2023-01-30 12:41:51
user_379,P056,click,2023-01-30 12:51:26
user_379,P075,view,2023-01-30 13:00:14
user_379,P074,view,2023-01-30 13:05:47
user_379,P042,view,2023-01-30 13:06:06
user_379,P029,view,2023-01-30 13:10:59
user_380,P084,view,2023-01-24 05:45:00
user_380,P060,view,2023-01-24 05:49:08
user_380,P031,view,2023-01-24 05:54:15
user_380,P018,view,2023-01-24 05:55:36
user_380,P025,view,2023-01-24 06:04:50
user_380,P058,click,2023-01-24 06:13:39
user_380,P013,view,2023-01-24 06:18:10
user_380,P038,add_to_cart,2023-01-24 06:24:11
user_380,P036,click,2023-01-24 06:24:42
user_380,P031,add_to_cart,2023-01-24 06:31:25
user_380,P022,view,2023-01-24 06:34:59
user_381,P044,view,2023-01-01 18:00:00
user_381,P079,click,2023-01-01 18:00:09
user_381,P024,view,2023-01-01 18:03:38
user_381,P060,view,2023-01-01 18:10:28
user_381,P039,view,2023-01-01 18:16:44
user_381,P090,view,2023-01-01 18:20:10
user_381,P028,add_to_cart,2023-01-01 18:22:14
user_381,P006,view,2023-01-01 18:25:26
user_381,P096,click,2023-01-01 18:34:21
user_381,P002,view,2023-01-01 18:42:26
user_382,P017,view,2023-01-15 18:09:00
user_382,P074,view,2023-01-15 18:11:36
user_382,P051,view,2023-01-15 18:17:03
user_382,P005,view,2023-01-15 18:23:07
user_382,P078,click,2023-01-15 18:29:15
user_382,P083,click,2023-01-15 18:33:50
user_382,P028,view,2023-01-15 18:43:12
user_382,P094,click,2023-01-15 18:46:35
user_382,P058,view,2023-01-15 18:53:09
user_382,P049,view,2023-01-15 19:00:44
user_382,P006,view,2023-01-15 19:03:55
user_382,P011,view,2023-01-15 19:13:09
user_383,P100,view,2023-01-28 01:13:00
user_383,P085,view,2023-01-28 01:17:43
user_383,P017,add_to_cart,2023-01-28 01:18:12
user_383,P085,view,2023-01-28 01:23:39
user_383,P039,view,2023-01-28 01:28:13
user_383,P075,click,2023-01-28 01:32:00
user_383,P004,view,2023-01-28 01:34:57
user_383,P065,view,2023-01-28 01:41:36
user_383,P044,click,2023-01-28 01:44:27
user_383,P100,view,2023-01-28 01:53:03
user_383,P099,view,2023-01-28 01:55:46
user_383,P047,view,2023-01-28 02:03:33
user_383,P086,view,2023-01-28 02:05:21
user_383,P055,view,2023-01-28 02:05:38
user_383,P004,view,2023-01-28 02:14:57
user_383,P077,view,2023-01-28 02:24:32
user_383,P006,add_to_cart,2023-01-28 02:29:08
user_383,P058,click,2023-01-28 02:31:04
user_383,P041,view,2023-01-28 02:39:13
user_383,P010,view,2023-01-28 02:43:23
user_383,P055,view,2023-01-28 02:48:27
user_383,P079,click,2023-01-28 02:58:26
user_383,P039,view,2023-01-28 03:04:12
user_384,P050,view,2023-01-26 06:04:00
user_384,P039,view,2023-01-26 06:08:04
user_384,P037,add_to_cart,2023-01-26 06:15:29
user_384,P008,view,2023-01-26 06:16:24
user_384,P022,view,2023-01-26 06:25:11
user_384,P060,click,2023-01-26 06:31:50
user_384,P046,click,2023-01-26 06:40:27
user_384,P022,add_to_cart,2023-01-26 06:48:39
user_384,P032,click,2023-01-26 06:49:44
user_384,P042,click,2023-01-26 06:54:50
user_384,P025,add_to_cart,2023-01-26 06:58:45
user_384,P071,view,2023-01-26 07:03:46
user_384,P086,click,2023-01-26 07:07:50
user_384,P010,view,2023-01-26 07:17:05
user_384,P098,click,2023-01-26 07:24:38
user_384,P073,click,2023-01-26 07:25:09
user_384,P060,click,2023-01-26 07:27:00
user_385,P036,view,2023-01-28 23:34:00
user_385,P019,click,2023-01-28 23:38:01
user_385,P033,view,2023-01-28 23:40:07
user_385,P070,view,2023-01-28 23:49:46
user_385,P059,view,2023-01-28 23:59:42
user_385,P077,view,2023-01-29 00:08:57
user_385,P039,click,2023-01-29 00:12:23
user_385,P057,view,2023-01-29 00:20:12
user_385,P070,view,2023-01-29 00:26:11
user_385,P045,view,2023-01-29 00:27:35
user_385,P026,view,2023-01-29 00:35:39
user_385,P031,click,2023-01-29 00:42:32
user_385,P067,add_to_cart,2023-01-29 00:50:59
user_385,P046,view,2023-01-29 01:00:15
user_385,P081,click,2023-01-29 01:08:12
user_385,P083,view,2023-01-29 01:15:16
user_386,P099,add_to_cart,2023-01-30 22:09:00
user_386,P097,view,2023-01-30 22:09:58
user_386,P055,click,2023-01-30 22:10:06
user_386,P064,view,2023-01-30 22:11:39
user_386,P022,view,2023-01-30 22:20:04
user_386,P059,add_to_cart,2023-01-30 22:25:45
user_386,P052,view,2023-01-30 22:35:05
user_386,P081,view,2023-01-30 22:39:41
user_386,P040,add_to_cart,2023-01-30 22:41:02
user_386,P008,view,2023-01-30 22:50:44
user_386,P057,view,2023-01-30 22:55:14
user_386,P100,view,2023-01-30 23:01:19
user_386,P067,view,2023-01-30 23:04:14
user_386,P056,view,2023-01-30 23:09:25
user_386,P059,view,2023-01-30 23:10:03
user_386,P023,view,2023-01-30 23:16:41
user_386,P017,click,2023-01-30 23:23:09
user_386,P079,view,2023-01-30 23:24:34
user_386,P023,view,2023-01-30 23:33:42
user_386,P034,view,2023-01-30 23:36:10
user_386,P033,view,2023-01-30 23:43:49
user_386,P071,click,2023-01-30 23:53:29
user_386,P061,view,2023-01-30 23:55:38
user_386,P046,view,2023-01-31 00:03:25
user_387,P008,view,2023-01-10 23:34:00
user_387,P024,view,2023-01-10 23:40:21
user_387,P064,view,2023-01-10 23:43:59
user_387,P025,view,2023-01-10 23:48:33
user_387,P003,view,2023-01-10 23:50:22
user_387,P019,view,2023-01-10 23:57:44
user_387,P094,add_to_cart,2023-01-11 00:07:14
user_387,P016,view,2023-01-11 00:11:04
user_387,P048,click,2023-01-11 00:11:23
user_387,P036,view,2023-01-11 00:20:33
user_387,P082,view,2023-01-11 00:28:14
user_387,P070,view,2023-01-11 00:31:34
user_387,P080,click,2023-01-11 00:37:30
user_387,P023,view,2023-01-11 00:38:10
user_387,P060,click,2023-01-11 00:46:43
user_387,P054,view,2023-01-11 00:46:52
user_387,P098,view,2023-01-11 00:47:21
user_387,P084,view,2023-01-11 00:53:58
user_387,P027,view,2023-01-11 00:55:51
user_388,P015,click,2023-01-29 20:41:00
user_388,P089,view,2023-01-29 20:50:23
user_388,P012,click,2023-01-29 20:54:27
user_388,P045,click,2023-01-29 20:59:46
user_388,P043,view,2023-01-29 21:03:53
user_388,P045,view,2023-01-29 21:13:48
user_388,P016,view,2023-01-29 21:16:34
user_388,P032,click,2023-01-29 21:23:53
user_388,P086,click,2023-01-29 21:28:30
user_388,P082,view,2023-01-29 21:37:54
user_388,P001,view,2023-01-29 21:46:08
user_388,P098,view,2023-01-29 21:46:31
user_388,P041,click,2023-01-29 21:54:06
user_388,P039,view,2023-01-29 21:54:44
user_388,P056,view,2023-01-29 22:00:27
user_388,P003,view,2023-01-29 22:04:19
user_388,P026,view,2023-01-29 22:09:50
user_388,P046,view,2023-01-29 22:14:06
user_388,P009,view,2023-01-29 22:15:43
user_388,P060,view,2023-01-29 22:17:08
user_389,P058,view,2023-01-30 07:09:00
user_389,P010,view,2023-01-30 07:11:41
user_389,P028,view,2023-01-30 07:12:40
user_389,P081,view,2023-01-30 07:14:42
user_389,P060,view,2023-01-30 07:24:04
user_389,P028,view,2023-01-30 07:31:32
user_389,P051,view,2023-01-30 07:35:55
user_389,P059,view,2023-01-30 07:39:17
user_389,P070,click,2023-01-30 07:48:51
user_389,P083,view,2023-01-30 07:54:00
user_389,P044,view,2023-01-30 07:55:56
user_389,P054,view,2023-01-30 08:01:05
user_389,P088,view,2023-01-30 08:09:53
user_389,P048,view,2023-01-30 08:16:42
user_389,P052,view,2023-01-30 08:21:12
user_389,P079,view,2023-01-30 08:29:47
user_389,P004,view,2023-01-30 08:39:25
user_389,P047,view,2023-01-30 08:44:13
user_389,P067,add_to_cart,2023-01-30 08:46:27
user_389,P048,click,2023-01-30 08:52:35
user_389,P079,view,2023-01-30 09:01:39
user_389,P094,view,2023-01-30 09:01:59
user_389,P081,view,2023-01-30 09:10:33
user_390,P014,click,2023-01-17 09:24:00
user_390,P097,click,2023-01-17 09:28:07
user_390,P010,view,2023-01-17 09:35:06
user_390,P037,view,2023-01-17 09:41:08
user_390,P088,click,2023-01-17 09:41:30
user_390,P091,click,2023-01-17 09:51:02
user_390,P085,view,2023-01-17 10:00:33
user_390,P047,click,2023-01-17 10:03:08
user_390,P099,add_to_cart,2023-01-17 10:10:42
user_390,P015,view,2023-01-17 10:20:16
user_390,P063,view,2023-01-17 10:21:07
user_390,P043,click,2023-01-17 10:25:02
user_390,P049,view,2023-01-17 10:33:17
user_390,P060,add_to_cart,2023-01-17 10:40:54
user_390,P026,add_to_cart,2023-01-17 10:48:52
user_390,P069,click,2023-01-17 10:50:10
user_390,P042,view,2023-01-17 10:51:50
user_390,P084,view,2023-01-17 10:52:11
user_390,P098,view,2023-01-17 10:58:47
user_390,P053,click,2023-01-17 11:08:01
user_390,P072,view,2023-01-17 11:16:34
user_390,P089,view,2023-01-17 11:26:00
user_390,P061,click,2023-01-17 11:31:05
user_391,P024,add_to_cart,2023-01-29 19:35:00
user_391,P059,view,2023-01-29 19:43:04
user_391,P082,click,2023-01-29 19:44:23
user_391,P016,view,2023-01-29 19:46:40
user_391,P075,view,2023-01-29 19:51:35
user_391,P081,view,2023-01-29 19:55:39
user_391,P008,view,2023-01-29 19:59:39
user_391,P059,view,2023-01-29 19:59:46
user_391,P038,view,2023-01-29 20:02:01
user_391,P073,view,2023-01-29 20:08:46
user_391,P073,view,2023-01-29 20:12:26
user_391,P034,view,2023-01-29 20:20:19
user_391,P022,view,2023-01-29 20:27:58
user_391,P023,view,2023-01-29 20:29:40
user_392,P071,click,2023-01-10 04:54:00
user_392,P012,add_to_cart,2023-01-10 04:59:10
user_392,P035,view,2023-01-10 05:03:10
user_392,P059,view,2023-01-10 05:06:17
user_392,P015,click,2023-01-10 05:12:49
user_392,P055,view,2023-01-10 05:14:07
user_392,P024,view,2023-01-10 05:23:43
user_392,P032,view,2023-01-10 05:30:55
user_392,P070,view,2023-01-10 05:39:34
user_392,P059,view,2023-01-10 05:41:06
user_392,P014,view,2023-01-10 05:50:59
user_392,P080,click,2023-01-10 05:52:21
user_392,P058,view,2023-01-10 05:58:01
user_392,P078,click,2023-01-10 06:07:57
user_392,P026,view,2023-01-10 06:12:35
user_392,P045,view,2023-01-10 06:14:17
user_392,P021,view,2023-01-10 06:16:15
user_392,P044,view,2023-01-10 06:22:11
user_392,P023,view,2023-01-10 06:24:33
user_392,P055,view,2023-01-10 06:27:00
user_392,P033,view,2023-01-10 06:31:26
user_393,P074,view,2023-01-20 11:30:00
user_393,P010,click,2023-01-20 11:32:53
user_393,P078,click,2023-01-20 11:36:02
user_393,P004,view,2023-01-20 11:42:37
user_393,P074,view,2023-01-20 11:46:55
user_393,P004,click,2023-01-20 11:49:45
user_393,P100,view,2023-01-20 11:51:48
user_393,P017,click,2023-01-20 11:59:42
user_393,P070,click,2023-01-20 12:08:06
user_393,P053,click,2023-01-20 12:14:20
user_393,P047,view,2023-01-20 12:17:41
user_393,P094,view,2023-01-20 12:20:05
user_393,P077,view,2023-01-20 12:27:16
user_393,P018,view,2023-01-20 12:32:30
user_393,P075,click,2023-01-20 12:39:04
user_393,P069,view,2023-01-20 12:45:09
user_393,P068,view,2023-01-20 12:52:24
user_393,P054,view,2023-01-20 13:01:01
user_393,P041,view,2023-01-20 13:05:13
user_394,P096,view,2023-01-28 16:51:00
user_394,P097,view,2023-01-28 16:56:21
user_394,P040,view,2023-01-28 17:00:19
user_394,P044,view,2023-01-28 17:09:56
user_394,P048,add_to_cart,2023-01-28 17:17:08
user_394,P011,add_to_cart,2023-01-28 17:20:55
user_394,P046,view,2023-01-28 17:29:31
user_394,P084,view,2023-01-28 17:30:09
user_394,P057,click,2023-01-28 17:39:47
user_394,P076,view,2023-01-28 17:41:24
user_394,P084,view,2023-01-28 17:48:27
user_394,P073,add_to_cart,2023-01-28 17:49:01
user_394,P077,click,2023-01-28 17:56:43
user_394,P093,view,2023-01-28 18:02:27
user_394,P028,click,2023-01-28 18:07:33
user_394,P037,view,2023-01-28 18:16:12
user_394,P083,view,2023-01-28 18:17:48
user_394,P087,view,2023-01-28 18:25:38
user_394,P029,view,2023-01-28 18:31:11
user_394,P017,view,2023-01-28 18:32:21
user_394,P031,view,2023-01-28 18:34:14
user_395,P051,view,2023-01-28 10:47:00
user_395,P090,click,2023-01-28 10:55:50
user_395,P043,view,2023-01-28 10:59:24
user_395,P061,view,2023-01-28 11:05:08
user_395,P026,view,2023-01-28 11:14:47
user_395,P067,view,2023-01-28 11:23:58
user_395,P052,click,2023-01-28 11:26:16
user_395,P034,click,2023-01-28 11:31:00
user_395,P075,view,2023-01-28 11:33:19
user_395,P080,click,2023-01-28 11:38:42
user_395,P030,view,2023-01-28 11:44:30
user_395,P097,view,2023-01-28 11:50:42
user_395,P037,click,2023-01-28 11:51:07
user_395,P060,view,2023-01-28 11:55:03
user_396,P049,view,2023-01-28 04:02:00
user_396,P019,view,2023-01-28 04:02:26
user_396,P039,view,2023-01-28 04:11:42
user_396,P054,view,2023-01-28 04:17:51
user_396,P071,view,2023-01-28 04:27:45
user_396,P082,add_to_cart,2023-01-28 04:30:16
user_396,P066,view,2023-01-28 04:35:50
user_396,P051,click,2023-01-28 04:38:37
user_396,P027,view,2023-01-28 04:44:08
user_396,P071,view,2023-01-28 04:47:15
user_396,P048,click,2023-01-28 04:52:52
user_396,P051,view,2023-01-28 04:56:27
user_396,P002,view,2023-01-28 05:02:48
user_396,P020,view,2023-01-28 05:12:34
user_396,P006,add_to_cart,2023-01-28 05:19:17
user_396,P050,view,2023-01-28 05:28:50
user_396,P088,view,2023-01-28 05:37:13
user_396,P036,view,2023-01-28 05:41:18
user_396,P093,view,2023-01-28 05:42:25
user_396,P052,view,2023-01-28 05:52:19
user_396,P077,click,2023-01-28 06:00:22
user_396,P092,view,2023-01-28 06:04:23
user_396,P037,view,2023-01-28 06:06:36
user_397,P081,view,2023-01-13 21:46:00
user_397,P051,view,2023-01-13 21:54:43
user_397,P026,click,2023-01-13 21:57:45
user_397,P026,view,2023-01-13 22:03:07
user_397,P028,view,2023-01-13 22:04:06
user_397,P066,view,2023-01-13 22:13:12
user_397,P099,view,2023-01-13 22:19:13
user_397,P075,view,2023-01-13 22:24:35
user_398,P017,click,2023-01-11 15:12:00
user_398,P013,view,2023-01-11 15:20:23
user_398,P050,add_to_cart,2023-01-11 15:21:10
user_398,P094,view,2023-01-11 15:31:07
user_398,P030,view,2023-01-11 15:38:32
user_398,P083,view,2023-01-11 15:40:10
user_398,P034,view,2023-01-11 15:41:43
user_398,P038,view,2023-01-11 15:45:21
user_398,P043,view,2023-01-11 15:49:09
user_398,P096,view,2023-01-11 15:57:07
user_398,P065,click,2023-01-11 16:04:38
user_398,P092,view,2023-01-11 16:05:50
user_399,P017,view,2023-01-03 14:38:00
user_399,P003,click,2023-01-03 14:45:48
user_399,P048,view,2023-01-03 14:50:54
user_399,P007,view,2023-01-03 14:59:45
user_399,P009,view,2023-01-03 15:04:47
user_399,P057,view,2023-01-03 15:13:15
user_399,P084,view,2023-01-03 15:20:38
user_399,P027,view,2023-01-03 15:30:08
user_399,P040,add_to_cart,2023-01-03 15:34:35
user_399,P014,click,2023-01-03 15:34:41
user_399,P018,click,2023-01-03 15:37:11
user_399,P023,click,2023-01-03 15:42:55
user_399,P062,click,2023-01-03 15:46:28
user_399,P090,view,2023-01-03 15:46:47
user_399,P045,view,2023-01-03 15:51:49
user_399,P022,click,2023-01-03 15:58:52
user_399,P038,view,2023-01-03 16:06:35
user_399,P007,add_to_cart,2023-01-03 16:12:36
user_399,P007,view,2023-01-03 16:18:12
user_399,P062,view,2023-01-03 16:18:17
user_399,P007,click,2023-01-03 16:18:39
user_399,P093,view,2023-01-03 16:28:22
user_400,P078,click,2023-01-05 09:07:00
user_400,P001,view,2023-01-05 09:09:18
user_400,P075,view,2023-01-05 09:15:22
user_400,P023,view,2023-01-05 09:17:44
user_400,P095,add_to_cart,2023-01-05 09:18:44
user_400,P001,view,2023-01-05 09:26:15
user_400,P021,view,2023-01-05 09:31:21
user_400,P012,view,2023-01-05 09:40:47
user_400,P044,view,2023-01-05 09:42:04
user_400,P065,view,2023-01-05 09:45:55
user_400,P046,view,2023-01-05 09:46:09
user_400,P099,view,2023-01-05 09:47:05
user_400,P058,click,2023-01-05 09:53:39
user_400,P081,view,2023-01-05 09:53:54
user_400,P097,add_to_cart,2023-01-05 10:01:36
user_400,P027,view,2023-01-05 10:03:01
user_400,P066,view,2023-01-05 10:06:46
user_400,P034,click,2023-01-05 10:10:38
user_401,P014,view,2023-01-27 11:38:00
user_401,P001,view,2023-01-27 11:42:54
user_401,P061,add_to_cart,2023-01-27 11:50:42
user_401,P028,click,2023-01-27 11:59:34
user_401,P089,view,2023-01-27 12:07:12
user_401,P081,view,2023-01-27 12:12:43
user_401,P002,view,2023-01-27 12:18:51
user_401,P009,view,2023-01-27 12:26:35
user_402,P086,view,2023-01-29 02:20:00
user_402,P088,view,2023-01-29 02:21:27
user_402,P098,click,2023-01-29 02:29:22
user_402,P089,view,2023-01-29 02:30:29
user_402,P076,view,2023-01-29 02:36:21
user_402,P008,view,2023-01-29 02:42:29
user_402,P099,view,2023-01-29 02:51:47
user_402,P019,view,2023-01-29 02:54:40
user_402,P061,view,2023-01-29 03:02:03
user_402,P074,view,2023-01-29 03:08:49
user_402,P072,view,2023-01-29 03:11:13
user_403,P005,view,2023-01-14 09:08:00
user_403,P039,add_to_cart,2023-01-14 09:09:15
user_403,P090,view,2023-01-14 09:16:46
user_403,P092,view,2023-01-14 09:18:37
user_403,P019,add_to_cart,2023-01-14 09:27:45
user_403,P018,view,2023-01-14 09:29:49
user_403,P064,view,2023-01-14 09:31:15
user_403,P039,view,2023-01-14 09:39:09
user_403,P055,view,2023-01-14 09:40:14
user_403,P095,view,2023-01-14 09:44:03
user_403,P072,view,2023-01-14 09:50:22
user_403,P025,view,2023-01-14 09:56:07
user_403,P046,view,2023-01-14 10:03:36
user_404,P084,click,2023-01-10 03:47:00
user_404,P085,view,2023-01-10 03:52:35
user_404,P015,view,2023-01-10 04:00:53
user_404,P046,click,2023-01-10 04:07:31
user_404,P092,view,2023-01-10 04:13:03
user_404,P078,view,2023-01-10 04:20:24
user_404,P065,click,2023-01-10 04:29:03
user_404,P034,view,2023-01-10 04:32:41
user_404,P002,view,2023-01-10 04:37:04
user_404,P009,view,2023-01-10 04:46:13
user_404,P016,view,2023-01-10 04:49:47
user_404,P036,view,2023-01-10 04:50:51
user_404,P097,view,2023-01-10 04:55:10
user_404,P003,add_to_cart,2023-01-10 04:59:09
user_404,P058,add_to_cart,2023-01-10 04:59:30
user_404,P007,view,2023-01-10 05:02:39
user_404,P056,view,2023-01-10 05:10:05
user_404,P008,view,2023-01-10 05:10:21
user_404,P088,view,2023-01-10 05:15:27
user_404,P005,view,2023-01-10 05:20:03
user_404,P050,view,2023-01-10 05:29:09
user_404,P099,add_to_cart,2023-01-10 05:31:34
user_404,P014,view,2023-01-10 05:41:00
user_405,P071,view,2023-01-31 03:33:00
user_405,P081,click,2023-01-31 03:40:47
user_405,P085,add_to_cart,2023-01-31 03:42:22
user_405,P004,click,2023-01-31 03:46:35
user_405,P081,add_to_cart,2023-01-31 03:56:11
user_405,P084,click,2023-01-31 04:04:31
user_405,P079,click,2023-01-31 04:12:26
user_405,P041,view,2023-01-31 04:12:45
user_405,P096,view,2023-01-31 04:13:49
user_405,P013,view,2023-01-31 04:16:33
user_405,P081,view,2023-01-31 04:24:57
user_405,P097,view,2023-01-31 04:32:14
user_405,P048,view,2023-01-31 04:42:01
user_405,P066,click,2023-01-31 04:44:19
user_405,P052,click,2023-01-31 04:49:21
user_405,P066,click,2023-01-31 04:51:54
user_405,P020,view,2023-01-31 04:54:57
user_405,P005,add_to_cart,2023-01-31 05:04:30
user_405,P068,view,2023-01-31 05:12:53
user_405,P047,view,2023-01-31 05:16:33
user_405,P009,click,2023-01-31 05:25:12
user_405,P024,add_to_cart,2023-01-31 05:35:11
user_405,P001,view,2023-01-31 05:43:16
user_405,P074,click,2023-01-31 05:50:19
user_405,P010,view,2023-01-31 05:58:05
user_406,P099,click,2023-01-30 22:07:00
user_406,P015,view,2023-01-30 22:10:37
user_406,P052,view,2023-01-30 22:16:55
user_406,P027,add_to_cart,2023-01-30 22:19:14
user_406,P013,view,2023-01-30 22:21:10
user_406,P013,view,2023-01-30 22:21:58
user_406,P033,click,2023-01-30 22:26:23
user_406,P068,view,2023-01-30 22:33:17
user_407,P061,view,2023-01-25 15:16:00
user_407,P076,click,2023-01-25 15:25:34
user_407,P087,add_to_cart,2023-01-25 15:27:15
user_407,P013,view,2023-01-25 15:27:30
user_407,P089,view,2023-01-25 15:31:35
user_407,P067,click,2023-01-25 15:41:32
user_407,P020,view,2023-01-25 15:42:18
user_407,P077,view,2023-01-25 15:48:46
user_407,P093,view,2023-01-25 15:56:55
user_407,P025,view,2023-01-25 15:57:10
user_408,P096,view,2023-01-16 13:28:00
user_408,P087,view,2023-01-16 13:35:21
user_408,P044,view,2023-01-16 13:42:08
user_408,P076,click,2023-01-16 13:44:30
user_408,P038,view,2023-01-16 13:53:25
user_408,P045,view,2023-01-16 14:01:11
user_408,P097,view,2023-01-16 14:01:59
user_408,P048,view,2023-01-16 14:11:02
user_408,P085,view,2023-01-16 14:17:57
user_408,P018,view,2023-01-16 14:19:30
user_408,P014,view,2023-01-16 14:24:15
user_408,P010,view,2023-01-16 14:29:57
user_409,P096,view,2023-01-18 22:24:00
user_409,P077,click,2023-01-18 22:27:27
user_409,P042,click,2023-01-18 22:30:04
user_409,P065,click,2023-01-18 22:34:55
user_409,P092,view,2023-01-18 22:43:15
user_409,P070,view,2023-01-18 22:51:21
user_409,P058,view,2023-01-18 22:55:44
user_409,P069,view,2023-01-18 23:05:05
user_410,P013,view,2023-01-17 15:27:00
user_410,P063,click,2023-01-17 15:27:33
user_410,P026,add_to_cart,2023-01-17 15:35:59
user_410,P059,view,2023-01-17 15:37:45
user_410,P012,view,2023-01-17 15:41:41
user_410,P006,click,2023-01-17 15:46:11
user_410,P091,add_to_cart,2023-01-17 15:46:46
user_410,P047,view,2023-01-17 15:48:34
user_410,P045,view,2023-01-17 15:57:11
user_410,P007,click,2023-01-17 16:00:42
user_410,P067,view,2023-01-17 16:02:15
user_410,P068,view,2023-01-17 16:10:01
user_410,P095,view,2023-01-17 16:14:46
user_410,P028,view,2023-01-17 16:20:12
user_411,P063,view,2023-01-18 14:36:00
user_411,P038,view,2023-01-18 14:37:36
user_411,P075,view,2023-01-18 14:46:09
user_411,P053,view,2023-01-18 14:52:38
user_411,P090,view,2023-01-18 15:02:21
user_411,P023,view,2023-01-18 15:06:55
user_411,P008,view,2023-01-18 15:13:15
user_411,P052,view,2023-01-18 15:16:51
user_411,P081,add_to_cart,2023-01-18 15:25:06
user_411,P071,click,2023-01-18 15:32:28
user_411,P048,view,2023-01-18 15:39:13
user_411,P005,view,2023-01-18 15:48:49
user_411,P017,view,2023-01-18 15:51:54
user_411,P045,view,2023-01-18 15:58:44
user_411,P098,click,2023-01-18 16:06:52
user_411,P012,click,2023-01-18 16:12:35
user_411,P092,click,2023-01-18 16:21:27
user_412,P046,click,2023-01-30 14:30:00
user_412,P009,view,2023-01-30 14:30:41
user_412,P021,view,2023-01-30 14:35:48
user_412,P095,view,2023-01-30 14:41:36
user_412,P013,view,2023-01-30 14:44:25
user_412,P001,view,2023-01-30 14:46:32
user_412,P083,view,2023-01-30 14:55:43
user_412,P076,view,2023-01-30 14:58:49
user_412,P020,view,2023-01-30 14:59:36
user_412,P007,view,2023-01-30 15:09:30
user_412,P086,view,2023-01-30 15:14:26
user_413,P098,view,2023-01-04 20:52:00
user_413,P091,add_to_cart,2023-01-04 20:54:59
user_413,P066,add_to_cart,2023-01-04 21:04:21
user_413,P058,view,2023-01-04 21:09:21
user_413,P033,view,2023-01-04 21:12:47
user_413,P012,add_to_cart,2023-01-04 21:21:13
user_413,P088,add_to_cart,2023-01-04 21:22:06
user_413,P069,view,2023-01-04 21:25:09
user_413,P049,view,2023-01-04 21:33:26
user_413,P068,click,2023-01-04 21:38:32
user_414,P100,view,2023-01-03 20:43:00
user_414,P051,view,2023-01-03 20:44:41
user_414,P034,view,2023-01-03 20:50:22
user_414,P091,view,2023-01-03 20:56:26
user_414,P014,view,2023-01-03 21:05:28
user_414,P080,view,2023-01-03 21:12:34
user_414,P082,view,2023-01-03 21:13:54
user_414,P054,view,2023-01-03 21:20:24
user_414,P056,view,2023-01-03 21:28:25
user_414,P009,view,2023-01-03 21:32:49
user_414,P016,click,2023-01-03 21:35:57
user_414,P086,click,2023-01-03 21:44:27
user_414,P036,view,2023-01-03 21:52:28
user_414,P078,click,2023-01-03 21:57:44
user_414,P022,view,2023-01-03 22:01:46
user_414,P023,view,2023-01-03 22:11:09
user_414,P091,view,2023-01-03 22:19:32
user_414,P019,view,2023-01-03 22:25:15
user_414,P085,view,2023-01-03 22:26:20
user_414,P076,view,2023-01-03 22:26:29
user_414,P010,view,2023-01-03 22:34:26
user_414,P062,view,2023-01-03 22:37:13
user_414,P020,view,2023-01-03 22:40:38
user_414,P072,click,2023-01-03 22:43:27
user_415,P092,click,2023-01-28 13:31:00
user_415,P030,view,2023-01-28 13:33:35
user_415,P059,view,2023-01-28 13:37:15
user_415,P033,view,2023-01-28 13:42:54
user_415,P022,view,2023-01-28 13:51:29
user_415,P052,click,2023-01-28 13:52:15
user_415,P045,add_to_cart,2023-01-28 14:01:42
user_415,P034,view,2023-01-28 14:03:01
user_415,P025,view,2023-01-28 14:06:07
user_415,P058,view,2023-01-28 14:10:28
user_415,P013,view,2023-01-28 14:20:15
user_415,P006,view,2023-01-28 14:22:48
user_415,P050,click,2023-01-28 14:23:01
user_415,P088,view,2023-01-28 14:28:36
user_415,P035,view,2023-01-28 14:30:25
user_415,P019,view,2023-01-28 14:36:24
user_415,P050,view,2023-01-28 14:46:21
user_415,P001,click,2023-01-28 14:51:28
user_415,P026,view,2023-01-28 14:57:34
user_415,P001,view,2023-01-28 15:01:41
user_415,P094,click,2023-01-28 15:03:09
user_415,P017,view,2023-01-28 15:10:09
user_415,P011,view,2023-01-28 15:15:38
user_416,P091,view,2023-01-24 00:12:00
user_416,P100,view,2023-01-24 00:15:34
user_416,P068,view,2023-01-24 00:18:52
user_416,P073,click,2023-01-24 00:19:53
user_416,P002,view,2023-01-24 00:24:36
user_416,P007,view,2023-01-24 00:31:30
user_416,P064,view,2023-01-24 00:33:27
user_416,P025,view,2023-01-24 00:33:54
user_416,P085,view,2023-01-24 00:35:30
user_416,P081,click,2023-01-24 00:39:01
user_416,P023,view,2023-01-24 00:48:57
user_416,P033,click,2023-01-24 00:53:26
user_416,P024,view,2023-01-24 00:54:20
user_416,P019,click,2023-01-24 00:56:56
user_416,P095,view,2023-01-24 01:05:57
user_416,P011,view,2023-01-24 01:10:49
user_416,P019,view,2023-01-24 01:11:26
user_416,P016,view,2023-01-24 01:13:31
user_416,P069,view,2023-01-24 01:15:13
user_416,P093,click,2023-01-24 01:19:58
user_416,P096,click,2023-01-24 01:21:53
user_416,P021,view,2023-01-24 01:30:05
user_416,P008,add_to_cart,2023-01-24 01:39:14
user_416,P074,view,2023-01-24 01:44:15
user_417,P053,view,2023-01-14 10:28:00
user_417,P007,click,2023-01-14 10:29:38
user_417,P011,view,2023-01-14 10:32:44
user_417,P058,add_to_cart,2023-01-14 10:34:11
user_417,P019,add_to_cart,2023-01-14 10:43:42
user_417,P011,click,2023-01-14 10:51:20
user_417,P036,view,2023-01-14 10:56:40
user_417,P002,view,2023-01-14 11:01:41
user_417,P020,add_to_cart,2023-01-14 11:11:17
user_417,P004,view,2023-01-14 11:13:27
user_417,P058,view,2023-01-14 11:15:21
user_417,P058,view,2023-01-14 11:23:17
user_417,P062,add_to_cart,2023-01-14 11:23:40
user_417,P079,add_to_cart,2023-01-14 11:31:16
user_417,P061,view,2023-01-14 11:34:52
user_417,P024,view,2023-01-14 11:43:58
user_417,P038,view,2023-01-14 11:47:02
user_417,P029,view,2023-01-14 11:55:46
user_418,P040,add_to_cart,2023-01-17 10:49:00
user_418,P016,view,2023-01-17 10:50:29
user_418,P100,add_to_cart,2023-01-17 10:52:04
user_418,P022,add_to_cart,2023-01-17 10:56:21
user_418,P073,view,2023-01-17 11:00:55
user_418,P033,add_to_cart,2023-01-17 11:09:35
user_418,P027,view,2023-01-17 11:17:09
user_418,P006,view,2023-01-17 11:22:32
user_418,P067,add_to_cart,2023-01-17 11:28:27
user_418,P059,view,2023-01-17 11:34:24
user_418,P037,add_to_cart,2023-01-17 11:39:48
user_419,P004,view,2023-01-24 19:12:00
user_419,P033,view,2023-01-24 19:18:12
user_419,P024,view,2023-01-24 19:24:13
user_419,P029,view,2023-01-24 19:31:22
user_419,P036,view,2023-01-24 19:36:32
user_419,P020,view,2023-01-24 19:39:02
user_419,P040,click,2023-01-24 19:45:26
user_419,P026,view,2023-01-24 19:46:57
user_419,P063,view,2023-01-24 19:52:16
user_419,P062,view,2023-01-24 20:01:40
user_419,P070,click,2023-01-24 20:06:06
user_419,P094,view,2023-01-24 20:15:13
user_419,P018,add_to_cart,2023-01-24 20:18:06
user_419,P092,view,2023-01-24 20:18:33
user_419,P082,view,2023-01-24 20:27:16
user_419,P018,view,2023-01-24 20:29:33
user_419,P079,click,2023-01-24 20:38:42
user_419,P065,view,2023-01-24 20:40:36
user_419,P071,view,2023-01-24 20:46:08
user_419,P030,click,2023-01-24 20:52:36
user_419,P008,view,2023-01-24 20:55:34
user_419,P085,view,2023-01-24 21:00:31
user_419,P041,click,2023-01-24 21:09:36
user_420,P016,view,2023-01-03 02:29:00
user_420,P023,view,2023-01-03 02:38:45
user_420,P031,add_to_cart,2023-01-03 02:46:55
user_420,P049,click,2023-01-03 02:52:04
user_420,P038,view,2023-01-03 02:52:21
user_420,P046,view,2023-01-03 03:01:42
user_420,P068,view,2023-01-03 03:11:40
user_420,P077,view,2023-01-03 03:18:28
user_420,P008,view,2023-01-03 03:23:23
user_420,P036,view,2023-01-03 03:29:34
user_420,P070,click,2023-01-03 03:33:12
user_420,P016,click,2023-01-03 03:38:45
user_420,P012,view,2023-01-03 03:43:23
user_420,P015,view,2023-01-03 03:52:00
user_420,P021,view,2023-01-03 03:59:48
user_420,P012,view,2023-01-03 04:07:23
user_420,P037,view,2023-01-03 04:16:38
user_420,P011,view,2023-01-03 04:22:35
user_420,P013,view,2023-01-03 04:24:08
user_421,P089,view,2023-01-28 11:02:00
user_421,P093,click,2023-01-28 11:07:53
user_421,P050,view,2023-01-28 11:17:45
user_421,P072,view,2023-01-28 11:20:27
user_421,P095,view,2023-01-28 11:21:48
user_421,P071,view,2023-01-28 11:27:02
user_421,P051,view,2023-01-28 11:28:53
user_421,P085,view,2023-01-28 11:33:06
user_421,P077,click,2023-01-28 11:42:09
user_421,P092,view,2023-01-28 11:51:42
user_421,P048,view,2023-01-28 12:01:22
user_422,P004,view,2023-01-04 10:31:00
user_422,P034,view,2023-01-04 10:37:41
user_422,P073,view,2023-01-04 10:43:34
user_422,P054,add_to_cart,2023-01-04 10:50:15
user_422,P007,click,2023-01-04 10:59:41
user_422,P055,view,2023-01-04 11:04:09
user_422,P059,view,2023-01-04 11:04:43
user_422,P039,view,2023-01-04 11:10:11
user_423,P061,view,2023-01-24 01:21:00
user_423,P009,click,2023-01-24 01:23:44
user_423,P093,view,2023-01-24 01:27:07
user_423,P095,add_to_cart,2023-01-24 01:28:40
user_423,P011,view,2023-01-24 01:33:38
user_423,P042,view,2023-01-24 01:38:32
user_423,P079,view,2023-01-24 01:47:29
user_423,P067,view,2023-01-24 01:55:55
user_423,P035,view,2023-01-24 02:01:28
user_424,P020,view,2023-01-07 17:09:00
user_424,P066,click,2023-01-07 17:16:14
user_424,P100,view,2023-01-07 17:25:57
user_424,P022,view,2023-01-07 17:35:18
user_424,P017,view,2023-01-07 17:39:36
user_424,P088,view,2023-01-07 17:43:56
user_424,P030,view,2023-01-07 17:52:21
user_424,P071,view,2023-01-07 18:00:42
user_424,P022,view,2023-01-07 18:07:44
user_425,P025,view,2023-01-10 20:30:00
user_425,P026,view,2023-01-10 20:33:26
user_425,P098,view,2023-01-10 20:34:38
user_425,P011,view,2023-01-10 20:34:59
user_425,P092,add_to_cart,2023-01-10 20:41:35
user_425,P097,view,2023-01-10 20:50:03
user_425,P085,view,2023-01-10 20:58:00
user_425,P099,view,2023-01-10 21:07:05
user_425,P029,view,2023-01-10 21:14:18
user_425,P015,view,2023-01-10 21:23:53
user_425,P098,view,2023-01-10 21:28:57
user_425,P057,click,2023-01-10 21:35:18
user_425,P099,view,2023-01-10 21:38:46
user_426,P064,add_to_cart,2023-01-28 00:10:00
user_426,P066,view,2023-01-28 00:12:14
user_426,P088,view,2023-01-28 00:13:03
user_426,P049,click,2023-01-28 00:20:02
user_426,P078,view,2023-01-28 00:27:26
user_426,P022,view,2023-01-28 00:30:21
user_426,P026,view,2023-01-28 00:39:37
user_426,P067,view,2023-01-28 00:40:51
user_426,P013,view,2023-01-28 00:44:10
user_426,P001,view,2023-01-28 00:47:39
user_426,P031,view,2023-01-28 00:50:28
user_426,P075,view,2023-01-28 00:57:10
user_426,P057,view,2023-01-28 00:58:32
user_426,P041,view,2023-01-28 01:05:44
user_426,P001,view,2023-01-28 01:07:18
user_426,P038,add_to_cart,2023-01-28 01:16:06
user_426,P090,click,2023-01-28 01:17:03
user_426,P037,view,2023-01-28 01:20:06
user_426,P018,add_to_cart,2023-01-28 01:21:04
user_426,P028,view,2023-01-28 01:23:37
user_426,P028,view,2023-01-28 01:26:37
user_426,P095,view,2023-01-28 01:28:50
user_426,P098,view,2023-01-28 01:36:00
user_426,P092,view,2023-01-28 01:41:30
user_427,P020,view,2023-01-28 02:23:00
user_427,P043,view,2023-01-28 02:29:41
user_427,P002,add_to_cart,2023-01-28 02:31:37
user_427,P030,view,2023-01-28 02:40:46
user_427,P032,add_to_cart,2023-01-28 02:44:40
user_427,P040,click,2023-01-28 02:47:50
user_427,P095,add_to_cart,2023-01-28 02:50:14
user_427,P090,view,2023-01-28 02:58:07
user_427,P073,view,2023-01-28 03:00:36
user_427,P098,view,2023-01-28 03:01:40
user_427,P053,click,2023-01-28 03:08:28
user_427,P063,view,2023-01-28 03:14:08
user_427,P082,click,2023-01-28 03:16:21
user_427,P089,add_to_cart,2023-01-28 03:17:36
user_427,P048,click,2023-01-28 03:22:40
user_427,P015,view,2023-01-28 03:23:59
user_427,P045,view,2023-01-28 03:27:04
user_427,P034,view,2023-01-28 03:31:37
user_427,P068,view,2023-01-28 03:37:45
user_428,P003,view,2023-01-07 04:27:00
user_428,P075,view,2023-01-07 04:31:39
user_428,P092,add_to_cart,2023-01-07 04:40:35
user_428,P053,view,2023-01-07 04:46:18
user_428,P041,view,2023-01-07 04:46:26
user_428,P009,view,2023-01-07 04:47:43
user_428,P080,click,2023-01-07 04:54:20
user_428,P015,add_to_cart,2023-01-07 04:58:47
user_428,P096,view,2023-01-07 05:02:14
user_428,P081,view,2023-01-07 05:03:10
user_428,P045,click,2023-01-07 05:11:53
user_428,P003,view,2023-01-07 05:18:49
user_428,P045,view,2023-01-07 05:19:30
user_428,P012,click,2023-01-07 05:20:20
user_428,P018,view,2023-01-07 05:25:12
user_429,P040,view,2023-01-23 12:49:00
user_429,P028,view,2023-01-23 12:54:58
user_429,P067,click,2023-01-23 12:56:13
user_429,P068,view,2023-01-23 12:57:18
user_429,P049,view,2023-01-23 13:06:11
user_429,P046,view,2023-01-23 13:07:33
user_429,P100,view,2023-01-23 13:16:22
user_429,P047,add_to_cart,2023-01-23 13:16:43
user_429,P068,click,2023-01-23 13:17:30
user_429,P086,view,2023-01-23 13:20:57
user_429,P045,view,2023-01-23 13:25:45
user_429,P097,view,2023-01-23 13:29:34
user_429,P033,view,2023-01-23 13:35:18
user_429,P019,view,2023-01-23 13:43:33
user_429,P079,view,2023-01-23 13:45:59
user_429,P065,view,2023-01-23 13:53:53
user_429,P084,view,2023-01-23 14:00:10
user_430,P072,view,2023-01-19 23:58:00
user_430,P055,add_to_cart,2023-01-20 00:04:46
user_430,P049,view,2023-01-20 00:07:54
user_430,P053,view,2023-01-20 00:09:51
user_430,P086,click,2023-01-20 00:11:05
user_430,P026,click,2023-01-20 00:17:48
user_430,P003,view,2023-01-20 00:18:02
user_430,P065,add_to_cart,2023-01-20 00:19:13
user_430,P098,add_to_cart,2023-01-20 00:24:35
user_430,P088,add_to_cart,2023-01-20 00:26:26
user_430,P052,view,2023-01-20 00:32:41
user_430,P048,click,2023-01-20 00:33:26
user_430,P004,click,2023-01-20 00:33:43
user_430,P098,view,2023-01-20 00:35:31
user_430,P088,view,2023-01-20 00:39:04
user_430,P047,view,2023-01-20 00:47:04
user_430,P041,view,2023-01-20 00:53:57
user_430,P095,click,2023-01-20 00:55:18
user_430,P037,click,2023-01-20 01:04:12
user_431,P052,view,2023-01-23 01:55:00
user_431,P092,view,2023-01-23 02:01:40
user_431,P092,add_to_cart,2023-01-23 02:07:41
user_431,P071,view,2023-01-23 02:10:09
user_431,P008,view,2023-01-23 02:15:45
user_431,P050,view,2023-01-23 02:25:05
user_431,P085,view,2023-01-23 02:33:32
user_431,P004,view,2023-01-23 02:39:42
user_431,P024,click,2023-01-23 02:49:27
user_431,P011,add_to_cart,2023-01-23 02:56:07
user_431,P029,click,2023-01-23 02:57:49
user_432,P086,view,2023-01-05 06:41:00
user_432,P100,view,2023-01-05 06:45:03
user_432,P059,view,2023-01-05 06:50:57
user_432,P003,click,2023-01-05 07:00:49
user_432,P008,view,2023-01-05 07:05:41
user_432,P015,view,2023-01-05 07:10:31
user_432,P038,click,2023-01-05 07:12:38
user_432,P064,view,2023-01-05 07:19:52
user_432,P078,view,2023-01-05 07:21:45
user_432,P078,view,2023-01-05 07:23:19
user_432,P074,click,2023-01-05 07:28:19
user_432,P042,click,2023-01-05 07:36:31
user_432,P076,view,2023-01-05 07:43:35
user_432,P082,view,2023-01-05 07:43:42
user_432,P095,view,2023-01-05 07:49:07
user_432,P077,add_to_cart,2023-01-05 07:53:17
user_432,P035,click,2023-01-05 07:54:54
user_432,P083,click,2023-01-05 08:04:32
user_432,P013,view,2023-01-05 08:08:33
user_432,P067,add_to_cart,2023-01-05 08:16:37
user_432,P025,view,2023-01-05 08:18:51
user_432,P048,view,2023-01-05 08:25:04
user_432,P019,click,2023-01-05 08:32:07
user_433,P006,view,2023-01-12 18:16:00
user_433,P086,view,2023-01-12 18:24:11
user_433,P065,click,2023-01-12 18:27:48
user_433,P047,add_to_cart,2023-01-12 18:29:51
user_433,P084,view,2023-01-12 18:33:42
user_433,P065,click,2023-01-12 18:41:53
user_433,P063,view,2023-01-12 18:51:20
user_433,P022,view,2023-01-12 18:59:39
user_433,P100,view,2023-01-12 19:08:48
user_434,P030,view,2023-01-17 08:57:00
user_434,P026,view,2023-01-17 09:05:05
user_434,P071,view,2023-01-17 09:14:56
user_434,P031,view,2023-01-17 09:21:01
user_434,P051,view,2023-01-17 09:22:42
user_434,P056,add_to_cart,2023-01-17 09:23:07
user_434,P019,view,2023-01-17 09:31:28
user_434,P085,view,2023-01-17 09:33:31
user_434,P063,view,2023-01-17 09:41:32
user_435,P002,view,2023-01-15 02:10:00
user_435,P041,view,2023-01-15 02:12:41
user_435,P030,view,2023-01-15 02:18:03
user_435,P100,view,2023-01-15 02:21:17
user_435,P049,view,2023-01-15 02:22:13
user_435,P080,view,2023-01-15 02:29:41
user_435,P009,view,2023-01-15 02:36:14
user_435,P020,click,2023-01-15 02:44:17
user_435,P083,add_to_cart,2023-01-15 02:52:46
user_435,P069,view,2023-01-15 02:59:44
user_435,P049,view,2023-01-15 03:04:07
user_435,P001,add_to_cart,2023-01-15 03:09:11
user_435,P052,view,2023-01-15 03:16:33
user_435,P044,view,2023-01-15 03:21:31
user_435,P051,add_to_cart,2023-01-15 03:22:04
user_435,P088,click,2023-01-15 03:25:20
user_435,P099,click,2023-01-15 03:30:02
user_435,P089,click,2023-01-15 03:35:23
user_435,P095,view,2023-01-15 03:41:04
user_435,P039,click,2023-01-15 03:44:53
user_436,P088,view,2023-01-14 20:26:00
user_436,P063,view,2023-01-14 20:34:25
user_436,P021,view,2023-01-14 20:40:28
user_436,P075,click,2023-01-14 20:42:17
user_436,P072,add_to_cart,2023-01-14 20:44:29
user_436,P098,view,2023-01-14 20:53:40
user_436,P076,click,2023-01-14 20:54:50
user_436,P085,view,2023-01-14 21:01:38
user_436,P018,click,2023-01-14 21:04:08
user_436,P076,add_to_cart,2023-01-14 21:12:46
user_436,P026,view,2023-01-14 21:19:28
user_436,P042,view,2023-01-14 21:20:28
user_436,P024,view,2023-01-14 21:27:07
user_436,P002,view,2023-01-14 21:35:37
user_436,P068,click,2023-01-14 21:43:09
user_436,P100,view,2023-01-14 21:51:22
user_436,P093,view,2023-01-14 21:59:16
user_436,P072,view,2023-01-14 22:05:45
user_437,P014,click,2023-01-15 06:28:00
user_437,P049,click,2023-01-15 06:37:02
user_437,P068,view,2023-01-15 06:39:31
user_437,P093,click,2023-01-15 06:41:46
user_437,P001,view,2023-01-15 06:51:16
user_437,P007,view,2023-01-15 06:58:32
user_437,P011,add_to_cart,2023-01-15 07:02:52
user_437,P087,view,2023-01-15 07:03:41
user_437,P061,click,2023-01-15 07:04:35
user_437,P029,add_to_cart,2023-01-15 07:06:59
user_437,P031,add_to_cart,2023-01-15 07:11:39
user_438,P032,click,2023-01-15 11:00:00
user_438,P019,add_to_cart,2023-01-15 11:00:41
user_438,P071,view,2023-01-15 11:01:19
user_438,P053,view,2023-01-15 11:04:55
user_438,P048,view,2023-01-15 11:11:00
user_438,P068,click,2023-01-15 11:14:47
user_438,P083,view,2023-01-15 11:23:40
user_438,P097,click,2023-01-15 11:29:51
user_438,P100,view,2023-01-15 11:32:54
user_438,P034,add_to_cart,2023-01-15 11:42:05
user_438,P038,view,2023-01-15 11:48:51
user_438,P007,view,2023-01-15 11:49:27
user_438,P061,view,2023-01-15 11:58:49
user_438,P054,add_to_cart,2023-01-15 12:03:14
user_438,P074,view,2023-01-15 12:03:40
user_438,P049,view,2023-01-15 12:06:30
user_438,P098,view,2023-01-15 12:15:34
user_439,P079,view,2023-01-13 02:17:00
user_439,P089,view,2023-01-13 02:24:33
user_439,P079,view,2023-01-13 02:25:34
user_439,P042,view,2023-01-13 02:33:21
user_439,P065,add_to_cart,2023-01-13 02:37:35
user_439,P090,view,2023-01-13 02:40:24
user_439,P077,view,2023-01-13 02:41:26
user_439,P023,add_to_cart,2023-01-13 02:45:33
user_439,P009,view,2023-01-13 02:49:16
user_439,P007,view,2023-01-13 02:49:33
user_439,P050,view,2023-01-13 02:53:22
user_439,P056,view,2023-01-13 03:01:49
user_439,P044,view,2023-01-13 03:10:41
user_439,P071,click,2023-01-13 03:14:46
user_439,P019,view,2023-01-13 03:23:40
user_439,P089,view,2023-01-13 03:27:42
user_439,P028,view,2023-01-13 03:37:07
user_439,P041,view,2023-01-13 03:37:43
user_439,P087,view,2023-01-13 03:42:39
user_439,P079,click,2023-01-13 03:46:03
user_439,P092,view,2023-01-13 03:53:34
user_440,P090,view,2023-01-15 14:23:00
user_440,P037,view,2023-01-15 14:32:55
user_440,P063,click,2023-01-15 14:40:38
user_440,P079,view,2023-01-15 14:44:56
user_440,P014,view,2023-01-15 14:50:01
user_440,P084,add_to_cart,2023-01-15 14:55:46
user_440,P087,view,2023-01-15 15:01:50
user_440,P091,view,2023-01-15 15:07:37
user_441,P062,view,2023-01-25 02:51:00
user_441,P075,click,2023-01-25 02:57:56
user_441,P002,view,2023-01-25 03:02:07
user_441,P004,view,2023-01-25 03:04:15
user_441,P034,add_to_cart,2023-01-25 03:06:10
user_441,P032,view,2023-01-25 03:10:37
user_441,P047,add_to_cart,2023-01-25 03:14:01
user_441,P029,view,2023-01-25 03:17:01
user_441,P093,click,2023-01-25 03:21:59
user_441,P011,view,2023-01-25 03:26:59
user_441,P002,view,2023-01-25 03:31:04
user_441,P035,view,2023-01-25 03:40:29
user_441,P068,view,2023-01-25 03:47:29
user_441,P039,view,2023-01-25 03:53:00
user_441,P060,click,2023-01-25 03:53:41
user_442,P024,view,2023-01-05 09:45:00
user_442,P029,view,2023-01-05 09:54:00
user_442,P004,view,2023-01-05 09:56:01
user_442,P042,add_to_cart,2023-01-05 10:00:01
user_442,P004,view,2023-01-05 10:02:10
user_442,P068,view,2023-01-05 10:10:07
user_442,P075,view,2023-01-05 10:17:22
user_442,P006,view,2023-01-05 10:21:14
user_442,P037,view,2023-01-05 10:29:54
user_442,P029,view,2023-01-05 10:30:40
user_442,P044,view,2023-01-05 10:37:40
user_442,P076,view,2023-01-05 10:44:54
user_442,P022,view,2023-01-05 10:50:32
user_442,P063,view,2023-01-05 10:59:13
user_442,P052,view,2023-01-05 11:09:11
user_442,P003,view,2023-01-05 11:17:00
user_442,P028,view,2023-01-05 11:23:55
user_442,P015,click,2023-01-05 11:31:58
user_442,P070,add_to_cart,2023-01-05 11:33:14
user_442,P006,view,2023-01-05 11:38:08
user_442,P066,view,2023-01-05 11:39:32
user_443,P074,view,2023-01-01 17:06:00
user_443,P012,click,2023-01-01 17:10:01
user_443,P090,view,2023-01-01 17:12:00
user_443,P090,add_to_cart,2023-01-01 17:14:10
user_443,P061,click,2023-01-01 17:22:34
user_443,P068,view,2023-01-01 17:25:32
user_443,P077,view,2023-01-01 17:32:01
user_443,P025,view,2023-01-01 17:40:23
user_443,P052,view,2023-01-01 17:42:48
user_443,P044,add_to_cart,2023-01-01 17:50:28
user_443,P076,add_to_cart,2023-01-01 18:00:24
user_443,P075,view,2023-01-01 18:05:44
user_443,P034,view,2023-01-01 18:11:54
user_443,P036,add_to_cart,2023-01-01 18:18:34
user_443,P077,view,2023-01-01 18:23:33
user_443,P031,view,2023-01-01 18:25:08
user_443,P042,view,2023-01-01 18:26:42
user_443,P056,click,2023-01-01 18:32:44
user_443,P014,click,2023-01-01 18:34:56
user_443,P081,click,2023-01-01 18:41:53
user_443,P073,add_to_cart,2023-01-01 18:45:08
user_443,P003,view,2023-01-01 18:52:59
user_443,P043,view,2023-01-01 19:01:08
user_444,P048,add_to_cart,2023-01-16 20:37:00
user_444,P033,view,2023-01-16 20:38:03
user_444,P018,add_to_cart,2023-01-16 20:44:59
user_444,P015,view,2023-01-16 20:46:59
user_444,P062,view,2023-01-16 20:54:20
user_444,P015,view,2023-01-16 20:58:34
user_444,P043,click,2023-01-16 21:04:21
user_444,P059,view,2023-01-16 21:08:25
user_444,P082,view,2023-01-16 21:11:52
user_444,P086,view,2023-01-16 21:13:09
user_444,P075,click,2023-01-16 21:18:31
user_444,P057,view,2023-01-16 21:27:58
user_445,P046,click,2023-01-18 01:32:00
user_445,P078,view,2023-01-18 01:36:11
user_445,P091,view,2023-01-18 01:40:28
user_445,P077,click,2023-01-18 01:50:04
user_445,P007,click,2023-01-18 01:58:48
user_445,P081,add_to_cart,2023-01-18 01:59:50
user_445,P084,add_to_cart,2023-01-18 02:04:44
user_445,P091,click,2023-01-18 02:13:42
user_445,P017,view,2023-01-18 02:15:28
user_445,P010,click,2023-01-18 02:24:18
user_445,P037,add_to_cart,2023-01-18 02:31:08
user_445,P043,view,2023-01-18 02:31:43
user_445,P098,view,2023-01-18 02:39:45
user_445,P068,view,2023-01-18 02:41:40
user_445,P047,click,2023-01-18 02:45:00
user_445,P069,view,2023-01-18 02:47:39
user_446,P094,view,2023-01-12 22:18:00
user_446,P063,view,2023-01-12 22:22:49
user_446,P099,view,2023-01-12 22:23:20
user_446,P056,view,2023-01-12 22:30:29
user_446,P018,view,2023-01-12 22:32:18
user_446,P074,view,2023-01-12 22:33:51
user_446,P080,click,2023-01-12 22:36:09
user_446,P034,view,2023-01-12 22:38:25
user_446,P044,view,2023-01-12 22:40:41
user_446,P066,click,2023-01-12 22:46:21
user_446,P036,view,2023-01-12 22:50:43
user_446,P046,click,2023-01-12 22:53:42
user_446,P088,view,2023-01-12 22:58:51
user_446,P078,add_to_cart,2023-01-12 23:01:44
user_447,P093,view,2023-01-13 04:52:00
user_447,P088,view,2023-01-13 05:01:49
user_447,P058,view,2023-01-13 05:06:06
user_447,P013,view,2023-01-13 05:14:51
user_447,P003,view,2023-01-13 05:21:28
user_447,P025,view,2023-01-13 05:27:44
user_447,P071,add_to_cart,2023-01-13 05:35:48
user_447,P081,view,2023-01-13 05:36:12
user_447,P019,view,2023-01-13 05:42:02
user_447,P003,view,2023-01-13 05:48:14
user_447,P053,click,2023-01-13 05:50:45
user_447,P070,add_to_cart,2023-01-13 05:58:09
user_447,P034,view,2023-01-13 06:07:38
user_447,P100,add_to_cart,2023-01-13 06:14:17
user_447,P096,view,2023-01-13 06:23:42
user_447,P047,view,2023-01-13 06:32:51
user_447,P027,click,2023-01-13 06:36:22
user_447,P093,add_to_cart,2023-01-13 06:45:45
user_447,P015,click,2023-01-13 06:50:07
user_447,P085,view,2023-01-13 06:50:38
user_447,P075,click,2023-01-13 06:53:07
user_447,P033,view,2023-01-13 06:55:12
user_448,P071,view,2023-01-01 14:33:00
user_448,P018,add_to_cart,2023-01-01 14:34:28
user_448,P040,click,2023-01-01 14:40:06
user_448,P091,click,2023-01-01 14:49:39
user_448,P024,view,2023-01-01 14:55:30
user_448,P043,view,2023-01-01 14:57:20
user_448,P088,view,2023-01-01 15:06:28
user_448,P067,view,2023-01-01 15:14:46
user_448,P007,add_to_cart,2023-01-01 15:19:40
user_448,P085,view,2023-01-01 15:24:58
user_448,P047,view,2023-01-01 15:25:47
user_448,P073,click,2023-01-01 15:29:11
user_448,P030,view,2023-01-01 15:33:15
user_448,P005,view,2023-01-01 15:39:18
user_448,P001,view,2023-01-01 15:45:40
user_449,P030,add_to_cart,2023-01-13 15:47:00
user_449,P098,view,2023-01-13 15:55:51
user_449,P002,view,2023-01-13 16:00:38
user_449,P068,click,2023-01-13 16:06:29
user_449,P085,click,2023-01-13 16:12:10
user_449,P078,add_to_cart,2023-01-13 16:19:57
user_449,P030,view,2023-01-13 16:24:54
user_449,P064,click,2023-01-13 16:27:40
user_449,P004,view,2023-01-13 16:32:09
user_449,P033,view,2023-01-13 16:35:52
user_450,P092,view,2023-01-14 12:26:00
user_450,P036,view,2023-01-14 12:29:11
user_450,P008,view,2023-01-14 12:36:30
user_450,P041,view,2023-01-14 12:40:36
user_450,P038,view,2023-01-14 12:42:33
user_450,P079,add_to_cart,2023-01-14 12:43:55
user_450,P018,click,2023-01-14 12:47:15
user_450,P042,view,2023-01-14 12:54:24
user_450,P081,view,2023-01-14 12:59:34
user_450,P071,click,2023-01-14 13:04:42
user_450,P007,view,2023-01-14 13:07:19
user_450,P081,view,2023-01-14 13:10:59
user_450,P012,click,2023-01-14 13:20:06
user_450,P012,view,2023-01-14 13:23:24
user_450,P013,view,2023-01-14 13:24:26
user_450,P035,view,2023-01-14 13:25:19
user_450,P067,view,2023-01-14 13:35:07
user_450,P096,view,2023-01-14 13:43:47
user_450,P075,view,2023-01-14 13:48:53
user_450,P061,view,2023-01-14 13:58:28
user_451,P020,add_to_cart,2023-01-22 12:08:00
user_451,P012,view,2023-01-22 12:16:53
user_451,P005,view,2023-01-22 12:26:36
user_451,P078,click,2023-01-22 12:33:56
user_451,P068,view,2023-01-22 12:34:54
user_451,P041,view,2023-01-22 12:40:42
user_451,P063,view,2023-01-22 12:49:33
user_451,P010,view,2023-01-22 12:56:29
user_451,P007,view,2023-01-22 12:59:14
user_451,P080,add_to_cart,2023-01-22 13:05:39
user_451,P086,view,2023-01-22 13:06:55
user_451,P036,view,2023-01-22 13:11:43
user_451,P040,click,2023-01-22 13:15:06
user_451,P066,view,2023-01-22 13:18:50
user_451,P065,view,2023-01-22 13:20:56
user_451,P087,view,2023-01-22 13:28:01
user_451,P077,view,2023-01-22 13:28:58
user_451,P090,click,2023-01-22 13:29:42
user_452,P085,view,2023-01-10 08:48:00
user_452,P045,view,2023-01-10 08:55:58
user_452,P043,view,2023-01-10 09:01:21
user_452,P089,view,2023-01-10 09:05:14
user_452,P049,view,2023-01-10 09:13:25
user_452,P047,view,2023-01-10 09:21:08
user_452,P052,add_to_cart,2023-01-10 09:27:22
user_452,P034,view,2023-01-10 09:33:18
user_452,P092,view,2023-01-10 09:36:39
user_452,P082,add_to_cart,2023-01-10 09:42:02
user_452,P001,view,2023-01-10 09:49:18
user_453,P078,view,2023-01-24 12:25:00
user_453,P003,add_to_cart,2023-01-24 12:31:58
user_453,P032,view,2023-01-24 12:32:13
user_453,P024,view,2023-01-24 12:41:27
user_453,P056,click,2023-01-24 12:46:33
user_453,P040,view,2023-01-24 12:54:07
user_453,P052,view,2023-01-24 13:00:04
user_453,P089,view,2023-01-24 13:04:31
user_453,P004,view,2023-01-24 13:04:52
user_454,P035,view,2023-01-22 22:51:00
user_454,P044,view,2023-01-22 22:56:21
user_454,P075,add_to_cart,2023-01-22 23:01:28
user_454,P027,click,2023-01-22 23:05:40
user_454,P030,add_to_cart,2023-01-22 23:06:16
user_454,P016,view,2023-01-22 23:07:23
user_454,P009,click,2023-01-22 23:11:38
user_454,P010,add_to_cart,2023-01-22 23:14:41
user_454,P062,view,2023-01-22 23:15:57
user_454,P011,add_to_cart,2023-01-22 23:22:20
user_454,P023,view,2023-01-22 23:28:42
user_454,P076,view,2023-01-22 23:37:36
user_454,P010,view,2023-01-22 23:46:23
user_454,P061,click,2023-01-22 23:56:10
user_454,P012,view,2023-01-23 00:00:43
user_454,P051,click,2023-01-23 00:08:05
user_455,P039,view,2023-01-16 00:33:00
user_455,P051,click,2023-01-16 00:40:57
user_455,P098,click,2023-01-16 00:47:29
user_455,P056,click,2023-01-16 00:50:23
user_455,P001,view,2023-01-16 00:54:47
user_455,P020,view,2023-01-16 01:01:35
user_455,P032,view,2023-01-16 01:10:37
user_455,P012,click,2023-01-16 01:14:57
user_455,P051,click,2023-01-16 01:23:57
user_456,P020,view,2023-01-12 07:15:00
user_456,P078,click,2023-01-12 07:15:19
user_456,P072,click,2023-01-12 07:22:21
user_456,P091,view,2023-01-12 07:25:42
user_456,P095,view,2023-01-12 07:34:50
user_456,P007,view,2023-01-12 07:38:08
user_456,P087,view,2023-01-12 07:45:51
user_456,P072,click,2023-01-12 07:50:56
user_456,P021,view,2023-01-12 07:59:16
user_456,P011,view,2023-01-12 08:07:01
user_456,P079,view,2023-01-12 08:11:57
user_456,P051,view,2023-01-12 08:15:05
user_456,P031,view,2023-01-12 08:19:31
user_456,P017,view,2023-01-12 08:26:39
user_456,P005,click,2023-01-12 08:35:27
user_456,P020,click,2023-01-12 08:38:20
user_456,P070,view,2023-01-12 08:43:36
user_456,P003,view,2023-01-12 08:50:15
user_456,P090,view,2023-01-12 08:52:32
user_456,P028,view,2023-01-12 08:57:23
user_456,P043,view,2023-01-12 09:01:14
user_457,P091,view,2023-01-29 09:32:00
user_457,P013,view,2023-01-29 09:38:42
user_457,P087,view,2023-01-29 09:39:20
user_457,P043,view,2023-01-29 09:40:13
user_457,P098,view,2023-01-29 09:46:27
user_457,P047,view,2023-01-29 09:56:21
user_457,P029,view,2023-01-29 10:06:08
user_457,P024,view,2023-01-29 10:10:51
user_457,P061,view,2023-01-29 10:11:05
user_457,P093,view,2023-01-29 10:14:33
user_457,P037,view,2023-01-29 10:15:03
user_457,P017,view,2023-01-29 10:19:31
user_457,P078,view,2023-01-29 10:27:25
user_457,P082,view,2023-01-29 10:32:55
user_457,P038,view,2023-01-29 10:35:44
user_457,P066,view,2023-01-29 10:39:06
user_457,P030,click,2023-01-29 10:41:19
user_457,P039,view,2023-01-29 10:41:24
user_458,P086,view,2023-01-07 01:21:00
user_458,P027,add_to_cart,2023-01-07 01:21:44
user_458,P069,view,2023-01-07 01:30:24
user_458,P030,view,2023-01-07 01:36:02
user_458,P027,view,2023-01-07 01:44:50
user_458,P055,view,2023-01-07 01:50:13
user_458,P056,view,2023-01-07 01:50:31
user_458,P092,view,2023-01-07 01:53:54
user_458,P018,view,2023-01-07 01:58:50
user_458,P023,click,2023-01-07 02:00:46
user_458,P096,view,2023-01-07 02:03:12
user_458,P043,view,2023-01-07 02:12:16
user_458,P095,add_to_cart,2023-01-07 02:14:00
user_458,P007,add_to_cart,2023-01-07 02:18:56
user_458,P096,view,2023-01-07 02:27:26
user_458,P099,click,2023-01-07 02:35:14
user_458,P084,add_to_cart,2023-01-07 02:40:27
user_458,P032,view,2023-01-07 02:43:54
user_458,P095,view,2023-01-07 02:45:45
user_458,P073,view,2023-01-07 02:55:25
user_458,P037,view,2023-01-07 03:00:20
user_458,P053,view,2023-01-07 03:06:49
user_458,P061,view,2023-01-07 03:13:02
user_459,P074,click,2023-01-08 09:22:00
user_459,P033,add_to_cart,2023-01-08 09:26:45
user_459,P097,view,2023-01-08 09:33:20
user_459,P096,view,2023-01-08 09:40:34
user_459,P017,view,2023-01-08 09:42:39
user_459,P062,view,2023-01-08 09:49:19
user_459,P085,click,2023-01-08 09:54:00
user_459,P015,view,2023-01-08 09:54:25
user_459,P023,view,2023-01-08 10:02:15
user_459,P055,view,2023-01-08 10:07:29
user_459,P039,add_to_cart,2023-01-08 10:08:39
user_459,P032,view,2023-01-08 10:11:30
user_459,P025,click,2023-01-08 10:18:27
user_459,P002,view,2023-01-08 10:21:45
user_459,P029,add_to_cart,2023-01-08 10:31:36
user_460,P017,view,2023-01-09 22:13:00
user_460,P016,view,2023-01-09 22:14:25
user_460,P012,view,2023-01-09 22:19:16
user_460,P025,view,2023-01-09 22:28:04
user_460,P083,view,2023-01-09 22:35:54
user_460,P069,view,2023-01-09 22:44:01
user_460,P037,view,2023-01-09 22:44:32
user_460,P062,view,2023-01-09 22:53:41
user_460,P041,view,2023-01-09 22:58:31
user_460,P060,click,2023-01-09 22:59:41
user_460,P100,add_to_cart,2023-01-09 23:03:34
user_460,P045,view,2023-01-09 23:07:19
user_460,P083,view,2023-01-09 23:15:47
user_460,P006,view,2023-01-09 23:25:26
user_460,P063,view,2023-01-09 23:29:47
user_460,P053,view,2023-01-09 23:36:48
user_460,P078,view,2023-01-09 23:42:00
user_460,P094,add_to_cart,2023-01-09 23:42:57
user_460,P007,click,2023-01-09 23:50:42
user_460,P078,view,2023-01-09 23:53:03
user_460,P011,view,2023-01-09 23:57:23
user_460,P008,view,2023-01-09 23:59:54
user_460,P063,view,2023-01-10 00:09:29
user_460,P003,view,2023-01-10 00:16:52
user_461,P079,view,2023-01-05 11:15:00
user_461,P046,view,2023-01-05 11:19:02
user_461,P050,view,2023-01-05 11:20:55
user_461,P027,view,2023-01-05 11:30:26
user_461,P081,view,2023-01-05 11:36:09
user_461,P066,view,2023-01-05 11:44:50
user_461,P075,add_to_cart,2023-01-05 11:47:44
user_461,P014,add_to_cart,2023-01-05 11:56:27
user_462,P069,view,2023-01-09 01:00:00
user_462,P048,view,2023-01-09 01:01:51
user_462,P093,view,2023-01-09 01:02:42
user_462,P011,view,2023-01-09 01:02:52
user_462,P056,view,2023-01-09 01:07:28
user_462,P038,view,2023-01-09 01:13:11
user_462,P003,view,2023-01-09 01:18:46
user_462,P079,click,2023-01-09 01:26:08
user_462,P095,view,2023-01-09 01:33:58
user_462,P099,view,2023-01-09 01:37:32
user_462,P018,view,2023-01-09 01:44:36
user_462,P039,view,2023-01-09 01:45:24
user_462,P062,add_to_cart,2023-01-09 01:52:53
user_462,P035,view,2023-01-09 01:59:49
user_462,P043,view,2023-01-09 02:02:04
user_462,P023,add_to_cart,2023-01-09 02:02:44
user_462,P055,view,2023-01-09 02:07:54
user_463,P051,view,2023-01-09 02:08:00
user_463,P077,view,2023-01-09 02:12:05
user_463,P064,view,2023-01-09 02:19:41
user_463,P011,click,2023-01-09 02:24:27
user_463,P004,view,2023-01-09 02:26:30
user_463,P005,click,2023-01-09 02:30:13
user_463,P026,click,2023-01-09 02:38:03
user_463,P058,click,2023-01-09 02:46:29
user_463,P048,view,2023-01-09 02:53:39
user_463,P067,view,2023-01-09 03:00:55
user_464,P021,view,2023-01-04 11:38:00
user_464,P083,click,2023-01-04 11:44:35
user_464,P017,click,2023-01-04 11:48:28
user_464,P012,view,2023-01-04 11:50:25
user_464,P011,view,2023-01-04 11:53:22
user_464,P026,view,2023-01-04 11:56:51
user_464,P006,view,2023-01-04 12:01:33
user_464,P035,click,2023-01-04 12:03:00
user_464,P008,view,2023-01-04 12:12:13
user_464,P067,view,2023-01-04 12:16:19
user_464,P091,view,2023-01-04 12:18:20
user_464,P080,add_to_cart,2023-01-04 12:23:16
user_464,P076,view,2023-01-04 12:29:48
user_464,P095,view,2023-01-04 12:30:18
user_464,P029,click,2023-01-04 12:32:30
user_464,P004,click,2023-01-04 12:41:42
user_464,P088,view,2023-01-04 12:48:47
user_464,P091,view,2023-01-04 12:49:42
user_464,P081,click,2023-01-04 12:56:31
user_464,P012,view,2023-01-04 13:02:41
user_465,P032,view,2023-01-13 20:54:00
user_465,P055,add_to_cart,2023-01-13 21:01:59
user_465,P051,click,2023-01-13 21:05:58
user_465,P097,view,2023-01-13 21:13:27
user_465,P014,view,2023-01-13 21:18:06
user_465,P056,click,2023-01-13 21:27:43
user_465,P065,view,2023-01-13 21:28:21
user_465,P087,add_to_cart,2023-01-13 21:36:22
user_465,P066,view,2023-01-13 21:37:47
user_465,P054,view,2023-01-13 21:41:01
user_465,P042,view,2023-01-13 21:47:37
user_466,P002,view,2023-01-23 07:37:00
user_466,P002,click,2023-01-23 07:41:39
user_466,P083,view,2023-01-23 07:42:45
user_466,P014,view,2023-01-23 07:45:19
user_466,P045,add_to_cart,2023-01-23 07:46:28
user_466,P033,click,2023-01-23 07:53:42
user_466,P022,view,2023-01-23 07:59:47
user_466,P075,add_to_cart,2023-01-23 08:02:40
user_466,P076,view,2023-01-23 08:04:56
user_466,P026,view,2023-01-23 08:09:13
user_466,P072,view,2023-01-23 08:18:41
user_466,P051,view,2023-01-23 08:27:33
user_466,P056,view,2023-01-23 08:30:32
user_466,P056,view,2023-01-23 08:31:54
user_467,P061,view,2023-01-21 08:59:00
user_467,P032,view,2023-01-21 09:05:26
user_467,P003,view,2023-01-21 09:09:51
user_467,P072,view,2023-01-21 09:11:29
user_467,P059,view,2023-01-21 09:19:14
user_467,P097,add_to_cart,2023-01-21 09:27:32
user_467,P023,view,2023-01-21 09:30:55
user_467,P040,view,2023-01-21 09:32:18
user_467,P016,view,2023-01-21 09:41:23
user_467,P047,view,2023-01-21 09:41:37
user_467,P042,add_to_cart,2023-01-21 09:50:25
user_467,P014,view,2023-01-21 09:50:35
user_467,P058,view,2023-01-21 09:53:34
user_467,P065,view,2023-01-21 10:03:07
user_467,P035,view,2023-01-21 10:12:01
user_467,P038,view,2023-01-21 10:15:58
user_467,P057,click,2023-01-21 10:25:00
user_467,P030,view,2023-01-21 10:29:45
user_467,P011,click,2023-01-21 10:34:32
user_467,P088,add_to_cart,2023-01-21 10:43:19
user_467,P015,view,2023-01-21 10:45:19
user_467,P024,add_to_cart,2023-01-21 10:46:02
user_467,P084,view,2023-01-21 10:48:56
user_468,P063,view,2023-01-15 11:36:00
user_468,P049,view,2023-01-15 11:43:59
user_468,P057,view,2023-01-15 11:45:03
user_468,P010,view,2023-01-15 11:46:20
user_468,P089,view,2023-01-15 11:54:25
user_468,P069,click,2023-01-15 11:59:53
user_468,P072,view,2023-01-15 12:03:14
user_468,P012,click,2023-01-15 12:05:16
user_468,P082,add_to_cart,2023-01-15 12:13:02
user_468,P033,click,2023-01-15 12:17:00
user_468,P025,view,2023-01-15 12:23:09
user_468,P085,add_to_cart,2023-01-15 12:32:20
user_469,P085,view,2023-01-11 18:21:00
user_469,P048,view,2023-01-11 18:24:14
user_469,P063,view,2023-01-11 18:32:16
user_469,P033,view,2023-01-11 18:36:17
user_469,P002,view,2023-01-11 18:42:40
user_469,P043,view,2023-01-11 18:52:13
user_469,P086,view,2023-01-11 18:56:56
user_469,P078,view,2023-01-11 19:06:03
user_469,P047,click,2023-01-11 19:06:18
user_469,P072,view,2023-01-11 19:13:40
user_469,P048,add_to_cart,2023-01-11 19:20:51
user_469,P007,click,2023-01-11 19:27:24
user_469,P002,click,2023-01-11 19:33:01
user_469,P042,view,2023-01-11 19:40:10
user_469,P087,view,2023-01-11 19:46:11
user_469,P094,view,2023-01-11 19:55:34
user_469,P034,view,2023-01-11 20:03:13
user_469,P033,add_to_cart,2023-01-11 20:03:59
user_469,P059,view,2023-01-11 20:11:45
user_470,P099,click,2023-01-03 14:55:00
user_470,P023,view,2023-01-03 14:56:27
user_470,P007,view,2023-01-03 14:58:14
user_470,P091,click,2023-01-03 15:02:34
user_470,P058,view,2023-01-03 15:11:33
user_470,P060,view,2023-01-03 15:17:50
user_470,P002,view,2023-01-03 15:21:09
user_470,P036,view,2023-01-03 15:27:13
user_470,P022,click,2023-01-03 15:35:02
user_470,P095,click,2023-01-03 15:43:27
user_470,P063,view,2023-01-03 15:49:01
user_470,P011,click,2023-01-03 15:55:29
user_470,P045,add_to_cart,2023-01-03 16:05:01
user_470,P089,view,2023-01-03 16:08:29
user_470,P022,view,2023-01-03 16:12:59
user_470,P085,view,2023-01-03 16:14:39
user_470,P038,view,2023-01-03 16:24:27
user_470,P092,view,2023-01-03 16:33:31
user_470,P089,view,2023-01-03 16:37:23
user_471,P076,view,2023-01-29 13:50:00
user_471,P062,click,2023-01-29 13:59:07
user_471,P006,view,2023-01-29 14:00:41
user_471,P002,view,2023-01-29 14:02:20
user_471,P051,view,2023-01-29 14:08:30
user_471,P100,click,2023-01-29 14:15:21
user_471,P062,click,2023-01-29 14:16:42
user_471,P015,view,2023-01-29 14:24:30
user_471,P085,click,2023-01-29 14:32:21
user_471,P093,add_to_cart,2023-01-29 14:36:55
user_471,P018,view,2023-01-29 14:39:56
user_471,P064,click,2023-01-29 14:40:27
user_472,P020,click,2023-01-21 21:51:00
user_472,P084,view,2023-01-21 21:58:34
user_472,P037,add_to_cart,2023-01-21 22:00:07
user_472,P024,view,2023-01-21 22:08:38
user_472,P095,view,2023-01-21 22:16:56
user_472,P053,add_to_cart,2023-01-21 22:26:03
user_472,P044,view,2023-01-21 22:31:35
user_472,P063,view,2023-01-21 22:40:32
user_472,P017,click,2023-01-21 22:48:43
user_472,P092,add_to_cart,2023-01-21 22:51:13
user_472,P016,click,2023-01-21 23:00:04
user_472,P063,view,2023-01-21 23:01:43
user_472,P087,view,2023-01-21 23:06:09
user_472,P019,view,2023-01-21 23:15:43
user_472,P032,view,2023-01-21 23:22:06
user_472,P037,view,2023-01-21 23:22:59
user_473,P001,view,2023-01-13 18:33:00
user_473,P044,view,2023-01-13 18:38:51
user_473,P030,add_to_cart,2023-01-13 18:41:12
user_473,P031,click,2023-01-13 18:49:04
user_473,P050,view,2023-01-13 18:56:59
user_473,P082,view,2023-01-13 18:57:04
user_473,P053,view,2023-01-13 18:58:12
user_473,P072,view,2023-01-13 19:03:18
user_473,P055,click,2023-01-13 19:04:35
user_474,P040,view,2023-01-13 11:21:00
user_474,P011,view,2023-01-13 11:23:21
user_474,P058,add_to_cart,2023-01-13 11:32:40
user_474,P099,view,2023-01-13 11:33:20
user_474,P065,view,2023-01-13 11:35:35
user_474,P058,view,2023-01-13 11:38:45
user_474,P029,view,2023-01-13 11:44:41
user_474,P070,view,2023-01-13 11:45:21
user_474,P006,view,2023-01-13 11:47:00
user_474,P027,view,2023-01-13 11:52:04
user_474,P042,view,2023-01-13 12:01:32
user_474,P039,add_to_cart,2023-01-13 12:11:22
user_474,P011,add_to_cart,2023-01-13 12:13:46
user_475,P088,view,2023-01-08 21:19:00
user_475,P032,view,2023-01-08 21:27:52
user_475,P016,click,2023-01-08 21:35:36
user_475,P012,click,2023-01-08 21:41:05
user_475,P072,click,2023-01-08 21:41:26
user_475,P010,view,2023-01-08 21:43:04
user_475,P016,view,2023-01-08 21:51:56
user_475,P028,view,2023-01-08 21:59:50
user_475,P068,view,2023-01-08 22:07:58
user_475,P040,click,2023-01-08 22:09:17
user_475,P018,view,2023-01-08 22:10:23
user_476,P027,view,2023-01-10 19:39:00
user_476,P033,view,2023-01-10 19:45:15
user_476,P012,click,2023-01-10 19:48:17
user_476,P003,view,2023-01-10 19:55:57
user_476,P004,click,2023-01-10 20:05:31
user_476,P036,view,2023-01-10 20:10:57
user_476,P072,view,2023-01-10 20:15:57
user_476,P036,view,2023-01-10 20:24:51
user_476,P064,view,2023-01-10 20:33:28
user_476,P075,click,2023-01-10 20:40:32
user_476,P024,click,2023-01-10 20:40:53
user_476,P095,click,2023-01-10 20:45:00
user_476,P051,view,2023-01-10 20:52:57
user_476,P066,view,2023-01-10 20:57:31
user_476,P072,click,2023-01-10 21:05:03
user_476,P090,view,2023-01-10 21:05:56
user_476,P070,add_to_cart,2023-01-10 21:08:30
user_476,P066,view,2023-01-10 21:12:54
user_476,P039,view,2023-01-10 21:22:05
user_477,P032,view,2023-01-06 06:33:00
user_477,P060,click,2023-01-06 06:39:12
user_477,P085,add_to_cart,2023-01-06 06:48:48
user_477,P002,view,2023-01-06 06:51:44
user_477,P073,add_to_cart,2023-01-06 07:01:06
user_477,P009,add_to_cart,2023-01-06 07:06:47
user_477,P074,add_to_cart,2023-01-06 07:08:15
user_477,P032,view,2023-01-06 07:16:20
user_477,P048,click,2023-01-06 07:21:44
user_477,P023,view,2023-01-06 07:23:42
user_477,P044,view,2023-01-06 07:28:56
user_477,P009,view,2023-01-06 07:38:09
user_477,P060,view,2023-01-06 07:46:29
user_477,P002,view,2023-01-06 07:52:57
user_477,P057,add_to_cart,2023-01-06 07:57:17
user_478,P063,click,2023-01-14 22:24:00
user_478,P031,add_to_cart,2023-01-14 22:29:54
user_478,P072,add_to_cart,2023-01-14 22:32:31
user_478,P050,click,2023-01-14 22:36:51
user_478,P034,view,2023-01-14 22:45:23
user_478,P097,view,2023-01-14 22:46:42
user_478,P037,view,2023-01-14 22:49:44
user_478,P081,view,2023-01-14 22:49:49
user_478,P026,click,2023-01-14 22:53:21
user_478,P051,view,2023-01-14 22:58:40
user_478,P094,view,2023-01-14 23:07:24
user_478,P007,view,2023-01-14 23:15:38
user_478,P050,view,2023-01-14 23:24:16
user_478,P091,click,2023-01-14 23:24:27
user_478,P078,add_to_cart,2023-01-14 23:25:28
user_478,P058,view,2023-01-14 23:26:02
user_478,P010,view,2023-01-14 23:27:02
user_478,P087,view,2023-01-14 23:33:10
user_479,P013,view,2023-01-01 23:00:00
user_479,P093,add_to_cart,2023-01-01 23:02:24
user_479,P041,click,2023-01-01 23:04:03
user_479,P041,view,2023-01-01 23:06:37
user_479,P014,view,2023-01-01 23:10:38
user_479,P009,view,2023-01-01 23:17:56
user_479,P010,click,2023-01-01 23:25:55
user_479,P009,view,2023-01-01 23:26:10
user_479,P020,view,2023-01-01 23:36:09
user_479,P005,view,2023-01-01 23:41:58
user_479,P091,add_to_cart,2023-01-01 23:47:13
user_480,P081,view,2023-01-04 21:55:00
user_480,P066,view,2023-01-04 21:57:21
user_480,P051,view,2023-01-04 22:01:01
user_480,P078,click,2023-01-04 22:07:03
user_480,P086,add_to_cart,2023-01-04 22:08:29
user_480,P096,view,2023-01-04 22:18:11
user_480,P009,view,2023-01-04 22:27:52
user_480,P058,view,2023-01-04 22:33:53
user_480,P063,view,2023-01-04 22:36:28
user_480,P010,view,2023-01-04 22:37:31
user_480,P090,view,2023-01-04 22:43:31
user_480,P017,add_to_cart,2023-01-04 22:49:08
user_480,P035,add_to_cart,2023-01-04 22:49:35
user_480,P079,click,2023-01-04 22:58:20
user_480,P075,view,2023-01-04 23:05:07
user_480,P027,view,2023-01-04 23:13:29
user_480,P012,view,2023-01-04 23:16:41
user_480,P077,click,2023-01-04 23:18:17
user_480,P019,click,2023-01-04 23:19:49
user_480,P039,view,2023-01-04 23:24:06
user_480,P032,view,2023-01-04 23:25:04
user_480,P052,click,2023-01-04 23:28:49
user_480,P070,view,2023-01-04 23:29:28
user_481,P028,view,2023-01-10 02:22:00
user_481,P025,add_to_cart,2023-01-10 02:27:00
user_481,P071,click,2023-01-10 02:28:13
user_481,P022,view,2023-01-10 02:37:54
user_481,P058,view,2023-01-10 02:45:30
user_481,P097,view,2023-01-10 02:53:16
user_481,P096,view,2023-01-10 02:56:43
user_481,P033,view,2023-01-10 02:57:13
user_481,P069,view,2023-01-10 02:57:59
user_481,P072,view,2023-01-10 02:58:28
user_481,P058,add_to_cart,2023-01-10 03:03:00
user_481,P059,view,2023-01-10 03:09:08
user_481,P050,view,2023-01-10 03:18:49
user_481,P089,add_to_cart,2023-01-10 03:22:13
user_481,P100,add_to_cart,2023-01-10 03:28:15
user_481,P046,view,2023-01-10 03:33:18
user_481,P045,view,2023-01-10 03:37:36
user_481,P096,view,2023-01-10 03:47:07
user_481,P002,view,2023-01-10 03:52:42
user_481,P046,add_to_cart,2023-01-10 03:53:48
user_481,P031,view,2023-01-10 03:57:27
user_481,P045,view,2023-01-10 03:59:37
user_481,P029,view,2023-01-10 04:02:58
user_481,P007,view,2023-01-10 04:03:56
user_482,P030,add_to_cart,2023-01-10 20:03:00
user_482,P005,view,2023-01-10 20:07:59
user_482,P022,click,2023-01-10 20:10:39
user_482,P060,click,2023-01-10 20:19:57
user_482,P074,view,2023-01-10 20:27:36
user_482,P096,view,2023-01-10 20:30:47
user_482,P084,view,2023-01-10 20:36:59
user_482,P031,view,2023-01-10 20:46:52
user_482,P088,view,2023-01-10 20:49:41
user_482,P070,add_to_cart,2023-01-10 20:50:36
user_482,P046,view,2023-01-10 20:54:23
user_483,P051,view,2023-01-17 20:31:00
user_483,P065,view,2023-01-17 20:32:09
user_483,P036,view,2023-01-17 20:32:31
user_483,P001,view,2023-01-17 20:42:10
user_483,P009,view,2023-01-17 20:49:35
user_483,P090,view,2023-01-17 20:55:27
user_483,P003,view,2023-01-17 20:58:26
user_483,P056,click,2023-01-17 21:03:23
user_483,P012,view,2023-01-17 21:07:11
user_483,P026,view,2023-01-17 21:15:44
user_483,P090,click,2023-01-17 21:24:08
user_483,P049,view,2023-01-17 21:25:24
user_483,P015,click,2023-01-17 21:29:51
user_483,P072,add_to_cart,2023-01-17 21:36:55
user_483,P062,view,2023-01-17 21:45:22
user_483,P061,view,2023-01-17 21:47:11
user_484,P086,add_to_cart,2023-01-03 09:54:00
user_484,P100,view,2023-01-03 10:01:07
user_484,P015,view,2023-01-03 10:03:03
user_484,P082,view,2023-01-03 10:04:49
user_484,P031,view,2023-01-03 10:05:15
user_484,P016,view,2023-01-03 10:11:02
user_484,P082,click,2023-01-03 10:13:29
user_484,P013,view,2023-01-03 10:22:29
user_484,P049,view,2023-01-03 10:27:25
user_484,P006,view,2023-01-03 10:30:20
user_484,P030,view,2023-01-03 10:39:10
user_484,P066,view,2023-01-03 10:46:32
user_484,P060,click,2023-01-03 10:48:00
user_484,P074,view,2023-01-03 10:56:20
user_484,P001,view,2023-01-03 10:58:04
user_484,P015,view,2023-01-03 11:06:05
user_484,P050,click,2023-01-03 11:06:31
user_484,P051,view,2023-01-03 11:12:04
user_484,P091,view,2023-01-03 11:17:47
user_485,P085,view,2023-01-17 17:29:00
user_485,P073,view,2023-01-17 17:38:10
user_485,P047,add_to_cart,2023-01-17 17:48:02
user_485,P050,add_to_cart,2023-01-17 17:50:20
user_485,P012,view,2023-01-17 17:59:59
user_485,P001,add_to_cart,2023-01-17 18:08:35
user_485,P052,view,2023-01-17 18:16:08
user_485,P045,add_to_cart,2023-01-17 18:21:18
user_485,P056,add_to_cart,2023-01-17 18:29:10
user_485,P028,view,2023-01-17 18:29:47
user_485,P056,add_to_cart,2023-01-17 18:31:45
user_485,P073,view,2023-01-17 18:37:41
user_485,P029,view,2023-01-17 18:41:01
user_485,P009,view,2023-01-17 18:42:28
user_485,P055,view,2023-01-17 18:47:38
user_485,P004,view,2023-01-17 18:56:51
user_485,P012,view,2023-01-17 19:04:04
user_485,P014,click,2023-01-17 19:05:28
user_485,P058,add_to_cart,2023-01-17 19:06:37
user_485,P073,click,2023-01-17 19:11:01
user_485,P046,view,2023-01-17 19:19:24
user_485,P094,view,2023-01-17 19:28:30
user_486,P044,view,2023-01-01 21:46:00
user_486,P091,click,2023-01-01 21:52:54
user_486,P007,view,2023-01-01 22:01:46
user_486,P095,click,2023-01-01 22:03:19
user_486,P078,click,2023-01-01 22:09:24
user_486,P012,view,2023-01-01 22:17:03
user_486,P083,add_to_cart,2023-01-01 22:26:25
user_486,P071,click,2023-01-01 22:33:53
user_486,P008,view,2023-01-01 22:34:29
user_486,P020,view,2023-01-01 22:42:12
user_486,P084,view,2023-01-01 22:42:22
user_486,P029,view,2023-01-01 22:44:14
user_486,P034,view,2023-01-01 22:49:58
user_486,P015,view,2023-01-01 22:50:35
user_486,P005,view,2023-01-01 22:54:16
user_486,P080,view,2023-01-01 22:55:14
user_486,P055,view,2023-01-01 22:57:49
user_486,P093,click,2023-01-01 22:58:28
user_486,P054,view,2023-01-01 23:01:49
user_486,P082,view,2023-01-01 23:10:27
user_486,P046,view,2023-01-01 23:19:08
user_486,P090,view,2023-01-01 23:19:56
user_486,P012,view,2023-01-01 23:29:28
user_486,P033,view,2023-01-01 23:35:49
user_487,P026,view,2023-01-22 03:35:00
user_487,P014,view,2023-01-22 03:42:06
user_487,P007,view,2023-01-22 03:47:08
user_487,P076,view,2023-01-22 03:53:26
user_487,P073,view,2023-01-22 03:59:09
user_487,P042,view,2023-01-22 04:07:26
user_487,P028,view,2023-01-22 04:17:12
user_487,P051,view,2023-01-22 04:22:12
user_487,P005,add_to_cart,2023-01-22 04:25:33
user_487,P055,view,2023-01-22 04:35:10
user_487,P029,view,2023-01-22 04:35:23
user_488,P049,view,2023-01-30 09:36:00
user_488,P033,view,2023-01-30 09:43:50
user_488,P100,view,2023-01-30 09:45:26
user_488,P087,view,2023-01-30 09:53:35
user_488,P075,view,2023-01-30 09:55:43
user_488,P068,view,2023-01-30 10:03:30
user_488,P087,click,2023-01-30 10:12:16
user_488,P058,add_to_cart,2023-01-30 10:16:24
user_488,P064,add_to_cart,2023-01-30 10:24:39
user_488,P008,view,2023-01-30 10:26:40
user_488,P027,view,2023-01-30 10:35:29
user_488,P002,click,2023-01-30 10:37:18
user_488,P017,view,2023-01-30 10:39:30
user_488,P045,view,2023-01-30 10:48:23
user_488,P064,add_to_cart,2023-01-30 10:54:27
user_489,P076,click,2023-01-21 10:22:00
user_489,P027,view,2023-01-21 10:24:41
user_489,P041,view,2023-01-21 10:30:48
user_489,P021,click,2023-01-21 10:37:31
user_489,P007,view,2023-01-21 10:40:52
user_489,P015,view,2023-01-21 10:47:13
user_489,P071,click,2023-01-21 10:55:54
user_489,P072,click,2023-01-21 11:02:54
user_489,P065,add_to_cart,2023-01-21 11:08:29
user_489,P038,click,2023-01-21 11:14:12
user_489,P071,click,2023-01-21 11:19:28
user_489,P027,add_to_cart,2023-01-21 11:28:26
user_489,P039,view,2023-01-21 11:33:24
user_489,P061,view,2023-01-21 11:40:58
user_489,P084,click,2023-01-21 11:47:32
user_489,P081,view,2023-01-21 11:56:31
user_489,P068,view,2023-01-21 11:58:56
user_489,P086,view,2023-01-21 12:01:33
user_489,P017,view,2023-01-21 12:06:54
user_489,P069,view,2023-01-21 12:12:43
user_489,P056,view,2023-01-21 12:16:15
user_489,P068,click,2023-01-21 12:17:55
user_489,P008,view,2023-01-21 12:24:12
user_489,P009,view,2023-01-21 12:29:49
user_490,P073,view,2023-01-07 18:23:00
user_490,P035,view,2023-01-07 18:29:39
user_490,P071,add_to_cart,2023-01-07 18:34:16
user_490,P093,view,2023-01-07 18:37:47
user_490,P037,view,2023-01-07 18:46:47
user_490,P099,click,2023-01-07 18:51:18
user_490,P027,view,2023-01-07 19:00:49
user_490,P060,click,2023-01-07 19:09:16
user_490,P085,view,2023-01-07 19:11:48
user_490,P042,add_to_cart,2023-01-07 19:13:15
user_490,P028,view,2023-01-07 19:20:52
user_490,P005,add_to_cart,2023-01-07 19:28:50
user_491,P053,view,2023-01-15 16:03:00
user_491,P086,view,2023-01-15 16:04:04
user_491,P031,click,2023-01-15 16:07:10
user_491,P007,view,2023-01-15 16:14:28
user_491,P010,view,2023-01-15 16:15:00
user_491,P043,add_to_cart,2023-01-15 16:21:27
user_491,P099,view,2023-01-15 16:24:44
user_491,P093,click,2023-01-15 16:30:15
user_491,P004,view,2023-01-15 16:37:01
user_491,P058,view,2023-01-15 16:40:04
user_491,P067,view,2023-01-15 16:47:51
user_491,P030,view,2023-01-15 16:57:01
user_492,P071,add_to_cart,2023-01-12 22:24:00
user_492,P084,view,2023-01-12 22:29:31
user_492,P043,view,2023-01-12 22:32:32
user_492,P081,add_to_cart,2023-01-12 22:39:34
user_492,P001,view,2023-01-12 22:46:56
user_492,P015,click,2023-01-12 22:52:11
user_492,P023,view,2023-01-12 22:56:46
user_492,P046,view,2023-01-12 22:57:56
user_492,P066,click,2023-01-12 23:00:17
user_492,P072,view,2023-01-12 23:08:30
user_492,P029,add_to_cart,2023-01-12 23:17:50
user_492,P078,view,2023-01-12 23:18:10
user_492,P061,click,2023-01-12 23:26:38
user_492,P041,click,2023-01-12 23:36:06
user_492,P027,click,2023-01-12 23:43:00
user_493,P099,add_to_cart,2023-01-11 15:11:00
user_493,P091,click,2023-01-11 15:14:29
user_493,P021,view,2023-01-11 15:18:49
user_493,P028,add_to_cart,2023-01-11 15:23:30
user_493,P079,view,2023-01-11 15:28:04
user_493,P071,view,2023-01-11 15:35:15
user_493,P001,click,2023-01-11 15:44:04
user_493,P013,view,2023-01-11 15:46:50
user_493,P087,view,2023-01-11 15:56:17
user_493,P028,click,2023-01-11 16:02:38
user_493,P055,view,2023-01-11 16:06:02
user_493,P093,click,2023-01-11 16:09:42
user_493,P014,view,2023-01-11 16:19:40
user_493,P003,add_to_cart,2023-01-11 16:20:25
user_493,P018,view,2023-01-11 16:27:16
user_493,P074,click,2023-01-11 16:35:48
user_493,P008,add_to_cart,2023-01-11 16:38:41
user_493,P009,view,2023-01-11 16:42:11
user_493,P048,view,2023-01-11 16:48:01
user_493,P095,click,2023-01-11 16:49:32
user_493,P018,view,2023-01-11 16:57:06
user_493,P078,view,2023-01-11 16:57:12
user_493,P039,click,2023-01-11 16:58:54
user_494,P075,view,2023-01-27 06:44:00
user_494,P028,view,2023-01-27 06:49:09
user_494,P036,view,2023-01-27 06:56:39
user_494,P080,view,2023-01-27 07:03:00
user_494,P034,click,2023-01-27 07:10:25
user_494,P004,view,2023-01-27 07:18:03
user_494,P011,add_to_cart,2023-01-27 07:26:03
user_494,P035,view,2023-01-27 07:28:09
user_494,P011,view,2023-01-27 07:36:20
user_494,P068,view,2023-01-27 07:37:41
user_494,P002,view,2023-01-27 07:47:16
user_494,P077,view,2023-01-27 07:54:06
user_494,P097,view,2023-01-27 07:57:50
user_494,P075,view,2023-01-27 08:06:21
user_494,P037,view,2023-01-27 08:12:04
user_494,P012,click,2023-01-27 08:15:46
user_494,P094,add_to_cart,2023-01-27 08:23:01
user_494,P013,view,2023-01-27 08:29:14
user_494,P080,view,2023-01-27 08:31:39
user_494,P019,view,2023-01-27 08:39:19
user_494,P099,view,2023-01-27 08:44:11
user_494,P014,view,2023-01-27 08:47:45
user_494,P032,view,2023-01-27 08:48:38
user_494,P060,view,2023-01-27 08:48:53
user_495,P064,click,2023-01-05 11:32:00
user_495,P074,view,2023-01-05 11:37:31
user_495,P021,click,2023-01-05 11:43:30
user_495,P046,view,2023-01-05 11:49:02
user_495,P041,add_to_cart,2023-01-05 11:58:51
user_495,P084,view,2023-01-05 11:59:48
user_495,P085,add_to_cart,2023-01-05 12:08:16
user_495,P071,add_to_cart,2023-01-05 12:12:13
user_495,P076,view,2023-01-05 12:12:25
user_495,P006,view,2023-01-05 12:14:02
user_495,P046,view,2023-01-05 12:19:57
user_495,P095,view,2023-01-05 12:20:19
user_495,P037,view,2023-01-05 12:27:38
user_495,P030,view,2023-01-05 12:28:50
user_495,P030,click,2023-01-05 12:31:38
user_495,P048,click,2023-01-05 12:36:21
user_495,P042,view,2023-01-05 12:40:48
user_495,P013,click,2023-01-05 12:43:44
user_495,P092,view,2023-01-05 12:47:40
user_495,P005,view,2023-01-05 12:57:04
user_495,P090,view,2023-01-05 13:03:07
user_496,P094,view,2023-01-03 03:54:00
user_496,P082,view,2023-01-03 03:59:01
user_496,P057,view,2023-01-03 04:07:43
user_496,P041,view,2023-01-03 04:16:44
user_496,P043,click,2023-01-03 04:22:52
user_496,P074,add_to_cart,2023-01-03 04:24:19
user_496,P097,click,2023-01-03 04:32:00
user_496,P100,click,2023-01-03 04:33:38
user_496,P079,click,2023-01-03 04:37:00
user_497,P099,view,2023-01-21 20:01:00
user_497,P083,click,2023-01-21 20:01:26
user_497,P021,add_to_cart,2023-01-21 20:05:28
user_497,P036,view,2023-01-21 20:05:39
user_497,P030,view,2023-01-21 20:07:00
user_497,P029,click,2023-01-21 20:10:46
user_497,P020,view,2023-01-21 20:20:21
user_497,P085,view,2023-01-21 20:23:26
user_497,P096,view,2023-01-21 20:26:22
user_497,P035,view,2023-01-21 20:33:27
user_498,P068,click,2023-01-14 13:48:00
user_498,P031,add_to_cart,2023-01-14 13:57:17
user_498,P054,view,2023-01-14 14:03:22
user_498,P029,view,2023-01-14 14:08:13
user_498,P090,view,2023-01-14 14:11:23
user_498,P061,view,2023-01-14 14:13:18
user_498,P079,click,2023-01-14 14:22:17
user_498,P075,view,2023-01-14 14:30:57
user_499,P043,click,2023-01-19 23:58:00
user_499,P016,view,2023-01-20 00:04:56
user_499,P069,view,2023-01-20 00:10:33
user_499,P075,add_to_cart,2023-01-20 00:15:07
user_499,P082,click,2023-01-20 00:15:40
user_499,P094,click,2023-01-20 00:18:17
user_499,P040,view,2023-01-20 00:20:16
user_499,P032,click,2023-01-20 00:26:59
user_499,P049,view,2023-01-20 00:30:18
user_499,P082,add_to_cart,2023-01-20 00:36:07
user_499,P055,click,2023-01-20 00:41:28
user_499,P029,view,2023-01-20 00:46:05
user_499,P064,click,2023-01-20 00:49:30
user_499,P076,click,2023-01-20 00:58:00
user_499,P061,click,2023-01-20 01:01:20
user_499,P051,add_to_cart,2023-01-20 01:07:24
user_499,P098,view,2023-01-20 01:13:01
user_499,P091,click,2023-01-20 01:21:42
user_499,P010,view,2023-01-20 01:29:40
user_499,P021,view,2023-01-20 01:39:21
user_499,P022,add_to_cart,2023-01-20 01:42:22
user_499,P021,view,2023-01-20 01:51:34
user_499,P048,click,2023-01-20 01:53:09
user_500,P094,click,2023-01-16 01:43:00
user_500,P040,view,2023-01-16 01:52:12
user_500,P026,view,2023-01-16 01:52:46
user_500,P031,view,2023-01-16 02:01:01
user_500,P061,view,2023-01-16 02:05:18
user_500,P024,view,2023-01-16 02:11:44
user_500,P038,click,2023-01-16 02:18:47
user_500,P031,view,2023-01-16 02:27:22
user_500,P042,view,2023-01-16 02:28:23
user_500,P056,view,2023-01-16 02:30:28
